step,tag,value
0,train/reward,0.4825388491153717
0,train/actor_loss,0.021111397072672844
0,train/critic_loss,2.808838367462158
0,train/entropy,5.678606033325195
0,train/episode_length_steps,64.18393108902268
0,train/fps,3523.874846596085
10,train/reward,0.4664308428764343
10,train/actor_loss,-0.010815477930009365
10,train/critic_loss,0.5476940274238586
10,train/entropy,5.288023471832275
10,train/episode_length_steps,64.78670700778007
10,train/fps,25516.582072363297
20,train/reward,0.5284121036529541
20,train/actor_loss,-0.00845938641577959
20,train/critic_loss,1.2267918586730957
20,train/entropy,4.635525703430176
20,train/episode_length_steps,77.14060566600008
20,train/fps,35884.11244556212
30,train/reward,0.5996499061584473
30,train/actor_loss,-0.005954486317932606
30,train/critic_loss,3.1070213317871094
30,train/entropy,4.0508646965026855
30,train/episode_length_steps,98.91247950451803
30,train/fps,42671.32387093781
40,train/reward,0.6532134413719177
40,train/actor_loss,-0.001726537593640387
40,train/critic_loss,7.965244293212891
40,train/entropy,3.556852102279663
40,train/episode_length_steps,132.78074585823595
40,train/fps,46190.84797142622
50,train/reward,0.7476043701171875
50,train/actor_loss,-0.00048713872092776
50,train/critic_loss,12.959006309509277
50,train/entropy,3.1185710430145264
50,train/episode_length_steps,175.90462258967506
50,train/fps,48553.87215321435
60,train/reward,0.8239856958389282
60,train/actor_loss,-0.000809927296359092
60,train/critic_loss,12.109594345092773
60,train/entropy,2.7228026390075684
60,train/episode_length_steps,219.50289667726418
60,train/fps,50880.55500728871
70,train/reward,0.8976945877075195
70,train/actor_loss,-0.0007943377713672817
70,train/critic_loss,15.156559944152832
70,train/entropy,2.3656132221221924
70,train/episode_length_steps,317.26492845350543
70,train/fps,52116.289086074765
80,train/reward,0.9580609202384949
80,train/actor_loss,0.0001304904872085899
80,train/critic_loss,14.665492057800293
80,train/entropy,2.0235984325408936
80,train/episode_length_steps,374.35123724180636
80,train/fps,53514.484470516756
90,train/reward,1.0015491247177124
90,train/actor_loss,0.0014158254489302635
90,train/critic_loss,11.598681449890137
90,train/entropy,1.6776660680770874
90,train/episode_length_steps,476.3983909458252
90,train/fps,54643.103563698314
100,train/reward,1.0384330749511719
100,train/actor_loss,0.0015857585240155458
100,train/critic_loss,9.60167121887207
100,train/entropy,1.341262698173523
100,train/episode_length_steps,410.71525620670366
100,train/fps,55251.15192473157
110,train/reward,1.0738383531570435
110,train/actor_loss,0.0015402666758745909
110,train/critic_loss,8.496086120605469
110,train/entropy,1.0256012678146362
110,train/episode_length_steps,464.5783928400484
110,train/fps,56079.95489706362
120,train/reward,1.1070806980133057
120,train/actor_loss,0.0031177906785160303
120,train/critic_loss,5.4770684242248535
120,train/entropy,0.7234922051429749
120,train/episode_length_steps,536.8919200911878
120,train/fps,56664.72074860898
130,train/reward,1.1302306652069092
130,train/actor_loss,0.004364600870758295
130,train/critic_loss,4.06152868270874
130,train/entropy,0.4381495416164398
130,train/episode_length_steps,584.8006652107567
130,train/fps,57577.82232042066
140,train/reward,1.1482295989990234
140,train/actor_loss,0.0046549043618142605
140,train/critic_loss,3.0477874279022217
140,train/entropy,0.1566682755947113
140,train/episode_length_steps,564.6465114329891
140,train/fps,58110.93247582443
150,train/reward,1.168438196182251
150,train/actor_loss,0.012101264670491219
150,train/critic_loss,1.9570581912994385
150,train/entropy,-0.11143787950277328
150,train/episode_length_steps,626.745699462584
150,train/fps,58581.832314600535
160,train/reward,1.196274757385254
160,train/actor_loss,0.003190260846167803
160,train/critic_loss,0.9591987729072571
160,train/entropy,-0.38208916783332825
160,train/episode_length_steps,595.4270735573396
160,train/fps,59249.79280788399
170,train/reward,1.2212681770324707
170,train/actor_loss,0.004522641189396381
170,train/critic_loss,0.8966973423957825
170,train/entropy,-0.6601197123527527
170,train/episode_length_steps,689.3770629978882
170,train/fps,59605.414420887806
180,train/reward,1.2394615411758423
180,train/actor_loss,0.006186824757605791
180,train/critic_loss,0.7653818726539612
180,train/entropy,-0.939118504524231
180,train/episode_length_steps,727.6479207318547
180,train/fps,60155.18812758028
190,train/reward,1.2485874891281128
190,train/actor_loss,0.00778845464810729
190,train/critic_loss,0.543144166469574
190,train/entropy,-1.1957918405532837
190,train/episode_length_steps,752.7203416056614
190,train/fps,60443.5738193714
200,train/reward,1.2626268863677979
200,train/actor_loss,0.009825226850807667
200,train/critic_loss,0.49935802817344666
200,train/entropy,-1.457050085067749
200,train/episode_length_steps,770.4177635464497
200,train/fps,60917.14161533469
210,train/reward,1.2783628702163696
210,train/actor_loss,0.00915168784558773
210,train/critic_loss,0.2649901211261749
210,train/entropy,-1.7066570520401
210,train/episode_length_steps,903.12844929582
210,train/fps,61142.793182181
220,train/reward,1.290285587310791
220,train/actor_loss,0.01349602546542883
220,train/critic_loss,0.43267685174942017
220,train/entropy,-1.9402881860733032
220,train/episode_length_steps,1064.4916662465182
220,train/fps,61344.18237486487
230,train/reward,1.2962541580200195
230,train/actor_loss,0.008883307687938213
230,train/critic_loss,0.20013728737831116
230,train/entropy,-2.208409547805786
230,train/episode_length_steps,909.3944711658012
230,train/fps,61716.11858420896
240,train/reward,1.3092725276947021
240,train/actor_loss,0.011716811917722225
240,train/critic_loss,0.1297888308763504
240,train/entropy,-2.464348554611206
240,train/episode_length_steps,867.2736735434524
240,train/fps,61887.279114118624
250,train/reward,1.316638708114624
250,train/actor_loss,0.014823189936578274
250,train/critic_loss,0.09575136005878448
250,train/entropy,-2.7151429653167725
250,train/episode_length_steps,977.1934127239363
250,train/fps,62220.09983483938
260,train/reward,1.327512264251709
260,train/actor_loss,0.0192917101085186
260,train/critic_loss,0.08289043605327606
260,train/entropy,-2.9573771953582764
260,train/episode_length_steps,1158.5853265847247
260,train/fps,62358.73728191695
270,train/reward,1.3275160789489746
270,train/actor_loss,0.02144475281238556
270,train/critic_loss,0.24457769095897675
270,train/entropy,-3.165435552597046
270,train/episode_length_steps,1190.1455022611601
270,train/fps,62653.262417698104
280,train/reward,1.2782458066940308
280,train/actor_loss,0.028025055304169655
280,train/critic_loss,0.4610086977481842
280,train/entropy,-3.2013962268829346
280,train/episode_length_steps,711.8407478776858
280,train/fps,62766.619739894624
290,train/reward,1.286188006401062
290,train/actor_loss,0.01979309879243374
290,train/critic_loss,0.4848797917366028
290,train/entropy,-3.2321598529815674
290,train/episode_length_steps,948.8958429280851
290,train/fps,62872.191660473196
300,train/reward,1.273449420928955
300,train/actor_loss,0.019049091264605522
300,train/critic_loss,0.2798325717449188
300,train/entropy,-3.332598924636841
300,train/episode_length_steps,844.9113276288067
300,train/fps,63132.228260684074
310,train/reward,1.2826489210128784
310,train/actor_loss,0.014051534235477448
310,train/critic_loss,0.32324013113975525
310,train/entropy,-3.4425034523010254
310,train/episode_length_steps,1138.4589557196166
310,train/fps,63208.88433169832
320,train/reward,1.2830266952514648
320,train/actor_loss,0.015514962375164032
320,train/critic_loss,0.34994322061538696
320,train/entropy,-3.5375587940216064
320,train/episode_length_steps,955.8154697427
320,train/fps,63454.44803672733
330,train/reward,1.2803750038146973
330,train/actor_loss,0.016581514850258827
330,train/critic_loss,0.39413273334503174
330,train/entropy,-3.627880811691284
330,train/episode_length_steps,873.0504502092679
330,train/fps,63516.212135184076
340,train/reward,1.2863930463790894
340,train/actor_loss,0.021621456369757652
340,train/critic_loss,0.4425655007362366
340,train/entropy,-3.667147397994995
340,train/episode_length_steps,867.2736735434524
340,train/fps,63735.56225412725
350,train/reward,1.272765874862671
350,train/actor_loss,0.026021847501397133
350,train/critic_loss,0.44939732551574707
350,train/entropy,-3.6893231868743896
350,train/episode_length_steps,700.4288416623831
350,train/fps,63788.51127624797
360,train/reward,1.2852938175201416
360,train/actor_loss,0.01778874732553959
360,train/critic_loss,0.30833303928375244
360,train/entropy,-3.7495877742767334
360,train/episode_length_steps,818.5294606658226
360,train/fps,63988.78914398409
370,train/reward,1.2940757274627686
370,train/actor_loss,0.017373589798808098
370,train/critic_loss,0.34809401631355286
370,train/entropy,-3.832427978515625
370,train/episode_length_steps,784.2467497605712
370,train/fps,64034.365853557916
380,train/reward,1.2911875247955322
380,train/actor_loss,0.01831858418881893
380,train/critic_loss,0.36341267824172974
380,train/entropy,-3.882550001144409
380,train/episode_length_steps,735.817724153145
380,train/fps,64081.73420962225
390,train/reward,1.2901523113250732
390,train/actor_loss,0.017198776826262474
390,train/critic_loss,0.3300260603427887
390,train/entropy,-3.9309005737304688
390,train/episode_length_steps,784.2467497605712
390,train/fps,64255.71795766632
400,train/reward,1.303912878036499
400,train/actor_loss,0.018570899963378906
400,train/critic_loss,0.20245566964149475
400,train/entropy,-4.029543399810791
400,train/episode_length_steps,915.7480494521833
400,train/fps,64270.22353942592
410,train/reward,1.299700379371643
410,train/actor_loss,0.014258764684200287
410,train/critic_loss,0.21394339203834534
410,train/entropy,-4.10921049118042
410,train/episode_length_steps,798.5812704616955
410,train/fps,64434.097576172455
420,train/reward,1.3015131950378418
420,train/actor_loss,0.025520330294966698
420,train/critic_loss,0.21641774475574493
420,train/entropy,-4.143362045288086
420,train/episode_length_steps,828.8820049231059
420,train/fps,64467.139981248714
430,train/reward,1.3129022121429443
430,train/actor_loss,0.016759196296334267
430,train/critic_loss,0.271075963973999
430,train/entropy,-4.179145336151123
430,train/episode_length_steps,1030.9989362789295
430,train/fps,64611.714645285996
440,train/reward,1.3088855743408203
440,train/actor_loss,0.02657846175134182
440,train/critic_loss,0.5507736206054688
440,train/entropy,-4.219728946685791
440,train/episode_length_steps,723.6306755806095
440,train/fps,64642.218150651956
450,train/reward,1.293764591217041
450,train/actor_loss,0.02069113589823246
450,train/critic_loss,0.8458335995674133
450,train/entropy,-4.159401893615723
450,train/episode_length_steps,715.7278039632729
450,train/fps,64640.94637092377
460,train/reward,1.2961509227752686
460,train/actor_loss,0.019054466858506203
460,train/critic_loss,0.3168846368789673
460,train/entropy,-4.199055194854736
460,train/episode_length_steps,915.7480494521833
460,train/fps,64795.58229670785
470,train/reward,1.3148088455200195
470,train/actor_loss,0.017390020191669464
470,train/critic_loss,0.22662408649921417
470,train/entropy,-4.223534107208252
470,train/episode_length_steps,1007.2306174500739
470,train/fps,64795.75391658745
480,train/reward,1.308577299118042
480,train/actor_loss,0.016599461436271667
480,train/critic_loss,0.24175012111663818
480,train/entropy,-4.272276401519775
480,train/episode_length_steps,798.5812704616955
480,train/fps,64937.14750728614
490,train/reward,1.3089901208877563
490,train/actor_loss,0.01678505912423134
490,train/critic_loss,0.36315932869911194
490,train/entropy,-4.266948223114014
490,train/episode_length_steps,873.0504502092679
490,train/fps,64947.993747038745
500,train/reward,1.317609190940857
500,train/actor_loss,0.018838275223970413
500,train/critic_loss,0.20330598950386047
500,train/entropy,-4.187422275543213
500,train/episode_length_steps,922.191032232558
500,train/fps,65078.57510434387
510,train/reward,1.3155537843704224
510,train/actor_loss,0.019192641600966454
510,train/critic_loss,0.20390498638153076
510,train/entropy,-4.196059226989746
510,train/episode_length_steps,878.9046993506491
510,train/fps,64680.534983679514
520,train/reward,1.3216056823730469
520,train/actor_loss,0.01676309108734131
520,train/critic_loss,0.19958965480327606
520,train/entropy,-4.220566749572754
520,train/episode_length_steps,948.8958429280851
520,train/fps,64705.602992107335
530,train/reward,1.3225984573364258
530,train/actor_loss,0.015857437625527382
530,train/critic_loss,0.139657124876976
530,train/entropy,-4.2866668701171875
530,train/episode_length_steps,942.0756852933614
530,train/fps,64832.157929731926
540,train/reward,1.3250696659088135
540,train/actor_loss,0.02038666605949402
540,train/critic_loss,0.29731646180152893
540,train/entropy,-4.38196325302124
540,train/episode_length_steps,1030.9989362789295
540,train/fps,64850.92428020048
550,train/reward,1.322049617767334
550,train/actor_loss,0.02199823223054409
550,train/critic_loss,0.1248898133635521
550,train/entropy,-4.466447830200195
550,train/episode_length_steps,1039.1729644539928
550,train/fps,64816.28879017406
560,train/reward,1.3223739862442017
560,train/actor_loss,0.01946292258799076
560,train/critic_loss,0.16128510236740112
560,train/entropy,-4.615315914154053
560,train/episode_length_steps,969.9619640403653
560,train/fps,64840.80399379947
570,train/reward,1.334989309310913
570,train/actor_loss,0.025427496060729027
570,train/critic_loss,0.08256351947784424
570,train/entropy,-4.655269145965576
570,train/episode_length_steps,1055.9161206631647
570,train/fps,64756.10092781303
580,train/reward,1.3296144008636475
580,train/actor_loss,0.02193586528301239
580,train/critic_loss,0.19209815561771393
580,train/entropy,-4.676855564117432
580,train/episode_length_steps,861.5728416085835
580,train/fps,64775.42944056188
590,train/reward,1.3270647525787354
590,train/actor_loss,0.023135965690016747
590,train/critic_loss,0.18666696548461914
590,train/entropy,-4.748807430267334
590,train/episode_length_steps,850.393099192874
590,train/fps,64687.65286539468
600,train/reward,1.3312416076660156
600,train/actor_loss,0.03223239257931709
600,train/critic_loss,0.1336420774459839
600,train/entropy,-4.84852409362793
600,train/episode_length_steps,977.1934127239363
600,train/fps,64619.64017328505
610,train/reward,1.3352833986282349
610,train/actor_loss,0.025352999567985535
610,train/critic_loss,0.12680113315582275
610,train/entropy,-4.905330657958984
610,train/episode_length_steps,903.12844929582
610,train/fps,64627.86428984769
620,train/reward,1.334184169769287
620,train/actor_loss,0.01943841204047203
620,train/critic_loss,0.10633218288421631
620,train/entropy,-4.966839790344238
620,train/episode_length_steps,813.4495623538085
620,train/fps,64563.79874488575
630,train/reward,1.3402708768844604
630,train/actor_loss,0.019447404891252518
630,train/critic_loss,0.062214143574237823
630,train/entropy,-5.056708812713623
630,train/episode_length_steps,1128.6557313446654
630,train/fps,64498.055158527495
640,train/reward,1.344062089920044
640,train/actor_loss,0.024106813594698906
640,train/critic_loss,0.0879669189453125
640,train/entropy,-5.195145606994629
640,train/episode_length_steps,955.8154697427
640,train/fps,64509.80418468454
650,train/reward,1.3447883129119873
650,train/actor_loss,0.025675786659121513
650,train/critic_loss,0.0642564669251442
650,train/entropy,-5.357751846313477
650,train/episode_length_steps,942.0756852933614
650,train/fps,64449.37140686753
660,train/reward,1.3493919372558594
660,train/actor_loss,0.016589881852269173
660,train/critic_loss,0.05210081860423088
660,train/entropy,-5.506377220153809
660,train/episode_length_steps,850.393099192874
660,train/fps,64563.140986297956
670,train/reward,1.3472847938537598
670,train/actor_loss,0.03134087473154068
670,train/critic_loss,0.0944153293967247
670,train/entropy,-5.594621181488037
670,train/episode_length_steps,955.8154697427
670,train/fps,64589.84554719553
680,train/reward,1.3475501537322998
680,train/actor_loss,0.02344324067234993
680,train/critic_loss,0.14910903573036194
680,train/entropy,-5.587855339050293
680,train/episode_length_steps,984.5334979350276
680,train/fps,64635.38976223047
690,train/reward,1.3305306434631348
690,train/actor_loss,0.0340094119310379
690,train/critic_loss,1.5609673261642456
690,train/entropy,-5.626383304595947
690,train/episode_length_steps,430.9720777231206
690,train/fps,64665.897424216324
700,train/reward,1.2741141319274902
700,train/actor_loss,0.023908207193017006
700,train/critic_loss,0.7312094569206238
700,train/entropy,-5.55099630355835
700,train/episode_length_steps,353.16902811090955
700,train/fps,64642.77676851194
710,train/reward,1.2575793266296387
710,train/actor_loss,0.023159196600317955
710,train/critic_loss,0.5867586135864258
710,train/entropy,-5.497209072113037
710,train/episode_length_steps,361.9462955114771
710,train/fps,64650.28713096218
720,train/reward,1.284734845161438
720,train/actor_loss,0.028020281344652176
720,train/critic_loss,0.35981446504592896
720,train/entropy,-5.410430431365967
720,train/episode_length_steps,577.0764820763933
720,train/fps,64588.33310196725
730,train/reward,1.3112844228744507
730,train/actor_loss,0.016504308208823204
730,train/critic_loss,0.3019396960735321
730,train/entropy,-5.362462520599365
730,train/episode_length_steps,612.1110718578947
730,train/fps,64525.454551209805
740,train/reward,1.3067352771759033
740,train/actor_loss,0.0344163216650486
740,train/critic_loss,0.3009413182735443
740,train/entropy,-5.364562034606934
740,train/episode_length_steps,524.0132661327258
740,train/fps,64535.90894961482
750,train/reward,1.306026816368103
750,train/actor_loss,0.027887945994734764
750,train/critic_loss,0.1906810998916626
750,train/entropy,-5.380529403686523
750,train/episode_length_steps,513.7437748076409
750,train/fps,64481.256829857615
760,train/reward,1.31210196018219
760,train/actor_loss,0.020376121625304222
760,train/critic_loss,0.17560115456581116
760,train/entropy,-5.327157497406006
760,train/episode_length_steps,612.1110718578947
760,train/fps,64491.432211387946
770,train/reward,1.303016185760498
770,train/actor_loss,0.044256582856178284
770,train/critic_loss,0.24659769237041473
770,train/entropy,-5.351905345916748
770,train/episode_length_steps,664.8977184073752
770,train/fps,64437.9752746011
780,train/reward,1.3088698387145996
780,train/actor_loss,0.030239654704928398
780,train/critic_loss,0.23160278797149658
780,train/entropy,-5.365015506744385
780,train/episode_length_steps,752.7203416056614
780,train/fps,64385.74023389676
790,train/reward,1.3181583881378174
790,train/actor_loss,0.023214731365442276
790,train/critic_loss,0.18553438782691956
790,train/entropy,-5.351646900177002
790,train/episode_length_steps,850.393099192874
790,train/fps,64403.55643740387
800,train/reward,1.311672329902649
800,train/actor_loss,0.02423979714512825
800,train/critic_loss,0.1871003806591034
800,train/entropy,-5.380709171295166
800,train/episode_length_steps,682.2009508175753
800,train/fps,64334.50438407728
810,train/reward,1.3017981052398682
810,train/actor_loss,0.02123384177684784
810,train/critic_loss,0.16656479239463806
810,train/entropy,-5.41853666305542
810,train/episode_length_steps,711.8407478776858
810,train/fps,64291.92087328048
820,train/reward,1.3125007152557373
820,train/actor_loss,0.025018779560923576
820,train/critic_loss,0.18927083909511566
820,train/entropy,-5.473405361175537
820,train/episode_length_steps,867.2736735434524
820,train/fps,64305.60505474396
830,train/reward,1.3090112209320068
830,train/actor_loss,0.046331197023391724
830,train/critic_loss,0.1729239672422409
830,train/entropy,-5.4717631340026855
830,train/episode_length_steps,774.9729156804493
830,train/fps,64254.81058420649
840,train/reward,1.3228294849395752
840,train/actor_loss,0.03531629964709282
840,train/critic_loss,0.1499454230070114
840,train/entropy,-5.536276340484619
840,train/episode_length_steps,696.70575204079
840,train/fps,64267.49582768877
850,train/reward,1.3316164016723633
850,train/actor_loss,0.02641346864402294
850,train/critic_loss,0.11906086653470993
850,train/entropy,-5.596909999847412
850,train/episode_length_steps,788.9674003909396
850,train/fps,64285.489010010526
860,train/reward,1.332169532775879
860,train/actor_loss,0.02365630678832531
860,train/critic_loss,0.10222726315259933
860,train/entropy,-5.642790794372559
860,train/episode_length_steps,779.5822535408565
860,train/fps,64315.14060325742
870,train/reward,1.335525393486023
870,train/actor_loss,0.03624836727976799
870,train/critic_loss,0.10470415651798248
870,train/entropy,-5.724033355712891
870,train/episode_length_steps,774.9729156804493
870,train/fps,64361.27558936366
880,train/reward,1.3419818878173828
880,train/actor_loss,0.01820620894432068
880,train/critic_loss,0.0687086433172226
880,train/entropy,-5.797050476074219
880,train/episode_length_steps,798.5812704616955
880,train/fps,64315.24336063685
890,train/reward,1.3446462154388428
890,train/actor_loss,0.039579857140779495
890,train/critic_loss,0.06483220309019089
890,train/entropy,-5.897774696350098
890,train/episode_length_steps,878.9046993506491
890,train/fps,64325.09080402631
900,train/reward,1.331536054611206
900,train/actor_loss,0.04136873409152031
900,train/critic_loss,0.06875576823949814
900,train/entropy,-5.901865482330322
900,train/episode_length_steps,715.7278039632729
900,train/fps,64276.872214464405
910,train/reward,1.3335456848144531
910,train/actor_loss,0.03057287447154522
910,train/critic_loss,0.14205238223075867
910,train/entropy,-5.858783721923828
910,train/episode_length_steps,704.1919363146418
910,train/fps,64233.90280300297
920,train/reward,1.334409475326538
920,train/actor_loss,0.029925866052508354
920,train/critic_loss,0.07080824673175812
920,train/entropy,-5.820841312408447
920,train/episode_length_steps,813.4495623538085
920,train/fps,64259.77789842288
930,train/reward,1.316692590713501
930,train/actor_loss,0.06592715531587601
930,train/critic_loss,0.22590553760528564
930,train/entropy,-5.6553754806518555
930,train/episode_length_steps,793.7452256108409
930,train/fps,64244.70181515875
940,train/reward,1.3229113817214966
940,train/actor_loss,0.02665637992322445
940,train/critic_loss,0.18815205991268158
940,train/entropy,-5.448306560516357
940,train/episode_length_steps,818.5294606658226
940,train/fps,64256.42299864468
950,train/reward,1.3371891975402832
950,train/actor_loss,0.025686506181955338
950,train/critic_loss,0.21397963166236877
950,train/entropy,-5.404833793640137
950,train/episode_length_steps,839.499776188048
950,train/fps,64244.759755639854
960,train/reward,1.3231666088104248
960,train/actor_loss,0.02010819874703884
960,train/critic_loss,0.26281559467315674
960,train/entropy,-5.340302467346191
960,train/episode_length_steps,850.393099192874
960,train/fps,64254.64426597722
970,train/reward,1.32832670211792
970,train/actor_loss,0.02819361351430416
970,train/critic_loss,0.2823013365268707
970,train/entropy,-5.356250286102295
970,train/episode_length_steps,774.9729156804493
970,train/fps,64326.88904093771
980,train/reward,1.329664707183838
980,train/actor_loss,0.024007832631468773
980,train/critic_loss,0.23134449124336243
980,train/entropy,-5.33060359954834
980,train/episode_length_steps,977.1934127239363
980,train/fps,64291.36324171275
990,train/reward,1.3259172439575195
990,train/actor_loss,0.017222633585333824
990,train/critic_loss,0.1881660521030426
990,train/entropy,-5.350656032562256
990,train/episode_length_steps,735.817724153145
990,train/fps,64306.01510562979
1000,train/reward,1.328080177307129
1000,train/actor_loss,0.03383753448724747
1000,train/critic_loss,0.25776535272598267
1000,train/entropy,-5.3693060874938965
1000,train/episode_length_steps,813.4495623538085
1000,train/fps,64265.44050222901
1000,eval/med_figure8_normal,1.0864472389221191
1010,train/reward,1.332728385925293
1010,train/actor_loss,0.015586535446345806
1010,train/critic_loss,0.16177281737327576
1010,train/entropy,-5.35676383972168
1010,train/episode_length_steps,955.8154697427
1010,train/fps,63797.186064172754
1020,train/reward,1.3334434032440186
1020,train/actor_loss,0.015419797971844673
1020,train/critic_loss,0.1670517921447754
1020,train/entropy,-5.402339458465576
1020,train/episode_length_steps,774.9729156804493
1020,train/fps,63770.64265872256
1030,train/reward,1.3332524299621582
1030,train/actor_loss,0.02463357523083687
1030,train/critic_loss,0.1333032250404358
1030,train/entropy,-5.452846050262451
1030,train/episode_length_steps,962.8367577976614
1030,train/fps,63798.35215222441
1040,train/reward,1.3369578123092651
1040,train/actor_loss,0.030532652512192726
1040,train/critic_loss,0.07412686198949814
1040,train/entropy,-5.500369071960449
1040,train/episode_length_steps,909.3944711658012
1040,train/fps,63764.648769083804
1050,train/reward,1.3456021547317505
1050,train/actor_loss,0.018525755032896996
1050,train/critic_loss,0.07728564739227295
1050,train/entropy,-5.552706241607666
1050,train/episode_length_steps,962.8367577976614
1050,train/fps,63727.60235706708
1060,train/reward,1.333137035369873
1060,train/actor_loss,0.02022683434188366
1060,train/critic_loss,0.1491784155368805
1060,train/entropy,-5.566195487976074
1060,train/episode_length_steps,731.7100184606722
1060,train/fps,63741.803965219755
1070,train/reward,1.337396502494812
1070,train/actor_loss,0.017966298386454582
1070,train/critic_loss,0.13695064187049866
1070,train/entropy,-5.547661781311035
1070,train/episode_length_steps,793.7452256108409
1070,train/fps,63700.605132565914
1080,train/reward,1.339700698852539
1080,train/actor_loss,0.01992919109761715
1080,train/critic_loss,0.185519739985466
1080,train/entropy,-5.558542251586914
1080,train/episode_length_steps,1022.9524966434373
1080,train/fps,63714.13697025939
1090,train/reward,1.3341236114501953
1090,train/actor_loss,0.01947738602757454
1090,train/critic_loss,0.3311069905757904
1090,train/entropy,-5.555465221405029
1090,train/episode_length_steps,962.8367577976614
1090,train/fps,63679.71632876417
1100,train/reward,1.3306444883346558
1100,train/actor_loss,0.020072637125849724
1100,train/critic_loss,0.2254563570022583
1100,train/entropy,-5.525509834289551
1100,train/episode_length_steps,793.7452256108409
1100,train/fps,63635.69610450238
1110,train/reward,1.3312931060791016
1110,train/actor_loss,0.020505039021372795
1110,train/critic_loss,0.16146154701709747
1110,train/entropy,-5.518153667449951
1110,train/episode_length_steps,813.4495623538085
1110,train/fps,63654.82536754012
1120,train/reward,1.3292131423950195
1120,train/actor_loss,0.01632947102189064
1120,train/critic_loss,0.20293855667114258
1120,train/entropy,-5.504119396209717
1120,train/episode_length_steps,867.2736735434524
1120,train/fps,63617.00242343402
1130,train/reward,1.3349683284759521
1130,train/actor_loss,0.02130713127553463
1130,train/critic_loss,0.1793871521949768
1130,train/entropy,-5.4846696853637695
1130,train/episode_length_steps,1022.9524966434373
1130,train/fps,63581.257654386136
1140,train/reward,1.3368017673492432
1140,train/actor_loss,0.02048175223171711
1140,train/critic_loss,0.1305122971534729
1140,train/entropy,-5.523946285247803
1140,train/episode_length_steps,896.9481863514969
1140,train/fps,63604.724209800486
1150,train/reward,1.333665132522583
1150,train/actor_loss,0.017352307215332985
1150,train/critic_loss,0.1455320566892624
1150,train/entropy,-5.569526195526123
1150,train/episode_length_steps,915.7480494521833
1150,train/fps,63572.52655404703
1160,train/reward,1.3297797441482544
1160,train/actor_loss,0.019289158284664154
1160,train/critic_loss,0.15179987251758575
1160,train/entropy,-5.608334541320801
1160,train/episode_length_steps,834.1571042040623
1160,train/fps,63588.88595894322
1170,train/reward,1.3309073448181152
1170,train/actor_loss,0.018759246915578842
1170,train/critic_loss,0.11142243444919586
1170,train/entropy,-5.6361403465271
1170,train/episode_length_steps,788.9674003909396
1170,train/fps,63557.130214333985
1180,train/reward,1.3349989652633667
1180,train/actor_loss,0.017263997346162796
1180,train/critic_loss,0.06749613583087921
1180,train/entropy,-5.658446311950684
1180,train/episode_length_steps,844.9113276288067
1180,train/fps,63521.35626622083
1190,train/reward,1.3313713073730469
1190,train/actor_loss,0.023255744948983192
1190,train/critic_loss,0.09432979673147202
1190,train/entropy,-5.698888301849365
1190,train/episode_length_steps,828.8820049231059
1190,train/fps,63539.36977054604
1200,train/reward,1.337268352508545
1200,train/actor_loss,0.020897582173347473
1200,train/critic_loss,0.14372684061527252
1200,train/entropy,-5.719568729400635
1200,train/episode_length_steps,1082.0675309469727
1200,train/fps,63514.140940383564
1210,train/reward,1.3342138528823853
1210,train/actor_loss,0.016621647402644157
1210,train/critic_loss,0.09842881560325623
1210,train/entropy,-5.731417655944824
1210,train/episode_length_steps,991.9846862364063
1210,train/fps,63479.089504468335
1220,train/reward,1.3409377336502075
1220,train/actor_loss,0.012902545742690563
1220,train/critic_loss,0.10685215145349503
1220,train/entropy,-5.782716751098633
1220,train/episode_length_steps,779.5822535408565
1220,train/fps,63479.533199545316
1230,train/reward,1.341982364654541
1230,train/actor_loss,0.02214839681982994
1230,train/critic_loss,0.12716926634311676
1230,train/entropy,-5.839526653289795
1230,train/episode_length_steps,915.7480494521833
1230,train/fps,63438.644753972854
1240,train/reward,1.343712329864502
1240,train/actor_loss,0.028715074062347412
1240,train/critic_loss,0.1335444450378418
1240,train/entropy,-5.868670463562012
1240,train/episode_length_steps,793.7452256108409
1240,train/fps,63441.58096488942
1250,train/reward,1.3343913555145264
1250,train/actor_loss,0.02062341384589672
1250,train/critic_loss,0.12195282429456711
1250,train/entropy,-5.873144149780273
1250,train/episode_length_steps,839.499776188048
1250,train/fps,63410.818126958184
1260,train/reward,1.3376206159591675
1260,train/actor_loss,0.02026725932955742
1260,train/critic_loss,0.15646199882030487
1260,train/entropy,-5.850701808929443
1260,train/episode_length_steps,955.8154697427
1260,train/fps,63389.15190266031
1270,train/reward,1.3426400423049927
1270,train/actor_loss,0.018492713570594788
1270,train/critic_loss,0.16458523273468018
1270,train/entropy,-5.861210823059082
1270,train/episode_length_steps,942.0756852933614
1270,train/fps,63396.26252236338
1280,train/reward,1.337515115737915
1280,train/actor_loss,0.0295163094997406
1280,train/critic_loss,0.06857572495937347
1280,train/entropy,-5.894878387451172
1280,train/episode_length_steps,962.8367577976614
1280,train/fps,63370.94610393723
1290,train/reward,1.34037184715271
1290,train/actor_loss,0.019623273983597755
1290,train/critic_loss,0.08685856312513351
1290,train/entropy,-5.926483154296875
1290,train/episode_length_steps,948.8958429280851
1290,train/fps,63348.99082704494
1300,train/reward,1.3408446311950684
1300,train/actor_loss,0.02190544269979
1300,train/critic_loss,0.15022708475589752
1300,train/entropy,-5.968579292297363
1300,train/episode_length_steps,1168.9177465457567
1300,train/fps,63363.66049561135
1310,train/reward,1.3452519178390503
1310,train/actor_loss,0.024350490421056747
1310,train/critic_loss,0.07306214421987534
1310,train/entropy,-6.029460430145264
1310,train/episode_length_steps,808.432328135103
1310,train/fps,63416.24612380857
1320,train/reward,1.343764066696167
1320,train/actor_loss,0.039382174611091614
1320,train/critic_loss,0.11149599403142929
1320,train/entropy,-6.031428337097168
1320,train/episode_length_steps,903.12844929582
1320,train/fps,63421.29994471455
1330,train/reward,1.3474231958389282
1330,train/actor_loss,0.013475494459271431
1330,train/critic_loss,0.06679357588291168
1330,train/entropy,-6.081800937652588
1330,train/episode_length_steps,1138.4589557196166
1330,train/fps,63480.61974979972
1340,train/reward,1.3504992723464966
1340,train/actor_loss,0.015670455992221832
1340,train/critic_loss,0.13648167252540588
1340,train/entropy,-6.144117832183838
1340,train/episode_length_steps,1223.4732421981178
1340,train/fps,63507.91394011886
1350,train/reward,1.3502836227416992
1350,train/actor_loss,0.016134845092892647
1350,train/critic_loss,0.05651270970702171
1350,train/entropy,-6.185102939605713
1350,train/episode_length_steps,955.8154697427
1350,train/fps,63537.272469511954
1360,train/reward,1.3485724925994873
1360,train/actor_loss,0.019947746768593788
1360,train/critic_loss,0.08650895208120346
1360,train/entropy,-6.248213291168213
1360,train/episode_length_steps,855.9464665668899
1360,train/fps,63597.95001840194
1370,train/reward,1.3482046127319336
1370,train/actor_loss,0.01886323094367981
1370,train/critic_loss,0.1444631963968277
1370,train/entropy,-6.250147342681885
1370,train/episode_length_steps,844.9113276288067
1370,train/fps,63627.635635815066
1380,train/reward,1.3493800163269043
1380,train/actor_loss,0.022166658192873
1380,train/critic_loss,0.052863407880067825
1380,train/entropy,-6.2401604652404785
1380,train/episode_length_steps,1064.4916662465182
1380,train/fps,63687.631037843836
1390,train/reward,1.353532075881958
1390,train/actor_loss,0.01942761056125164
1390,train/critic_loss,0.06295611709356308
1390,train/entropy,-6.295131206512451
1390,train/episode_length_steps,1073.207643669909
1390,train/fps,63715.0500816031
1400,train/reward,1.3541202545166016
1400,train/actor_loss,0.02050076611340046
1400,train/critic_loss,0.03682418540120125
1400,train/entropy,-6.350658893585205
1400,train/episode_length_steps,1138.4589557196166
1400,train/fps,63773.79463176207
1410,train/reward,1.3531328439712524
1410,train/actor_loss,0.025359347462654114
1410,train/critic_loss,0.06392677873373032
1410,train/entropy,-6.4179606437683105
1410,train/episode_length_steps,942.0756852933614
1410,train/fps,63803.105147491195
1420,train/reward,1.3563947677612305
1420,train/actor_loss,0.01723654381930828
1420,train/critic_loss,0.051264066249132156
1420,train/entropy,-6.419813632965088
1420,train/episode_length_steps,991.9846862364063
1420,train/fps,63863.22058082037
1430,train/reward,1.357548713684082
1430,train/actor_loss,0.018518930301070213
1430,train/critic_loss,0.02811460755765438
1430,train/entropy,-6.5387115478515625
1430,train/episode_length_steps,896.9481863514969
1430,train/fps,63893.93252275325
1440,train/reward,1.3562026023864746
1440,train/actor_loss,0.015356451272964478
1440,train/critic_loss,0.04718611761927605
1440,train/entropy,-6.655985355377197
1440,train/episode_length_steps,896.9481863514969
1440,train/fps,63905.67618427111
1450,train/reward,1.3526389598846436
1450,train/actor_loss,0.026018768548965454
1450,train/critic_loss,0.04980214685201645
1450,train/entropy,-6.636144161224365
1450,train/episode_length_steps,1015.0306813839508
1450,train/fps,63949.54347218906
1460,train/reward,1.3520967960357666
1460,train/actor_loss,0.03069441393017769
1460,train/critic_loss,0.061770886182785034
1460,train/entropy,-6.63436222076416
1460,train/episode_length_steps,991.9846862364063
1460,train/fps,63956.218216104404
1470,train/reward,1.3537960052490234
1470,train/actor_loss,0.026796281337738037
1470,train/critic_loss,0.11568037420511246
1470,train/entropy,-6.532540321350098
1470,train/episode_length_steps,922.191032232558
1470,train/fps,63985.623937782984
1480,train/reward,1.355994701385498
1480,train/actor_loss,0.024295901879668236
1480,train/critic_loss,0.06577836722135544
1480,train/entropy,-6.464582920074463
1480,train/episode_length_steps,977.1934127239363
1480,train/fps,63996.86421258829
1490,train/reward,1.3540982007980347
1490,train/actor_loss,0.025212734937667847
1490,train/critic_loss,0.10206016153097153
1490,train/entropy,-6.414597511291504
1490,train/episode_length_steps,915.7480494521833
1490,train/fps,64008.48665527911
1500,train/reward,1.3489294052124023
1500,train/actor_loss,0.02455543540418148
1500,train/critic_loss,0.0919015184044838
1500,train/entropy,-6.343568325042725
1500,train/episode_length_steps,903.12844929582
1500,train/fps,64049.31758154643
1510,train/reward,1.3493692874908447
1510,train/actor_loss,0.04447615519165993
1510,train/critic_loss,0.1435176134109497
1510,train/entropy,-6.311404705047607
1510,train/episode_length_steps,1030.9989362789295
1510,train/fps,64055.53644803139
1520,train/reward,1.3538755178451538
1520,train/actor_loss,0.01991821639239788
1520,train/critic_loss,0.08499594777822495
1520,train/entropy,-6.295684337615967
1520,train/episode_length_steps,1039.1729644539928
1520,train/fps,64095.783223964885
1530,train/reward,1.3521924018859863
1530,train/actor_loss,0.022023871541023254
1530,train/critic_loss,0.038352858275175095
1530,train/entropy,-6.32373046875
1530,train/episode_length_steps,991.9846862364063
1530,train/fps,64106.356302710214
1540,train/reward,1.356632947921753
1540,train/actor_loss,0.018673613667488098
1540,train/critic_loss,0.10814183950424194
1540,train/entropy,-6.341438293457031
1540,train/episode_length_steps,955.8154697427
1540,train/fps,64146.3610259688
1550,train/reward,1.3602452278137207
1550,train/actor_loss,0.013447776436805725
1550,train/critic_loss,0.11526540666818619
1550,train/entropy,-6.396347999572754
1550,train/episode_length_steps,1082.0675309469727
1550,train/fps,64156.0133925462
1560,train/reward,1.3576319217681885
1560,train/actor_loss,0.021111777052283287
1560,train/critic_loss,0.08535917848348618
1560,train/entropy,-6.406112194061279
1560,train/episode_length_steps,808.432328135103
1560,train/fps,64163.922583853055
1570,train/reward,1.3559541702270508
1570,train/actor_loss,0.017097024247050285
1570,train/critic_loss,0.09358566254377365
1570,train/entropy,-6.397764205932617
1570,train/episode_length_steps,962.8367577976614
1570,train/fps,64196.404940412096
1580,train/reward,1.3553657531738281
1580,train/actor_loss,0.026307811960577965
1580,train/critic_loss,0.03399810194969177
1580,train/entropy,-6.391173839569092
1580,train/episode_length_steps,1082.0675309469727
1580,train/fps,64201.81454955297
1590,train/reward,1.3588237762451172
1590,train/actor_loss,0.02330794744193554
1590,train/critic_loss,0.10271568596363068
1590,train/entropy,-6.436687469482422
1590,train/episode_length_steps,1283.3704516486423
1590,train/fps,64218.29560433486
1600,train/reward,1.3541566133499146
1600,train/actor_loss,0.017336785793304443
1600,train/critic_loss,0.06946312636137009
1600,train/entropy,-6.487432956695557
1600,train/episode_length_steps,878.9046993506491
1600,train/fps,64223.67098176976
1610,train/reward,1.3531651496887207
1610,train/actor_loss,0.02052900195121765
1610,train/critic_loss,0.05620648339390755
1610,train/entropy,-6.5346999168396
1610,train/episode_length_steps,873.0504502092679
1610,train/fps,64255.46275072379
1620,train/reward,1.3561122417449951
1620,train/actor_loss,0.012737737968564034
1620,train/critic_loss,0.028965234756469727
1620,train/entropy,-6.621273994445801
1620,train/episode_length_steps,991.9846862364063
1620,train/fps,64234.44423074271
1630,train/reward,1.359480381011963
1630,train/actor_loss,0.02168649435043335
1630,train/critic_loss,0.05443120747804642
1630,train/entropy,-6.706768989562988
1630,train/episode_length_steps,1073.207643669909
1630,train/fps,64226.291498561506
1640,train/reward,1.3563785552978516
1640,train/actor_loss,0.016296762973070145
1640,train/critic_loss,0.05893974378705025
1640,train/entropy,-6.724005222320557
1640,train/episode_length_steps,1015.0306813839508
1640,train/fps,64256.99557963354
1650,train/reward,1.3564386367797852
1650,train/actor_loss,0.016933970153331757
1650,train/critic_loss,0.07252676039934158
1650,train/entropy,-6.725090026855469
1650,train/episode_length_steps,1030.9989362789295
1650,train/fps,64256.97982548971
1660,train/reward,1.354620337486267
1660,train/actor_loss,0.020410243421792984
1660,train/critic_loss,0.12493357807397842
1660,train/entropy,-6.724579811096191
1660,train/episode_length_steps,1055.9161206631647
1660,train/fps,64291.67598453196
1670,train/reward,1.3565809726715088
1670,train/actor_loss,0.014319375157356262
1670,train/critic_loss,0.11736094951629639
1670,train/entropy,-6.70318603515625
1670,train/episode_length_steps,1007.2306174500739
1670,train/fps,64289.28003326343
1680,train/reward,1.354184627532959
1680,train/actor_loss,0.02589522674679756
1680,train/critic_loss,0.09279593080282211
1680,train/entropy,-6.6866912841796875
1680,train/episode_length_steps,935.352867349791
1680,train/fps,64304.65916291876
1690,train/reward,1.3539705276489258
1690,train/actor_loss,0.017043042927980423
1690,train/critic_loss,0.16753873229026794
1690,train/entropy,-6.682518005371094
1690,train/episode_length_steps,1022.9524966434373
1690,train/fps,64344.01271172855
1700,train/reward,1.3578519821166992
1700,train/actor_loss,0.013977127149701118
1700,train/critic_loss,0.05188548564910889
1700,train/entropy,-6.685628414154053
1700,train/episode_length_steps,1091.074921898641
1700,train/fps,64341.46094042977
1710,train/reward,1.354414939880371
1710,train/actor_loss,0.02445896528661251
1710,train/critic_loss,0.09858768433332443
1710,train/entropy,-6.727104187011719
1710,train/episode_length_steps,928.7253199635585
1710,train/fps,64371.016501587146
1720,train/reward,1.355647087097168
1720,train/actor_loss,0.048242758959531784
1720,train/critic_loss,0.07086891680955887
1720,train/entropy,-6.784135341644287
1720,train/episode_length_steps,955.8154697427
1720,train/fps,64379.65945404933
1730,train/reward,1.355688214302063
1730,train/actor_loss,0.02591017819941044
1730,train/critic_loss,0.09108706563711166
1730,train/entropy,-6.79115629196167
1730,train/episode_length_steps,1007.2306174500739
1730,train/fps,64426.66394646594
1740,train/reward,1.353397011756897
1740,train/actor_loss,0.021702397614717484
1740,train/critic_loss,0.2147030085325241
1740,train/entropy,-6.7793121337890625
1740,train/episode_length_steps,861.5728416085835
1740,train/fps,64424.71952978285
1750,train/reward,1.3516874313354492
1750,train/actor_loss,0.03861622139811516
1750,train/critic_loss,0.21175415813922882
1750,train/entropy,-6.686161994934082
1750,train/episode_length_steps,896.9481863514969
1750,train/fps,64414.88947051597
1760,train/reward,1.3515983819961548
1760,train/actor_loss,0.021216100081801414
1760,train/critic_loss,0.11434904485940933
1760,train/entropy,-6.641481876373291
1760,train/episode_length_steps,818.5294606658226
1760,train/fps,64430.19499567404
1770,train/reward,1.354071855545044
1770,train/actor_loss,0.028308553621172905
1770,train/critic_loss,0.13002236187458038
1770,train/entropy,-6.626702308654785
1770,train/episode_length_steps,915.7480494521833
1770,train/fps,64416.95104479067
1780,train/reward,1.3513855934143066
1780,train/actor_loss,0.02221853844821453
1780,train/critic_loss,0.1388387531042099
1780,train/entropy,-6.5890045166015625
1780,train/episode_length_steps,890.8519337098286
1780,train/fps,64459.95278609601
1790,train/reward,1.3545186519622803
1790,train/actor_loss,0.015846138820052147
1790,train/critic_loss,0.07540201395750046
1790,train/entropy,-6.576287746429443
1790,train/episode_length_steps,1007.2306174500739
1790,train/fps,64471.7975537265
1800,train/reward,1.3578271865844727
1800,train/actor_loss,0.02114151418209076
1800,train/critic_loss,0.04472143575549126
1800,train/entropy,-6.600717067718506
1800,train/episode_length_steps,1022.9524966434373
1800,train/fps,64452.64906682898
1810,train/reward,1.3565983772277832
1810,train/actor_loss,0.015698842704296112
1810,train/critic_loss,0.10765699297189713
1810,train/entropy,-6.648537635803223
1810,train/episode_length_steps,850.393099192874
1810,train/fps,64479.76909417918
1820,train/reward,1.359755039215088
1820,train/actor_loss,0.023055052384734154
1820,train/critic_loss,0.1367350071668625
1820,train/entropy,-6.691675662994385
1820,train/episode_length_steps,962.8367577976614
1820,train/fps,64483.14508192036
1830,train/reward,1.355509877204895
1830,train/actor_loss,0.022729521617293358
1830,train/critic_loss,0.13142186403274536
1830,train/entropy,-6.688069820404053
1830,train/episode_length_steps,942.0756852933614
1830,train/fps,64511.41867007598
1840,train/reward,1.3586262464523315
1840,train/actor_loss,0.018210167065262794
1840,train/critic_loss,0.1652776151895523
1840,train/entropy,-6.691587924957275
1840,train/episode_length_steps,922.191032232558
1840,train/fps,64519.371379329845
1850,train/reward,1.3538955450057983
1850,train/actor_loss,0.019041655585169792
1850,train/critic_loss,0.07819008827209473
1850,train/entropy,-6.645252227783203
1850,train/episode_length_steps,984.5334979350276
1850,train/fps,64563.04862880566
1860,train/reward,1.3506640195846558
1860,train/actor_loss,0.017499377951025963
1860,train/critic_loss,0.11392863094806671
1860,train/entropy,-6.6406989097595215
1860,train/episode_length_steps,850.393099192874
1860,train/fps,64573.299999972776
1870,train/reward,1.3551812171936035
1870,train/actor_loss,0.01631496287882328
1870,train/critic_loss,0.060843922197818756
1870,train/entropy,-6.730575084686279
1870,train/episode_length_steps,984.5334979350276
1870,train/fps,64565.002642304484
1880,train/reward,1.3583060503005981
1880,train/actor_loss,0.013966003432869911
1880,train/critic_loss,0.07101420313119888
1880,train/entropy,-6.800148963928223
1880,train/episode_length_steps,1015.0306813839508
1880,train/fps,64587.22402882819
1890,train/reward,1.3588485717773438
1890,train/actor_loss,0.013787180185317993
1890,train/critic_loss,0.059074241667985916
1890,train/entropy,-6.921489715576172
1890,train/episode_length_steps,1007.2306174500739
1890,train/fps,64569.490510358046
1900,train/reward,1.3591899871826172
1900,train/actor_loss,0.018037132918834686
1900,train/critic_loss,0.06473200768232346
1900,train/entropy,-6.994500160217285
1900,train/episode_length_steps,991.9846862364063
1900,train/fps,64604.88282366383
1910,train/reward,1.359034776687622
1910,train/actor_loss,0.024753451347351074
1910,train/critic_loss,0.04567842558026314
1910,train/entropy,-7.000943660736084
1910,train/episode_length_steps,1047.4776400860692
1910,train/fps,64600.13353024459
1920,train/reward,1.3589991331100464
1920,train/actor_loss,0.027663785964250565
1920,train/critic_loss,0.07985466718673706
1920,train/entropy,-7.036450386047363
1920,train/episode_length_steps,999.549519430452
1920,train/fps,64595.72852707859
1930,train/reward,1.355546474456787
1930,train/actor_loss,0.01969938911497593
1930,train/critic_loss,0.726521909236908
1930,train/entropy,-7.0655999183654785
1930,train/episode_length_steps,890.8519337098286
1930,train/fps,64624.305791468294
1940,train/reward,1.3588910102844238
1940,train/actor_loss,0.031745005398988724
1940,train/critic_loss,0.7655690312385559
1940,train/entropy,-6.9076972007751465
1940,train/episode_length_steps,855.9464665668899
1940,train/fps,64614.56433409266
1950,train/reward,1.3575974702835083
1950,train/actor_loss,0.02691049873828888
1950,train/critic_loss,0.41143956780433655
1950,train/entropy,-6.715017795562744
1950,train/episode_length_steps,977.1934127239363
1950,train/fps,64633.78772967082
1960,train/reward,1.3582026958465576
1960,train/actor_loss,0.01764354668557644
1960,train/critic_loss,0.36137208342552185
1960,train/entropy,-6.60103178024292
1960,train/episode_length_steps,867.2736735434524
1960,train/fps,64626.29167708331
1970,train/reward,1.3565102815628052
1970,train/actor_loss,0.02180323749780655
1970,train/critic_loss,0.32955724000930786
1970,train/entropy,-6.519954204559326
1970,train/episode_length_steps,942.0756852933614
1970,train/fps,64656.57788688441
1980,train/reward,1.3517036437988281
1980,train/actor_loss,0.03103320114314556
1980,train/critic_loss,0.5366918444633484
1980,train/entropy,-6.441103458404541
1980,train/episode_length_steps,909.3944711658012
1980,train/fps,64657.31078041454
1990,train/reward,1.3552547693252563
1990,train/actor_loss,0.03439024090766907
1990,train/critic_loss,0.7508834004402161
1990,train/entropy,-6.303802013397217
1990,train/episode_length_steps,890.8519337098286
1990,train/fps,64658.33511969503
2000,train/reward,1.3501615524291992
2000,train/actor_loss,0.0199477206915617
2000,train/critic_loss,0.7221079468727112
2000,train/entropy,-6.229741096496582
2000,train/episode_length_steps,844.9113276288067
2000,train/fps,64684.28849698315
2000,eval/med_figure8_normal,0.09565597027540207
2010,train/reward,1.3492714166641235
2010,train/actor_loss,0.021328873932361603
2010,train/critic_loss,1.1452709436416626
2010,train/entropy,-6.138780117034912
2010,train/episode_length_steps,765.9158472401787
2010,train/fps,56712.86927685867
2020,train/reward,1.3522744178771973
2020,train/actor_loss,0.02774709276854992
2020,train/critic_loss,0.8638077974319458
2020,train/entropy,-6.047111511230469
2020,train/episode_length_steps,991.9846862364063
2020,train/fps,56782.161332920055
2030,train/reward,1.3479459285736084
2030,train/actor_loss,0.02263665199279785
2030,train/critic_loss,0.7399261593818665
2030,train/entropy,-5.934924125671387
2030,train/episode_length_steps,839.499776188048
2030,train/fps,56828.002528094505
2040,train/reward,1.343291163444519
2040,train/actor_loss,0.01996850036084652
2040,train/critic_loss,0.4251786768436432
2040,train/entropy,-5.903794765472412
2040,train/episode_length_steps,1047.4776400860692
2040,train/fps,56877.86986425595
2050,train/reward,1.3439438343048096
2050,train/actor_loss,0.02062222920358181
2050,train/critic_loss,0.377312034368515
2050,train/entropy,-5.905600547790527
2050,train/episode_length_steps,999.549519430452
2050,train/fps,56888.85446377607
2060,train/reward,1.344153881072998
2060,train/actor_loss,0.019076598808169365
2060,train/critic_loss,0.3098297715187073
2060,train/entropy,-5.8824782371521
2060,train/episode_length_steps,890.8519337098286
2060,train/fps,56898.12133914928
2070,train/reward,1.3456330299377441
2070,train/actor_loss,0.0191096942871809
2070,train/critic_loss,0.4056931436061859
2070,train/entropy,-5.854329586029053
2070,train/episode_length_steps,942.0756852933614
2070,train/fps,56926.84098840354
2080,train/reward,1.344805121421814
2080,train/actor_loss,0.016844695433974266
2080,train/critic_loss,0.4683752954006195
2080,train/entropy,-5.854459285736084
2080,train/episode_length_steps,890.8519337098286
2080,train/fps,56929.22078268993
2090,train/reward,1.339336633682251
2090,train/actor_loss,0.014513050206005573
2090,train/critic_loss,0.5657976269721985
2090,train/entropy,-5.842187404632568
2090,train/episode_length_steps,784.2467497605712
2090,train/fps,56934.94371953853
2100,train/reward,1.340583086013794
2100,train/actor_loss,0.017610935494303703
2100,train/critic_loss,0.4634273946285248
2100,train/entropy,-5.84728479385376
2100,train/episode_length_steps,844.9113276288067
2100,train/fps,56959.39847034639
2110,train/reward,1.335707187652588
2110,train/actor_loss,0.015050673857331276
2110,train/critic_loss,0.3444063663482666
2110,train/entropy,-5.868574619293213
2110,train/episode_length_steps,935.352867349791
2110,train/fps,56961.36320626682
2120,train/reward,1.3412889242172241
2120,train/actor_loss,0.016650652512907982
2120,train/critic_loss,0.3187215030193329
2120,train/entropy,-5.874156951904297
2120,train/episode_length_steps,861.5728416085835
2120,train/fps,56965.32420791014
2130,train/reward,1.34786856174469
2130,train/actor_loss,0.023127738386392593
2130,train/critic_loss,0.22641251981258392
2130,train/entropy,-5.888361930847168
2130,train/episode_length_steps,884.8379899660755
2130,train/fps,56988.893681419555
2140,train/reward,1.3472272157669067
2140,train/actor_loss,0.015683619305491447
2140,train/critic_loss,0.4040907025337219
2140,train/entropy,-5.86599063873291
2140,train/episode_length_steps,878.9046993506491
2140,train/fps,56987.071247887914
2150,train/reward,1.3509811162948608
2150,train/actor_loss,0.019952069967985153
2150,train/critic_loss,0.5099593997001648
2150,train/entropy,-5.852941513061523
2150,train/episode_length_steps,922.191032232558
2150,train/fps,57023.12366148168
2160,train/reward,1.3545299768447876
2160,train/actor_loss,0.018766721710562706
2160,train/critic_loss,0.33220019936561584
2160,train/entropy,-5.885005474090576
2160,train/episode_length_steps,903.12844929582
2160,train/fps,57060.66043870839
2170,train/reward,1.3505345582962036
2170,train/actor_loss,0.01624155603349209
2170,train/critic_loss,0.38831841945648193
2170,train/entropy,-5.869844913482666
2170,train/episode_length_steps,839.499776188048
2170,train/fps,57061.25412362043
2180,train/reward,1.351053237915039
2180,train/actor_loss,0.017547201365232468
2180,train/critic_loss,0.5623349547386169
2180,train/entropy,-5.852475643157959
2180,train/episode_length_steps,1022.9524966434373
2180,train/fps,57086.71520509912
2190,train/reward,1.353602647781372
2190,train/actor_loss,0.012813881039619446
2190,train/critic_loss,0.3333356976509094
2190,train/entropy,-5.87146520614624
2190,train/episode_length_steps,1047.4776400860692
2190,train/fps,57088.15999278943
2200,train/reward,1.35071861743927
2200,train/actor_loss,0.01911151595413685
2200,train/critic_loss,0.4035186767578125
2200,train/entropy,-5.878580570220947
2200,train/episode_length_steps,969.9619640403653
2200,train/fps,57085.42942544682
2210,train/reward,1.3515596389770508
2210,train/actor_loss,0.018110787495970726
2210,train/critic_loss,0.23181207478046417
2210,train/entropy,-5.900125980377197
2210,train/episode_length_steps,922.191032232558
2210,train/fps,57108.413306677045
2220,train/reward,1.3511873483657837
2220,train/actor_loss,0.013153462670743465
2220,train/critic_loss,0.4120232164859772
2220,train/entropy,-5.882248878479004
2220,train/episode_length_steps,915.7480494521833
2220,train/fps,57107.84668401148
2230,train/reward,1.3535888195037842
2230,train/actor_loss,0.014856806956231594
2230,train/critic_loss,0.4390510618686676
2230,train/entropy,-5.910168647766113
2230,train/episode_length_steps,991.9846862364063
2230,train/fps,57109.32531251147
2240,train/reward,1.3507440090179443
2240,train/actor_loss,0.01651560142636299
2240,train/critic_loss,0.47613850235939026
2240,train/entropy,-5.887634754180908
2240,train/episode_length_steps,873.0504502092679
2240,train/fps,57129.6590770716
2250,train/reward,1.3459770679473877
2250,train/actor_loss,0.014752048067748547
2250,train/critic_loss,0.7085717916488647
2250,train/entropy,-5.884546756744385
2250,train/episode_length_steps,861.5728416085835
2250,train/fps,57129.80026647523
2260,train/reward,1.3459649085998535
2260,train/actor_loss,0.01467618066817522
2260,train/critic_loss,0.6466771960258484
2260,train/entropy,-5.8504719734191895
2260,train/episode_length_steps,855.9464665668899
2260,train/fps,57130.20387847511
2270,train/reward,1.3529094457626343
2270,train/actor_loss,0.019793955609202385
2270,train/critic_loss,0.7849265336990356
2270,train/entropy,-5.822781562805176
2270,train/episode_length_steps,890.8519337098286
2270,train/fps,57152.33914496642
2280,train/reward,1.3472487926483154
2280,train/actor_loss,0.013225339353084564
2280,train/critic_loss,0.9097293019294739
2280,train/entropy,-5.803858280181885
2280,train/episode_length_steps,757.0680322478452
2280,train/fps,57151.76587245488
2290,train/reward,1.346164345741272
2290,train/actor_loss,0.0193762369453907
2290,train/critic_loss,0.9094800353050232
2290,train/entropy,-5.8122076988220215
2290,train/episode_length_steps,861.5728416085835
2290,train/fps,57152.18694225124
2300,train/reward,1.3496333360671997
2300,train/actor_loss,0.012709587812423706
2300,train/critic_loss,0.6460342407226562
2300,train/entropy,-5.788992404937744
2300,train/episode_length_steps,977.1934127239363
2300,train/fps,57173.20540605761
2310,train/reward,1.3485572338104248
2310,train/actor_loss,0.022699717432260513
2310,train/critic_loss,0.5429239273071289
2310,train/entropy,-5.828360080718994
2310,train/episode_length_steps,884.8379899660755
2310,train/fps,57174.77323210013
2320,train/reward,1.350033164024353
2320,train/actor_loss,0.012958633713424206
2320,train/critic_loss,0.5070095062255859
2320,train/entropy,-5.823432445526123
2320,train/episode_length_steps,890.8519337098286
2320,train/fps,57173.63606531539
2330,train/reward,1.3507800102233887
2330,train/actor_loss,0.011805630289018154
2330,train/critic_loss,0.45969539880752563
2330,train/entropy,-5.843034267425537
2330,train/episode_length_steps,1015.0306813839508
2330,train/fps,57194.98093758476
2340,train/reward,1.3499293327331543
2340,train/actor_loss,0.01590089313685894
2340,train/critic_loss,0.34072160720825195
2340,train/entropy,-5.897068023681641
2340,train/episode_length_steps,828.8820049231059
2340,train/fps,57194.375328636175
2350,train/reward,1.351921558380127
2350,train/actor_loss,0.01188287790864706
2350,train/critic_loss,0.2592378258705139
2350,train/entropy,-5.936336040496826
2350,train/episode_length_steps,867.2736735434524
2350,train/fps,57210.31251634297
2360,train/reward,1.3546473979949951
2360,train/actor_loss,0.014220157638192177
2360,train/critic_loss,0.3137037754058838
2360,train/entropy,-5.965661525726318
2360,train/episode_length_steps,1148.4339689720955
2360,train/fps,57213.27115303028
2370,train/reward,1.354780912399292
2370,train/actor_loss,0.021280115470290184
2370,train/critic_loss,0.5555090308189392
2370,train/entropy,-6.0044474601745605
2370,train/episode_length_steps,884.8379899660755
2370,train/fps,57212.327037724244
2380,train/reward,1.35394287109375
2380,train/actor_loss,0.012932744808495045
2380,train/critic_loss,0.2840040326118469
2380,train/entropy,-5.999316215515137
2380,train/episode_length_steps,942.0756852933614
2380,train/fps,57227.4327118048
2390,train/reward,1.3479864597320557
2390,train/actor_loss,0.010284649208188057
2390,train/critic_loss,0.22601163387298584
2390,train/entropy,-6.0262041091918945
2390,train/episode_length_steps,1022.9524966434373
2390,train/fps,57230.97901209136
2400,train/reward,1.3544132709503174
2400,train/actor_loss,0.011302938684821129
2400,train/critic_loss,0.14458632469177246
2400,train/entropy,-6.07417631149292
2400,train/episode_length_steps,1212.1585181362116
2400,train/fps,57226.32091515774
2410,train/reward,1.3524410724639893
2410,train/actor_loss,0.01004357635974884
2410,train/critic_loss,0.2346368283033371
2410,train/entropy,-6.183432102203369
2410,train/episode_length_steps,1015.0306813839508
2410,train/fps,57240.29924871663
2420,train/reward,1.3466894626617432
2420,train/actor_loss,0.015219444409012794
2420,train/critic_loss,0.21646176278591156
2420,train/entropy,-6.277125358581543
2420,train/episode_length_steps,757.0680322478452
2420,train/fps,57240.08317064742
2430,train/reward,1.3474284410476685
2430,train/actor_loss,0.017384478822350502
2430,train/critic_loss,0.1342552751302719
2430,train/entropy,-6.336257457733154
2430,train/episode_length_steps,1047.4776400860692
2430,train/fps,57239.39640138976
2440,train/reward,1.3462339639663696
2440,train/actor_loss,0.013643922284245491
2440,train/critic_loss,0.11809685081243515
2440,train/entropy,-6.402615547180176
2440,train/episode_length_steps,1283.3704516486423
2440,train/fps,57253.32468643048
2450,train/reward,1.3507883548736572
2450,train/actor_loss,0.017809560522437096
2450,train/critic_loss,0.13091102242469788
2450,train/entropy,-6.53134298324585
2450,train/episode_length_steps,1007.2306174500739
2450,train/fps,57253.89854901902
2460,train/reward,1.3521311283111572
2460,train/actor_loss,0.01655234396457672
2460,train/critic_loss,0.16761817038059235
2460,train/entropy,-6.642335414886475
2460,train/episode_length_steps,1039.1729644539928
2460,train/fps,57254.4002038154
2470,train/reward,1.350100040435791
2470,train/actor_loss,0.017783574759960175
2470,train/critic_loss,0.0824890062212944
2470,train/entropy,-6.692758083343506
2470,train/episode_length_steps,844.9113276288067
2470,train/fps,57269.95544914983
2480,train/reward,1.3554408550262451
2480,train/actor_loss,0.02323910966515541
2480,train/critic_loss,0.05130542069673538
2480,train/entropy,-6.779738903045654
2480,train/episode_length_steps,1039.1729644539928
2480,train/fps,57270.897038694944
2490,train/reward,1.3551979064941406
2490,train/actor_loss,0.013137996196746826
2490,train/critic_loss,0.08536367863416672
2490,train/entropy,-6.875909328460693
2490,train/episode_length_steps,928.7253199635585
2490,train/fps,57271.429261978534
2500,train/reward,1.3555450439453125
2500,train/actor_loss,0.016892584040760994
2500,train/critic_loss,0.07137595862150192
2500,train/entropy,-6.972031593322754
2500,train/episode_length_steps,948.8958429280851
2500,train/fps,57287.52688209495
2510,train/reward,1.3564707040786743
2510,train/actor_loss,0.015990057960152626
2510,train/critic_loss,0.10316242277622223
2510,train/entropy,-7.014346599578857
2510,train/episode_length_steps,928.7253199635585
2510,train/fps,57285.085250000004
2520,train/reward,1.357263207435608
2520,train/actor_loss,0.017615335062146187
2520,train/critic_loss,0.06452061235904694
2520,train/entropy,-7.060142517089844
2520,train/episode_length_steps,948.8958429280851
2520,train/fps,57286.82557461294
2530,train/reward,1.3614346981048584
2530,train/actor_loss,0.018525317311286926
2530,train/critic_loss,0.09927390515804291
2530,train/entropy,-7.160416603088379
2530,train/episode_length_steps,922.191032232558
2530,train/fps,57303.65068777076
2540,train/reward,1.3578976392745972
2540,train/actor_loss,0.01497458852827549
2540,train/critic_loss,0.05934522673487663
2540,train/entropy,-7.216408729553223
2540,train/episode_length_steps,1015.0306813839508
2540,train/fps,57305.30293700988
2550,train/reward,1.362863540649414
2550,train/actor_loss,0.015257437713444233
2550,train/critic_loss,0.07170893996953964
2550,train/entropy,-7.280026435852051
2550,train/episode_length_steps,991.9846862364063
2550,train/fps,57307.28631273968
2560,train/reward,1.3614568710327148
2560,train/actor_loss,0.016268817707896233
2560,train/critic_loss,0.24845802783966064
2560,train/entropy,-7.2196245193481445
2560,train/episode_length_steps,903.12844929582
2560,train/fps,57323.75864102497
2570,train/reward,1.3597034215927124
2570,train/actor_loss,0.020177805796265602
2570,train/critic_loss,0.5068455338478088
2570,train/entropy,-7.1527228355407715
2570,train/episode_length_steps,896.9481863514969
2570,train/fps,57323.51713969214
2580,train/reward,1.3616819381713867
2580,train/actor_loss,0.026757091283798218
2580,train/critic_loss,0.6898878812789917
2580,train/entropy,-7.0896830558776855
2580,train/episode_length_steps,909.3944711658012
2580,train/fps,57324.909345213906
2590,train/reward,1.3583921194076538
2590,train/actor_loss,0.017024410888552666
2590,train/critic_loss,0.453610897064209
2590,train/entropy,-6.975373268127441
2590,train/episode_length_steps,808.432328135103
2590,train/fps,57340.737282003276
2600,train/reward,1.3584089279174805
2600,train/actor_loss,0.017432479187846184
2600,train/critic_loss,0.20643845200538635
2600,train/entropy,-6.94209623336792
2600,train/episode_length_steps,962.8367577976614
2600,train/fps,57341.69590528475
2610,train/reward,1.3604960441589355
2610,train/actor_loss,0.022630376741290092
2610,train/critic_loss,0.14597702026367188
2610,train/entropy,-6.9270148277282715
2610,train/episode_length_steps,1201.0511543403513
2610,train/fps,57341.67623966728
2620,train/reward,1.3604621887207031
2620,train/actor_loss,0.013196827843785286
2620,train/critic_loss,0.14868929982185364
2620,train/entropy,-6.935179233551025
2620,train/episode_length_steps,955.8154697427
2620,train/fps,57360.03782868981
2630,train/reward,1.3593711853027344
2630,train/actor_loss,0.014803895726799965
2630,train/critic_loss,0.3652889132499695
2630,train/entropy,-6.879615783691406
2630,train/episode_length_steps,955.8154697427
2630,train/fps,57357.70303062775
2640,train/reward,1.355126976966858
2640,train/actor_loss,0.017416073009371758
2640,train/critic_loss,0.18588271737098694
2640,train/entropy,-6.8767595291137695
2640,train/episode_length_steps,1055.9161206631647
2640,train/fps,57357.87273965024
2650,train/reward,1.3593149185180664
2650,train/actor_loss,0.023314177989959717
2650,train/critic_loss,0.1508149653673172
2650,train/entropy,-6.878594398498535
2650,train/episode_length_steps,1119.0198959333352
2650,train/fps,57373.973175375926
2660,train/reward,1.3576910495758057
2660,train/actor_loss,0.01748761162161827
2660,train/critic_loss,0.2521419823169708
2660,train/entropy,-6.848217964172363
2660,train/episode_length_steps,878.9046993506491
2660,train/fps,57373.48564132497
2670,train/reward,1.3504048585891724
2670,train/actor_loss,0.02142089046537876
2670,train/critic_loss,0.14042775332927704
2670,train/entropy,-6.845435619354248
2670,train/episode_length_steps,715.7278039632729
2670,train/fps,57372.220927244256
2680,train/reward,1.3571562767028809
2680,train/actor_loss,0.01851966790854931
2680,train/critic_loss,0.443760484457016
2680,train/entropy,-6.778387546539307
2680,train/episode_length_steps,984.5334979350276
2680,train/fps,57387.59785079934
2690,train/reward,1.3524482250213623
2690,train/actor_loss,0.01818510703742504
2690,train/critic_loss,0.0891212671995163
2690,train/entropy,-6.7411723136901855
2690,train/episode_length_steps,1091.074921898641
2690,train/fps,57385.224563987234
2700,train/reward,1.3558226823806763
2700,train/actor_loss,0.022026514634490013
2700,train/critic_loss,0.10532648861408234
2700,train/entropy,-6.753495216369629
2700,train/episode_length_steps,915.7480494521833
2700,train/fps,57385.59636297554
2710,train/reward,1.3505768775939941
2710,train/actor_loss,0.020042484626173973
2710,train/critic_loss,0.28143543004989624
2710,train/entropy,-6.7601823806762695
2710,train/episode_length_steps,922.191032232558
2710,train/fps,57400.80390396135
2720,train/reward,1.3534724712371826
2720,train/actor_loss,0.017612555995583534
2720,train/critic_loss,0.2019580453634262
2720,train/entropy,-6.795875549316406
2720,train/episode_length_steps,770.4177635464497
2720,train/fps,57398.887793919865
2730,train/reward,1.3532499074935913
2730,train/actor_loss,0.017254268750548363
2730,train/critic_loss,0.14954926073551178
2730,train/entropy,-6.843238830566406
2730,train/episode_length_steps,977.1934127239363
2730,train/fps,57398.05629811728
2740,train/reward,1.3536170721054077
2740,train/actor_loss,0.022383157163858414
2740,train/critic_loss,0.09798558801412582
2740,train/entropy,-6.861022472381592
2740,train/episode_length_steps,890.8519337098286
2740,train/fps,57413.70804371492
2750,train/reward,1.352391004562378
2750,train/actor_loss,0.022534359246492386
2750,train/critic_loss,0.16520701348781586
2750,train/entropy,-6.8997087478637695
2750,train/episode_length_steps,823.6732044386656
2750,train/fps,57411.60198036547
2760,train/reward,1.3550395965576172
2760,train/actor_loss,0.021237658336758614
2760,train/critic_loss,0.7731492519378662
2760,train/entropy,-6.907482147216797
2760,train/episode_length_steps,839.499776188048
2760,train/fps,57410.673661996836
2770,train/reward,1.3590720891952515
2770,train/actor_loss,0.023350227624177933
2770,train/critic_loss,0.7273070216178894
2770,train/entropy,-6.800595760345459
2770,train/episode_length_steps,909.3944711658012
2770,train/fps,57427.91900174947
2780,train/reward,1.3516017198562622
2780,train/actor_loss,0.015406708233058453
2780,train/critic_loss,0.9395513534545898
2780,train/entropy,-6.727780342102051
2780,train/episode_length_steps,828.8820049231059
2780,train/fps,57425.81968420536
2790,train/reward,1.3487142324447632
2790,train/actor_loss,0.017852522432804108
2790,train/critic_loss,1.0554088354110718
2790,train/entropy,-6.608832836151123
2790,train/episode_length_steps,803.4766056095065
2790,train/fps,57429.74744545748
2800,train/reward,1.3524483442306519
2800,train/actor_loss,0.01430839765816927
2800,train/critic_loss,1.5191617012023926
2800,train/entropy,-6.541435241699219
2800,train/episode_length_steps,878.9046993506491
2800,train/fps,57446.13138083091
2810,train/reward,1.3504340648651123
2810,train/actor_loss,0.019601598381996155
2810,train/critic_loss,0.76236891746521
2810,train/entropy,-6.489449501037598
2810,train/episode_length_steps,788.9674003909396
2810,train/fps,57444.57838218513
2820,train/reward,1.3521125316619873
2820,train/actor_loss,0.015144497156143188
2820,train/critic_loss,1.7106901407241821
2820,train/entropy,-6.469327449798584
2820,train/episode_length_steps,813.4495623538085
2820,train/fps,57460.762086631505
2830,train/reward,1.3540360927581787
2830,train/actor_loss,0.026283392682671547
2830,train/critic_loss,1.2592172622680664
2830,train/entropy,-6.407716274261475
2830,train/episode_length_steps,784.2467497605712
2830,train/fps,57461.78776773428
2840,train/reward,1.356034517288208
2840,train/actor_loss,0.019292151555418968
2840,train/critic_loss,0.9692082405090332
2840,train/entropy,-6.318538665771484
2840,train/episode_length_steps,808.432328135103
2840,train/fps,57460.500337434016
2850,train/reward,1.3539912700653076
2850,train/actor_loss,0.018445149064064026
2850,train/critic_loss,0.8633701205253601
2850,train/entropy,-6.269926071166992
2850,train/episode_length_steps,765.9158472401787
2850,train/fps,57478.713413692836
2860,train/reward,1.357596755027771
2860,train/actor_loss,0.014053027145564556
2860,train/critic_loss,0.4914104640483856
2860,train/entropy,-6.245765209197998
2860,train/episode_length_steps,1168.9177465457567
2860,train/fps,57479.22094053876
2870,train/reward,1.355401873588562
2870,train/actor_loss,0.013577519915997982
2870,train/critic_loss,0.6372689008712769
2870,train/entropy,-6.226436614990234
2870,train/episode_length_steps,855.9464665668899
2870,train/fps,57479.01128086942
2880,train/reward,1.3568191528320312
2880,train/actor_loss,0.011353052221238613
2880,train/critic_loss,0.5915886759757996
2880,train/entropy,-6.211374282836914
2880,train/episode_length_steps,867.2736735434524
2880,train/fps,57493.892115833725
2890,train/reward,1.3516851663589478
2890,train/actor_loss,0.01563597470521927
2890,train/critic_loss,0.4605523645877838
2890,train/entropy,-6.167945861816406
2890,train/episode_length_steps,922.191032232558
2890,train/fps,57493.61752469074
2900,train/reward,1.353590726852417
2900,train/actor_loss,0.012081967666745186
2900,train/critic_loss,0.5529378056526184
2900,train/entropy,-6.189282417297363
2900,train/episode_length_steps,1022.9524966434373
2900,train/fps,57493.31249859743
2910,train/reward,1.3540551662445068
2910,train/actor_loss,0.01925736293196678
2910,train/critic_loss,0.5042465329170227
2910,train/entropy,-6.200125694274902
2910,train/episode_length_steps,962.8367577976614
2910,train/fps,57507.32068600508
2920,train/reward,1.3507492542266846
2920,train/actor_loss,0.017409568652510643
2920,train/critic_loss,0.8516330718994141
2920,train/entropy,-6.210362911224365
2920,train/episode_length_steps,735.817724153145
2920,train/fps,57508.22494746195
2930,train/reward,1.3518872261047363
2930,train/actor_loss,0.020685257390141487
2930,train/critic_loss,0.9121673703193665
2930,train/entropy,-6.183061122894287
2930,train/episode_length_steps,928.7253199635585
2930,train/fps,57509.678141804936
2940,train/reward,1.3538177013397217
2940,train/actor_loss,0.014472665265202522
2940,train/critic_loss,0.5478531718254089
2940,train/entropy,-6.165842056274414
2940,train/episode_length_steps,955.8154697427
2940,train/fps,57524.01019403663
2950,train/reward,1.354504108428955
2950,train/actor_loss,0.014833353459835052
2950,train/critic_loss,0.2478526085615158
2950,train/entropy,-6.219272136688232
2950,train/episode_length_steps,896.9481863514969
2950,train/fps,57525.04052542378
2960,train/reward,1.3545708656311035
2960,train/actor_loss,0.014931946992874146
2960,train/critic_loss,0.21672025322914124
2960,train/entropy,-6.29416036605835
2960,train/episode_length_steps,844.9113276288067
2960,train/fps,57538.65352561419
2970,train/reward,1.3569164276123047
2970,train/actor_loss,0.013153336010873318
2970,train/critic_loss,0.08583168685436249
2970,train/entropy,-6.4233245849609375
2970,train/episode_length_steps,896.9481863514969
2970,train/fps,57553.29664645463
2980,train/reward,1.3572211265563965
2980,train/actor_loss,0.012475701980292797
2980,train/critic_loss,0.11257211118936539
2980,train/entropy,-6.554835796356201
2980,train/episode_length_steps,1007.2306174500739
2980,train/fps,57553.62683785876
2990,train/reward,1.3596160411834717
2990,train/actor_loss,0.012102839536964893
2990,train/critic_loss,0.06862781941890717
2990,train/entropy,-6.6408371925354
2990,train/episode_length_steps,1109.547198555855
2990,train/fps,57554.227341944614
3000,train/reward,1.3568822145462036
3000,train/actor_loss,0.018378067761659622
3000,train/critic_loss,0.3070537745952606
3000,train/entropy,-6.749236583709717
3000,train/episode_length_steps,884.8379899660755
3000,train/fps,57568.548409528936
3000,eval/med_figure8_normal,0.09097535908222198
3010,train/reward,1.3595292568206787
3010,train/actor_loss,0.017817148938775063
3010,train/critic_loss,0.2920862138271332
3010,train/entropy,-6.7567033767700195
3010,train/episode_length_steps,928.7253199635585
3010,train/fps,52951.60082966541
3020,train/reward,1.3602304458618164
3020,train/actor_loss,0.012768792919814587
3020,train/critic_loss,0.31451907753944397
3020,train/entropy,-6.6982879638671875
3020,train/episode_length_steps,942.0756852933614
3020,train/fps,52965.80621657418
3030,train/reward,1.3553857803344727
3030,train/actor_loss,0.02389371395111084
3030,train/critic_loss,0.3471660315990448
3030,train/entropy,-6.702000617980957
3030,train/episode_length_steps,928.7253199635585
3030,train/fps,52978.70971330725
3040,train/reward,1.3587818145751953
3040,train/actor_loss,0.011183454655110836
3040,train/critic_loss,0.1076476126909256
3040,train/entropy,-6.672293186187744
3040,train/episode_length_steps,1007.2306174500739
3040,train/fps,53010.484507892004
3050,train/reward,1.361021637916565
3050,train/actor_loss,0.013689192943274975
3050,train/critic_loss,0.23515991866588593
3050,train/entropy,-6.769458770751953
3050,train/episode_length_steps,1047.4776400860692
3050,train/fps,53026.68643094182
3060,train/reward,1.3609135150909424
3060,train/actor_loss,0.013059275224804878
3060,train/critic_loss,0.247411847114563
3060,train/entropy,-6.845828533172607
3060,train/episode_length_steps,890.8519337098286
3060,train/fps,53040.68837621352
3070,train/reward,1.3626725673675537
3070,train/actor_loss,0.013641804456710815
3070,train/critic_loss,0.13794705271720886
3070,train/entropy,-6.950031280517578
3070,train/episode_length_steps,991.9846862364063
3070,train/fps,53070.49748978224
3080,train/reward,1.3664476871490479
3080,train/actor_loss,0.014013848267495632
3080,train/critic_loss,0.07520607113838196
3080,train/entropy,-7.0169830322265625
3080,train/episode_length_steps,1047.4776400860692
3080,train/fps,53084.08064370584
3090,train/reward,1.3618595600128174
3090,train/actor_loss,0.014101392589509487
3090,train/critic_loss,0.027295604348182678
3090,train/entropy,-7.097300052642822
3090,train/episode_length_steps,922.191032232558
3090,train/fps,53097.81450201035
3100,train/reward,1.362687587738037
3100,train/actor_loss,0.017848899587988853
3100,train/critic_loss,0.23125004768371582
3100,train/entropy,-7.240791320800781
3100,train/episode_length_steps,935.352867349791
3100,train/fps,53126.6334416515
3110,train/reward,1.365559458732605
3110,train/actor_loss,0.017406687140464783
3110,train/critic_loss,0.0842432826757431
3110,train/entropy,-7.336677551269531
3110,train/episode_length_steps,1212.1585181362116
3110,train/fps,53139.588404096416
3120,train/reward,1.3660719394683838
3120,train/actor_loss,0.01419686060398817
3120,train/critic_loss,0.04805031046271324
3120,train/entropy,-7.417881011962891
3120,train/episode_length_steps,977.1934127239363
3120,train/fps,53153.638708055
3130,train/reward,1.364801049232483
3130,train/actor_loss,0.01639489270746708
3130,train/critic_loss,0.05226213485002518
3130,train/entropy,-7.4908294677734375
3130,train/episode_length_steps,999.549519430452
3130,train/fps,53178.75661654031
3140,train/reward,1.360196828842163
3140,train/actor_loss,0.014550410211086273
3140,train/critic_loss,0.08435308188199997
3140,train/entropy,-7.558201789855957
3140,train/episode_length_steps,867.2736735434524
3140,train/fps,53179.422746840326
3150,train/reward,1.364288568496704
3150,train/actor_loss,0.02040269784629345
3150,train/critic_loss,0.13177131116390228
3150,train/entropy,-7.578932285308838
3150,train/episode_length_steps,1091.074921898641
3150,train/fps,53184.84390687108
3160,train/reward,1.3616423606872559
3160,train/actor_loss,0.023533035069704056
3160,train/critic_loss,0.06840642541646957
3160,train/entropy,-7.583556652069092
3160,train/episode_length_steps,1064.4916662465182
3160,train/fps,53201.03961383355
3170,train/reward,1.3624318838119507
3170,train/actor_loss,0.01988985203206539
3170,train/critic_loss,0.10571040213108063
3170,train/entropy,-7.596019744873047
3170,train/episode_length_steps,896.9481863514969
3170,train/fps,53200.83094649802
3180,train/reward,1.3598124980926514
3180,train/actor_loss,0.01936427317559719
3180,train/critic_loss,0.08653675019741058
3180,train/entropy,-7.598193645477295
3180,train/episode_length_steps,1055.9161206631647
3180,train/fps,53208.739137767996
3190,train/reward,1.3593826293945312
3190,train/actor_loss,0.019892117008566856
3190,train/critic_loss,0.10993944853544235
3190,train/entropy,-7.647792339324951
3190,train/episode_length_steps,962.8367577976614
3190,train/fps,53232.6410869547
3200,train/reward,1.3655978441238403
3200,train/actor_loss,0.021569762378931046
3200,train/critic_loss,0.13093386590480804
3200,train/entropy,-7.691001892089844
3200,train/episode_length_steps,1030.9989362789295
3200,train/fps,53235.47563039758
3210,train/reward,1.3672325611114502
3210,train/actor_loss,0.021916791796684265
3210,train/critic_loss,0.17535395920276642
3210,train/entropy,-7.679381847381592
3210,train/episode_length_steps,867.2736735434524
3210,train/fps,53237.32562338697
3220,train/reward,1.364606261253357
3220,train/actor_loss,0.016771778464317322
3220,train/critic_loss,0.1340179294347763
3220,train/entropy,-7.630462646484375
3220,train/episode_length_steps,922.191032232558
3220,train/fps,53248.62517437657
3230,train/reward,1.363523006439209
3230,train/actor_loss,0.018968863412737846
3230,train/critic_loss,0.1419648379087448
3230,train/entropy,-7.587453365325928
3230,train/episode_length_steps,948.8958429280851
3230,train/fps,53249.26824332508
3240,train/reward,1.3635761737823486
3240,train/actor_loss,0.018254658207297325
3240,train/critic_loss,0.06712457537651062
3240,train/entropy,-7.523250102996826
3240,train/episode_length_steps,1082.0675309469727
3240,train/fps,53251.62244655894
3250,train/reward,1.3607192039489746
3250,train/actor_loss,0.02161218225955963
3250,train/critic_loss,0.09476026147603989
3250,train/entropy,-7.5500359535217285
3250,train/episode_length_steps,896.9481863514969
3250,train/fps,53252.615099807655
3260,train/reward,1.3611671924591064
3260,train/actor_loss,0.014797828160226345
3260,train/critic_loss,0.1876891702413559
3260,train/entropy,-7.545762538909912
3260,train/episode_length_steps,942.0756852933614
3260,train/fps,53260.189038426615
3270,train/reward,1.3632241487503052
3270,train/actor_loss,0.02096841111779213
3270,train/critic_loss,0.08631502836942673
3270,train/entropy,-7.532844066619873
3270,train/episode_length_steps,969.9619640403653
3270,train/fps,53260.86751027944
3280,train/reward,1.35796058177948
3280,train/actor_loss,0.02325686626136303
3280,train/critic_loss,0.06184907630085945
3280,train/entropy,-7.543418884277344
3280,train/episode_length_steps,928.7253199635585
3280,train/fps,53262.63099908304
3290,train/reward,1.3638664484024048
3290,train/actor_loss,0.021155640482902527
3290,train/critic_loss,0.04596497118473053
3290,train/entropy,-7.63454532623291
3290,train/episode_length_steps,1073.207643669909
3290,train/fps,53284.61713617416
3300,train/reward,1.367875576019287
3300,train/actor_loss,0.015871282666921616
3300,train/critic_loss,0.019415656104683876
3300,train/entropy,-7.756889343261719
3300,train/episode_length_steps,1030.9989362789295
3300,train/fps,53295.98247070427
3310,train/reward,1.362271785736084
3310,train/actor_loss,0.020506080240011215
3310,train/critic_loss,0.04805668815970421
3310,train/entropy,-7.862414836883545
3310,train/episode_length_steps,867.2736735434524
3310,train/fps,53307.17187325853
3320,train/reward,1.36427903175354
3320,train/actor_loss,0.018031323328614235
3320,train/critic_loss,0.025542903691530228
3320,train/entropy,-7.919764995574951
3320,train/episode_length_steps,1047.4776400860692
3320,train/fps,53329.559827670986
3330,train/reward,1.367047667503357
3330,train/actor_loss,0.020187770947813988
3330,train/critic_loss,0.04358282312750816
3330,train/entropy,-8.037859916687012
3330,train/episode_length_steps,1100.2335310136384
3330,train/fps,53339.66347776898
3340,train/reward,1.3642761707305908
3340,train/actor_loss,0.017447028309106827
3340,train/critic_loss,0.02072606422007084
3340,train/entropy,-8.165556907653809
3340,train/episode_length_steps,948.8958429280851
3340,train/fps,53350.64378732286
3350,train/reward,1.3637335300445557
3350,train/actor_loss,0.017833249643445015
3350,train/critic_loss,0.0753365159034729
3350,train/entropy,-8.203397750854492
3350,train/episode_length_steps,935.352867349791
3350,train/fps,53372.67150249602
3360,train/reward,1.361506700515747
3360,train/actor_loss,0.018804652616381645
3360,train/critic_loss,0.07361560314893723
3360,train/entropy,-8.229825973510742
3360,train/episode_length_steps,1235.0011879650099
3360,train/fps,53380.75695928871
3370,train/reward,1.3665790557861328
3370,train/actor_loss,0.01764494739472866
3370,train/critic_loss,0.07224352657794952
3370,train/entropy,-8.189356803894043
3370,train/episode_length_steps,962.8367577976614
3370,train/fps,53383.744860210354
3380,train/reward,1.3627426624298096
3380,train/actor_loss,0.017252227291464806
3380,train/critic_loss,0.06312438100576401
3380,train/entropy,-8.17275333404541
3380,train/episode_length_steps,969.9619640403653
3380,train/fps,53402.42193295775
3390,train/reward,1.3584301471710205
3390,train/actor_loss,0.026011556386947632
3390,train/critic_loss,0.0338004007935524
3390,train/entropy,-8.207487106323242
3390,train/episode_length_steps,855.9464665668899
3390,train/fps,53415.06932045026
3400,train/reward,1.361873984336853
3400,train/actor_loss,0.017236465588212013
3400,train/critic_loss,0.056160818785429
3400,train/entropy,-8.241825103759766
3400,train/episode_length_steps,1100.2335310136384
3400,train/fps,53438.608260453606
3410,train/reward,1.3653544187545776
3410,train/actor_loss,0.027706298977136612
3410,train/critic_loss,0.028946733102202415
3410,train/entropy,-8.322649955749512
3410,train/episode_length_steps,1082.0675309469727
3410,train/fps,53471.116037904874
3420,train/reward,1.364693522453308
3420,train/actor_loss,0.032757412642240524
3420,train/critic_loss,0.012117563746869564
3420,train/entropy,-8.430953025817871
3420,train/episode_length_steps,890.8519337098286
3420,train/fps,53497.93724387076
3430,train/reward,1.3657252788543701
3430,train/actor_loss,0.02249998413026333
3430,train/critic_loss,0.03071608953177929
3430,train/entropy,-8.507831573486328
3430,train/episode_length_steps,1168.9177465457567
3430,train/fps,53515.72796384276
3440,train/reward,1.364639401435852
3440,train/actor_loss,0.018025582656264305
3440,train/critic_loss,0.012957597151398659
3440,train/entropy,-8.612382888793945
3440,train/episode_length_steps,928.7253199635585
3440,train/fps,53523.37722399916
3450,train/reward,1.365350365638733
3450,train/actor_loss,0.01788419298827648
3450,train/critic_loss,0.04975993558764458
3450,train/entropy,-8.66285514831543
3450,train/episode_length_steps,1015.0306813839508
3450,train/fps,53531.53456601597
3460,train/reward,1.3671908378601074
3460,train/actor_loss,0.02275710366666317
3460,train/critic_loss,0.017069391906261444
3460,train/entropy,-8.677635192871094
3460,train/episode_length_steps,890.8519337098286
3460,train/fps,53551.09862064632
3470,train/reward,1.366687536239624
3470,train/actor_loss,0.0344676673412323
3470,train/critic_loss,0.11012934893369675
3470,train/entropy,-8.686306953430176
3470,train/episode_length_steps,935.352867349791
3470,train/fps,53560.353088354495
3480,train/reward,1.3665437698364258
3480,train/actor_loss,0.028427114710211754
3480,train/critic_loss,0.4181578755378723
3480,train/entropy,-8.54549789428711
3480,train/episode_length_steps,915.7480494521833
3480,train/fps,53569.379018543135
3490,train/reward,1.3635108470916748
3490,train/actor_loss,0.03856544941663742
3490,train/critic_loss,0.45453882217407227
3490,train/entropy,-8.409974098205566
3490,train/episode_length_steps,1007.2306174500739
3490,train/fps,53589.764221091245
3500,train/reward,1.359492540359497
3500,train/actor_loss,0.036651361733675
3500,train/critic_loss,0.6518000960350037
3500,train/entropy,-8.184060096740723
3500,train/episode_length_steps,818.5294606658226
3500,train/fps,53598.59422955689
3510,train/reward,1.3488126993179321
3510,train/actor_loss,0.03164878487586975
3510,train/critic_loss,3.158784866333008
3510,train/entropy,-8.039380073547363
3510,train/episode_length_steps,654.9307845610301
3510,train/fps,53601.952578494696
3520,train/reward,1.3529176712036133
3520,train/actor_loss,0.024779636412858963
3520,train/critic_loss,1.8711551427841187
3520,train/entropy,-7.884382724761963
3520,train/episode_length_steps,770.4177635464497
3520,train/fps,53611.36948838494
3530,train/reward,1.3494348526000977
3530,train/actor_loss,0.03171015530824661
3530,train/critic_loss,2.251574754714966
3530,train/entropy,-7.691684722900391
3530,train/episode_length_steps,779.5822535408565
3530,train/fps,53609.94937283499
3540,train/reward,1.354191541671753
3540,train/actor_loss,0.01891242526471615
3540,train/critic_loss,0.7048310041427612
3540,train/entropy,-7.489028453826904
3540,train/episode_length_steps,779.5822535408565
3540,train/fps,53608.387804942504
3550,train/reward,1.3556084632873535
3550,train/actor_loss,0.025877011939883232
3550,train/critic_loss,1.621537446975708
3550,train/entropy,-7.383140563964844
3550,train/episode_length_steps,823.6732044386656
3550,train/fps,53608.10657911595
3560,train/reward,1.352434754371643
3560,train/actor_loss,0.024565642699599266
3560,train/critic_loss,1.9332427978515625
3560,train/entropy,-7.2665228843688965
3560,train/episode_length_steps,704.1919363146418
3560,train/fps,53619.99223353365
3570,train/reward,1.3439215421676636
3570,train/actor_loss,0.02963092364370823
3570,train/critic_loss,10.644119262695312
3570,train/entropy,-7.211099147796631
3570,train/episode_length_steps,592.734430374398
3570,train/fps,53617.363530634655
3580,train/reward,1.3438977003097534
3580,train/actor_loss,0.0354771725833416
3580,train/critic_loss,8.781805992126465
3580,train/entropy,-7.119636535644531
3580,train/episode_length_steps,770.4177635464497
3580,train/fps,53613.10510647309
3590,train/reward,1.353014349937439
3590,train/actor_loss,0.03391028195619583
3590,train/critic_loss,2.759816884994507
3590,train/entropy,-7.032344341278076
3590,train/episode_length_steps,962.8367577976614
3590,train/fps,53624.21131067238
3600,train/reward,1.361863374710083
3600,train/actor_loss,0.030245576053857803
3600,train/critic_loss,0.6842164993286133
3600,train/entropy,-6.9265265464782715
3600,train/episode_length_steps,999.549519430452
3600,train/fps,53623.794777711424
3610,train/reward,1.3458349704742432
3610,train/actor_loss,0.039194799959659576
3610,train/critic_loss,3.9955437183380127
3610,train/entropy,-6.859012603759766
3610,train/episode_length_steps,834.1571042040623
3610,train/fps,53625.47388354278
3620,train/reward,1.3515565395355225
3620,train/actor_loss,0.02216459810733795
3620,train/critic_loss,2.7629082202911377
3620,train/entropy,-6.75289249420166
3620,train/episode_length_steps,744.1730667488358
3620,train/fps,53639.59335009915
3630,train/reward,1.357731580734253
3630,train/actor_loss,0.01678287796676159
3630,train/critic_loss,2.139500617980957
3630,train/entropy,-6.680884838104248
3630,train/episode_length_steps,999.549519430452
3630,train/fps,53637.33984456166
3640,train/reward,1.3392359018325806
3640,train/actor_loss,0.025073571130633354
3640,train/critic_loss,1.7614408731460571
3640,train/entropy,-6.600012302398682
3640,train/episode_length_steps,654.9307845610301
3640,train/fps,53633.02003555278
3650,train/reward,1.3531520366668701
3650,train/actor_loss,0.02245667204260826
3650,train/critic_loss,1.820665717124939
3650,train/entropy,-6.517588138580322
3650,train/episode_length_steps,861.5728416085835
3650,train/fps,53632.68507649018
3660,train/reward,1.3583853244781494
3660,train/actor_loss,0.01951093040406704
3660,train/critic_loss,1.2087572813034058
3660,train/entropy,-6.431591033935547
3660,train/episode_length_steps,1235.0011879650099
3660,train/fps,53644.69222976383
3670,train/reward,1.3425650596618652
3670,train/actor_loss,0.019940169528126717
3670,train/critic_loss,1.5191816091537476
3670,train/entropy,-6.361251354217529
3670,train/episode_length_steps,671.7126014661571
3670,train/fps,53645.06810497711
3680,train/reward,1.3436521291732788
3680,train/actor_loss,0.01744718663394451
3680,train/critic_loss,4.9510321617126465
3680,train/entropy,-6.297775745391846
3680,train/episode_length_steps,700.4288416623831
3680,train/fps,53642.840979476714
3690,train/reward,1.341273546218872
3690,train/actor_loss,0.017799897119402885
3690,train/critic_loss,8.344206809997559
3690,train/entropy,-6.234447956085205
3690,train/episode_length_steps,723.6306755806095
3690,train/fps,53652.46313110106
3700,train/reward,1.3409351110458374
3700,train/actor_loss,0.016072049736976624
3700,train/critic_loss,2.6275599002838135
3700,train/entropy,-6.197238445281982
3700,train/episode_length_steps,685.7702341563804
3700,train/fps,53649.125744329605
3710,train/reward,1.348912000656128
3710,train/actor_loss,0.01767350360751152
3710,train/critic_loss,1.3081014156341553
3710,train/entropy,-6.118095397949219
3710,train/episode_length_steps,955.8154697427
3710,train/fps,53647.95968618046
3720,train/reward,1.34103262424469
3720,train/actor_loss,0.01750808395445347
3720,train/critic_loss,1.3454303741455078
3720,train/entropy,-6.066215515136719
3720,train/episode_length_steps,884.8379899660755
3720,train/fps,53646.45369848112
3730,train/reward,1.343935251235962
3730,train/actor_loss,0.01764490269124508
3730,train/critic_loss,1.446942687034607
3730,train/entropy,-6.046214580535889
3730,train/episode_length_steps,903.12844929582
3730,train/fps,53657.70518868591
3740,train/reward,1.3484106063842773
3740,train/actor_loss,0.01359256636351347
3740,train/critic_loss,0.8561558127403259
3740,train/entropy,-5.970353603363037
3740,train/episode_length_steps,999.549519430452
3740,train/fps,53661.09192256703
3750,train/reward,1.3421272039413452
3750,train/actor_loss,0.015440619550645351
3750,train/critic_loss,0.6243953704833984
3750,train/entropy,-5.99167013168335
3750,train/episode_length_steps,884.8379899660755
3750,train/fps,53665.4772099222
3760,train/reward,1.340977430343628
3760,train/actor_loss,0.01824270561337471
3760,train/critic_loss,1.1734561920166016
3760,train/entropy,-5.981089115142822
3760,train/episode_length_steps,844.9113276288067
3760,train/fps,53681.03742969111
3770,train/reward,1.3429430723190308
3770,train/actor_loss,0.015626732259988785
3770,train/critic_loss,0.6082095503807068
3770,train/entropy,-5.991146564483643
3770,train/episode_length_steps,962.8367577976614
3770,train/fps,53687.46976335296
3780,train/reward,1.3437516689300537
3780,train/actor_loss,0.026019617915153503
3780,train/critic_loss,0.9418433308601379
3780,train/entropy,-5.992781162261963
3780,train/episode_length_steps,909.3944711658012
3780,train/fps,53693.50102615995
3790,train/reward,1.3404793739318848
3790,train/actor_loss,0.012614703737199306
3790,train/critic_loss,2.054030179977417
3790,train/entropy,-5.958797454833984
3790,train/episode_length_steps,731.7100184606722
3790,train/fps,53710.47923264281
3800,train/reward,1.3381682634353638
3800,train/actor_loss,0.015045933425426483
3800,train/critic_loss,2.8261094093322754
3800,train/entropy,-5.9114580154418945
3800,train/episode_length_steps,850.393099192874
3800,train/fps,53715.71108892571
3810,train/reward,1.3371220827102661
3810,train/actor_loss,0.009212558157742023
3810,train/critic_loss,1.6636675596237183
3810,train/entropy,-5.863563060760498
3810,train/episode_length_steps,788.9674003909396
3810,train/fps,53731.09243602374
3820,train/reward,1.3426580429077148
3820,train/actor_loss,0.01925993710756302
3820,train/critic_loss,1.380315899848938
3820,train/entropy,-5.847481727600098
3820,train/episode_length_steps,731.7100184606722
3820,train/fps,53740.017460899064
3830,train/reward,1.3378596305847168
3830,train/actor_loss,0.017502641305327415
3830,train/critic_loss,1.204475998878479
3830,train/entropy,-5.847078800201416
3830,train/episode_length_steps,850.393099192874
3830,train/fps,53737.47823219356
3840,train/reward,1.3380930423736572
3840,train/actor_loss,0.011093857698142529
3840,train/critic_loss,1.2699776887893677
3840,train/entropy,-5.895030975341797
3840,train/episode_length_steps,739.9718102535958
3840,train/fps,53735.28769478278
3850,train/reward,1.3435120582580566
3850,train/actor_loss,0.011775821447372437
3850,train/critic_loss,0.8743258714675903
3850,train/entropy,-5.890115261077881
3850,train/episode_length_steps,903.12844929582
3850,train/fps,53743.599574349915
3860,train/reward,1.3346786499023438
3860,train/actor_loss,0.011061160825192928
3860,train/critic_loss,1.0974072217941284
3860,train/entropy,-5.8901872634887695
3860,train/episode_length_steps,873.0504502092679
3860,train/fps,53747.90109882305
3870,train/reward,1.3372544050216675
3870,train/actor_loss,0.014123414643108845
3870,train/critic_loss,1.34121572971344
3870,train/entropy,-5.89527702331543
3870,train/episode_length_steps,719.6575442107978
3870,train/fps,53747.674662424186
3880,train/reward,1.3439950942993164
3880,train/actor_loss,0.016120078042149544
3880,train/critic_loss,3.5457382202148438
3880,train/entropy,-5.8262481689453125
3880,train/episode_length_steps,757.0680322478452
3880,train/fps,53759.83282293204
3890,train/reward,1.3391368389129639
3890,train/actor_loss,0.011423447169363499
3890,train/critic_loss,3.1371214389801025
3890,train/entropy,-5.791622638702393
3890,train/episode_length_steps,761.4662389368028
3890,train/fps,53765.28670579853
3900,train/reward,1.3436400890350342
3900,train/actor_loss,0.019897306337952614
3900,train/critic_loss,1.8924258947372437
3900,train/entropy,-5.7661261558532715
3900,train/episode_length_steps,834.1571042040623
3900,train/fps,53769.40530487235
3910,train/reward,1.3433855772018433
3910,train/actor_loss,0.011439700610935688
3910,train/critic_loss,2.0871219635009766
3910,train/entropy,-5.731575012207031
3910,train/episode_length_steps,873.0504502092679
3910,train/fps,53788.14952522203
3920,train/reward,1.338308572769165
3920,train/actor_loss,0.013118877075612545
3920,train/critic_loss,1.1944416761398315
3920,train/entropy,-5.71838903427124
3920,train/episode_length_steps,839.499776188048
3920,train/fps,53794.290761740114
3930,train/reward,1.3417078256607056
3930,train/actor_loss,0.016001064330339432
3930,train/critic_loss,2.048524856567383
3930,train/entropy,-5.706932067871094
3930,train/episode_length_steps,779.5822535408565
3930,train/fps,53799.18974504594
3940,train/reward,1.3391048908233643
3940,train/actor_loss,0.012995573692023754
3940,train/critic_loss,2.418449640274048
3940,train/entropy,-5.685394763946533
3940,train/episode_length_steps,765.9158472401787
3940,train/fps,53815.256511362284
3950,train/reward,1.3352035284042358
3950,train/actor_loss,0.015135935507714748
3950,train/critic_loss,1.71795654296875
3950,train/entropy,-5.666465759277344
3950,train/episode_length_steps,685.7702341563804
3950,train/fps,53820.71263693547
3960,train/reward,1.3345582485198975
3960,train/actor_loss,0.010227850638329983
3960,train/critic_loss,2.4118266105651855
3960,train/entropy,-5.60003137588501
3960,train/episode_length_steps,715.7278039632729
3960,train/fps,53828.25588014117
3970,train/reward,1.3321008682250977
3970,train/actor_loss,0.013002815656363964
3970,train/critic_loss,2.5026626586914062
3970,train/entropy,-5.60625696182251
3970,train/episode_length_steps,884.8379899660755
3970,train/fps,53846.59586556575
3980,train/reward,1.3298909664154053
3980,train/actor_loss,0.010651880875229836
3980,train/critic_loss,3.0365753173828125
3980,train/entropy,-5.612176418304443
3980,train/episode_length_steps,675.172699813866
3980,train/fps,53854.58928983258
3990,train/reward,1.3407549858093262
3990,train/actor_loss,0.013049810193479061
3990,train/critic_loss,1.9165327548980713
3990,train/entropy,-5.586421489715576
3990,train/episode_length_steps,844.9113276288067
3990,train/fps,53862.844290329434
4000,train/reward,1.343595027923584
4000,train/actor_loss,0.010506310500204563
4000,train/critic_loss,2.0428578853607178
4000,train/entropy,-5.571087837219238
4000,train/episode_length_steps,735.817724153145
4000,train/fps,53880.06554988619
4000,eval/med_figure8_normal,0.1393945813179016
4010,train/reward,1.343667984008789
4010,train/actor_loss,0.008785175159573555
4010,train/critic_loss,1.7779206037521362
4010,train/entropy,-5.560227870941162
4010,train/episode_length_steps,723.6306755806095
4010,train/fps,50607.879439324584
4020,train/reward,1.3457075357437134
4020,train/actor_loss,0.009025883860886097
4020,train/critic_loss,1.6487690210342407
4020,train/entropy,-5.612546920776367
4020,train/episode_length_steps,884.8379899660755
4020,train/fps,50634.28931167108
4030,train/reward,1.3449223041534424
4030,train/actor_loss,0.011859242804348469
4030,train/critic_loss,1.88223135471344
4030,train/entropy,-5.615293979644775
4030,train/episode_length_steps,935.352867349791
4030,train/fps,50647.64226469718
4040,train/reward,1.3449108600616455
4040,train/actor_loss,0.019822387024760246
4040,train/critic_loss,1.2690424919128418
4040,train/entropy,-5.592067718505859
4040,train/episode_length_steps,878.9046993506491
4040,train/fps,50655.46652108147
4050,train/reward,1.3460972309112549
4050,train/actor_loss,0.011241006664931774
4050,train/critic_loss,0.8893834948539734
4050,train/entropy,-5.649422645568848
4050,train/episode_length_steps,828.8820049231059
4050,train/fps,50673.65121559176
4060,train/reward,1.3477407693862915
4060,train/actor_loss,0.011758862994611263
4060,train/critic_loss,1.8449060916900635
4060,train/entropy,-5.680515289306641
4060,train/episode_length_steps,774.9729156804493
4060,train/fps,50682.411767021586
4070,train/reward,1.342783808708191
4070,train/actor_loss,0.007556970696896315
4070,train/critic_loss,1.8146063089370728
4070,train/entropy,-5.687869548797607
4070,train/episode_length_steps,850.393099192874
4070,train/fps,50691.2804714542
4080,train/reward,1.3408981561660767
4080,train/actor_loss,0.01012446265667677
4080,train/critic_loss,2.3101189136505127
4080,train/entropy,-5.693066596984863
4080,train/episode_length_steps,784.2467497605712
4080,train/fps,50713.069521976715
4090,train/reward,1.3454322814941406
4090,train/actor_loss,0.011824642308056355
4090,train/critic_loss,1.2830361127853394
4090,train/entropy,-5.667819976806641
4090,train/episode_length_steps,867.2736735434524
4090,train/fps,50726.862187998595
4100,train/reward,1.3458092212677002
4100,train/actor_loss,0.012188397347927094
4100,train/critic_loss,1.5320688486099243
4100,train/entropy,-5.656774997711182
4100,train/episode_length_steps,808.432328135103
4100,train/fps,50740.462613909716
4110,train/reward,1.3457965850830078
4110,train/actor_loss,0.00881404709070921
4110,train/critic_loss,1.3688548803329468
4110,train/entropy,-5.6916117668151855
4110,train/episode_length_steps,850.393099192874
4110,train/fps,50736.44673309978
4120,train/reward,1.349748134613037
4120,train/actor_loss,0.010963897220790386
4120,train/critic_loss,1.611879587173462
4120,train/entropy,-5.689543724060059
4120,train/episode_length_steps,1109.547198555855
4120,train/fps,50745.423854748275
4130,train/reward,1.3461995124816895
4130,train/actor_loss,0.011354700662195683
4130,train/critic_loss,1.057074785232544
4130,train/entropy,-5.694339275360107
4130,train/episode_length_steps,850.393099192874
4130,train/fps,50727.52707046887
4140,train/reward,1.3472743034362793
4140,train/actor_loss,0.013456428423523903
4140,train/critic_loss,1.2788852453231812
4140,train/entropy,-5.7026286125183105
4140,train/episode_length_steps,903.12844929582
4140,train/fps,50728.96081735653
4150,train/reward,1.3486411571502686
4150,train/actor_loss,0.013105626218020916
4150,train/critic_loss,1.1886924505233765
4150,train/entropy,-5.69025993347168
4150,train/episode_length_steps,839.499776188048
4150,train/fps,50715.28209597714
4160,train/reward,1.3449252843856812
4160,train/actor_loss,0.010209533385932446
4160,train/critic_loss,1.4896160364151
4160,train/entropy,-5.699818134307861
4160,train/episode_length_steps,884.8379899660755
4160,train/fps,50730.24285361738
4170,train/reward,1.3432981967926025
4170,train/actor_loss,0.01228700578212738
4170,train/critic_loss,1.3706625699996948
4170,train/entropy,-5.704921722412109
4170,train/episode_length_steps,784.2467497605712
4170,train/fps,50734.85878063068
4180,train/reward,1.3449628353118896
4180,train/actor_loss,0.013155722990632057
4180,train/critic_loss,1.1437815427780151
4180,train/entropy,-5.711276531219482
4180,train/episode_length_steps,828.8820049231059
4180,train/fps,50713.256692104434
4190,train/reward,1.34571373462677
4190,train/actor_loss,0.012633523903787136
4190,train/critic_loss,1.173630714416504
4190,train/entropy,-5.757979869842529
4190,train/episode_length_steps,784.2467497605712
4190,train/fps,50690.25742901961
4200,train/reward,1.3444052934646606
4200,train/actor_loss,0.01761021465063095
4200,train/critic_loss,1.175872564315796
4200,train/entropy,-5.774144172668457
4200,train/episode_length_steps,757.0680322478452
4200,train/fps,50684.60273433713
4210,train/reward,1.3496367931365967
4210,train/actor_loss,0.01103146281093359
4210,train/critic_loss,0.8981559872627258
4210,train/entropy,-5.7870707511901855
4210,train/episode_length_steps,813.4495623538085
4210,train/fps,50703.69719635465
4220,train/reward,1.3493731021881104
4220,train/actor_loss,0.01224037166684866
4220,train/critic_loss,0.5924438834190369
4220,train/entropy,-5.819457530975342
4220,train/episode_length_steps,861.5728416085835
4220,train/fps,50700.923294044915
4230,train/reward,1.3495997190475464
4230,train/actor_loss,0.021247774362564087
4230,train/critic_loss,0.433889240026474
4230,train/entropy,-5.8862810134887695
4230,train/episode_length_steps,793.7452256108409
4230,train/fps,50691.984453778
4240,train/reward,1.3536595106124878
4240,train/actor_loss,0.012923263013362885
4240,train/critic_loss,0.7155159115791321
4240,train/entropy,-5.939452648162842
4240,train/episode_length_steps,884.8379899660755
4240,train/fps,50683.03641932721
4250,train/reward,1.3498380184173584
4250,train/actor_loss,0.01484955009073019
4250,train/critic_loss,0.5896409749984741
4250,train/entropy,-5.994516372680664
4250,train/episode_length_steps,969.9619640403653
4250,train/fps,50698.96437644364
4260,train/reward,1.3511509895324707
4260,train/actor_loss,0.014974409714341164
4260,train/critic_loss,0.732984721660614
4260,train/entropy,-6.026366710662842
4260,train/episode_length_steps,915.7480494521833
4260,train/fps,50710.1914977122
4270,train/reward,1.34922456741333
4270,train/actor_loss,0.017888573929667473
4270,train/critic_loss,0.8947404026985168
4270,train/entropy,-6.063198566436768
4270,train/episode_length_steps,1055.9161206631647
4270,train/fps,50704.5671597493
4280,train/reward,1.3479620218276978
4280,train/actor_loss,0.014156850054860115
4280,train/critic_loss,1.0851671695709229
4280,train/entropy,-6.0850701332092285
4280,train/episode_length_steps,844.9113276288067
4280,train/fps,50661.89464401034
4290,train/reward,1.3531103134155273
4290,train/actor_loss,0.010202009230852127
4290,train/critic_loss,0.3344849646091461
4290,train/entropy,-6.1057000160217285
4290,train/episode_length_steps,942.0756852933614
4290,train/fps,50632.24063465902
4300,train/reward,1.3480902910232544
4300,train/actor_loss,0.01396854966878891
4300,train/critic_loss,0.454940527677536
4300,train/entropy,-6.165103912353516
4300,train/episode_length_steps,788.9674003909396
4300,train/fps,50627.254524704345
4310,train/reward,1.3518702983856201
4310,train/actor_loss,0.02054023928940296
4310,train/critic_loss,0.4599073529243469
4310,train/entropy,-6.1749796867370605
4310,train/episode_length_steps,861.5728416085835
4310,train/fps,50633.16251673949
4320,train/reward,1.3492016792297363
4320,train/actor_loss,0.015349559485912323
4320,train/critic_loss,0.49234914779663086
4320,train/entropy,-6.194192409515381
4320,train/episode_length_steps,942.0756852933614
4320,train/fps,50630.26726078519
4330,train/reward,1.3480967283248901
4330,train/actor_loss,0.01682923175394535
4330,train/critic_loss,0.34169402718544006
4330,train/entropy,-6.235212802886963
4330,train/episode_length_steps,942.0756852933614
4330,train/fps,50622.80568925913
4340,train/reward,1.3490554094314575
4340,train/actor_loss,0.017735406756401062
4340,train/critic_loss,0.546500027179718
4340,train/entropy,-6.257679462432861
4340,train/episode_length_steps,935.352867349791
4340,train/fps,50557.614832481595
4350,train/reward,1.3462822437286377
4350,train/actor_loss,0.02083052322268486
4350,train/critic_loss,0.3744226396083832
4350,train/entropy,-6.288229942321777
4350,train/episode_length_steps,935.352867349791
4350,train/fps,50496.58936548393
4360,train/reward,1.3469526767730713
4360,train/actor_loss,0.010799787938594818
4360,train/critic_loss,0.5436418056488037
4360,train/entropy,-6.353789329528809
4360,train/episode_length_steps,1073.207643669909
4360,train/fps,50447.324682543716
4370,train/reward,1.3517730236053467
4370,train/actor_loss,0.018724579364061356
4370,train/critic_loss,0.35204753279685974
4370,train/entropy,-6.3816447257995605
4370,train/episode_length_steps,1235.0011879650099
4370,train/fps,50422.95036376936
4380,train/reward,1.3538240194320679
4380,train/actor_loss,0.016088489443063736
4380,train/critic_loss,0.3015926778316498
4380,train/entropy,-6.3929057121276855
4380,train/episode_length_steps,1047.4776400860692
4380,train/fps,50396.54099743653
4390,train/reward,1.3497414588928223
4390,train/actor_loss,0.015355626121163368
4390,train/critic_loss,0.35625800490379333
4390,train/entropy,-6.4560227394104
4390,train/episode_length_steps,969.9619640403653
4390,train/fps,50380.95321746475
4400,train/reward,1.349940299987793
4400,train/actor_loss,0.01187750231474638
4400,train/critic_loss,0.28651171922683716
4400,train/entropy,-6.520308017730713
4400,train/episode_length_steps,828.8820049231059
4400,train/fps,50368.270719369284
4410,train/reward,1.3519506454467773
4410,train/actor_loss,0.012729048728942871
4410,train/critic_loss,0.3442194163799286
4410,train/entropy,-6.535250186920166
4410,train/episode_length_steps,1039.1729644539928
4410,train/fps,50354.538895382306
4420,train/reward,1.3488725423812866
4420,train/actor_loss,0.01667664386332035
4420,train/critic_loss,0.29642966389656067
4420,train/entropy,-6.599094390869141
4420,train/episode_length_steps,803.4766056095065
4420,train/fps,50338.52709908725
4430,train/reward,1.3532449007034302
4430,train/actor_loss,0.017976775765419006
4430,train/critic_loss,0.2054101973772049
4430,train/entropy,-6.6620683670043945
4430,train/episode_length_steps,818.5294606658226
4430,train/fps,50280.45607439869
4440,train/reward,1.3547927141189575
4440,train/actor_loss,0.011724777519702911
4440,train/critic_loss,0.09143217653036118
4440,train/entropy,-6.753364562988281
4440,train/episode_length_steps,884.8379899660755
4440,train/fps,50226.430352995056
4450,train/reward,1.354791283607483
4450,train/actor_loss,0.02301613986492157
4450,train/critic_loss,0.1174439936876297
4450,train/entropy,-6.842133522033691
4450,train/episode_length_steps,878.9046993506491
4450,train/fps,50185.202585405976
4460,train/reward,1.3583943843841553
4460,train/actor_loss,0.012940089218318462
4460,train/critic_loss,0.14664460718631744
4460,train/entropy,-6.936578273773193
4460,train/episode_length_steps,1119.0198959333352
4460,train/fps,50161.854533836326
4470,train/reward,1.351649284362793
4470,train/actor_loss,0.016165822744369507
4470,train/critic_loss,0.260630339384079
4470,train/entropy,-7.028703212738037
4470,train/episode_length_steps,867.2736735434524
4470,train/fps,50122.95790509609
4480,train/reward,1.3538340330123901
4480,train/actor_loss,0.01855452172458172
4480,train/critic_loss,0.24050870537757874
4480,train/entropy,-7.08447265625
4480,train/episode_length_steps,878.9046993506491
4480,train/fps,50093.60132494684
4490,train/reward,1.3574776649475098
4490,train/actor_loss,0.021924985572695732
4490,train/critic_loss,0.24405837059020996
4490,train/entropy,-7.156588077545166
4490,train/episode_length_steps,991.9846862364063
4490,train/fps,50080.30469368948
4500,train/reward,1.3520506620407104
4500,train/actor_loss,0.017431406304240227
4500,train/critic_loss,0.11998150497674942
4500,train/entropy,-7.165359020233154
4500,train/episode_length_steps,867.2736735434524
4500,train/fps,50073.56337683191
4510,train/reward,1.3538905382156372
4510,train/actor_loss,0.018017759546637535
4510,train/critic_loss,0.06665779650211334
4510,train/entropy,-7.2366943359375
4510,train/episode_length_steps,1007.2306174500739
4510,train/fps,50055.48216871654
4520,train/reward,1.353663682937622
4520,train/actor_loss,0.02379152737557888
4520,train/critic_loss,0.07841016352176666
4520,train/entropy,-7.333191871643066
4520,train/episode_length_steps,1091.074921898641
4520,train/fps,50041.38592982363
4530,train/reward,1.3544657230377197
4530,train/actor_loss,0.017840569838881493
4530,train/critic_loss,0.08230223506689072
4530,train/entropy,-7.398242473602295
4530,train/episode_length_steps,984.5334979350276
4530,train/fps,50025.916874126044
4540,train/reward,1.3582792282104492
4540,train/actor_loss,0.014502993784844875
4540,train/critic_loss,0.045533519238233566
4540,train/entropy,-7.494083404541016
4540,train/episode_length_steps,1039.1729644539928
4540,train/fps,50015.90394109828
4550,train/reward,1.3576650619506836
4550,train/actor_loss,0.020515719428658485
4550,train/critic_loss,0.12603339552879333
4550,train/entropy,-7.563961982727051
4550,train/episode_length_steps,884.8379899660755
4550,train/fps,49995.94456322361
4560,train/reward,1.3601572513580322
4560,train/actor_loss,0.016432587057352066
4560,train/critic_loss,0.22339749336242676
4560,train/entropy,-7.5590500831604
4560,train/episode_length_steps,1015.0306813839508
4560,train/fps,49983.7923557031
4570,train/reward,1.3521450757980347
4570,train/actor_loss,0.018182551488280296
4570,train/critic_loss,0.21595318615436554
4570,train/entropy,-7.523528575897217
4570,train/episode_length_steps,903.12844929582
4570,train/fps,49951.7290151565
4580,train/reward,1.3566190004348755
4580,train/actor_loss,0.019133085384964943
4580,train/critic_loss,0.13761144876480103
4580,train/entropy,-7.531668186187744
4580,train/episode_length_steps,999.549519430452
4580,train/fps,49958.78190242379
4590,train/reward,1.3591556549072266
4590,train/actor_loss,0.020337702706456184
4590,train/critic_loss,0.13774095475673676
4590,train/entropy,-7.509326457977295
4590,train/episode_length_steps,991.9846862364063
4590,train/fps,49978.47003743629
4600,train/reward,1.3620848655700684
4600,train/actor_loss,0.023074274882674217
4600,train/critic_loss,0.28621575236320496
4600,train/entropy,-7.461137294769287
4600,train/episode_length_steps,915.7480494521833
4600,train/fps,49999.706980723844
4610,train/reward,1.3570201396942139
4610,train/actor_loss,0.017307652160525322
4610,train/critic_loss,0.25124073028564453
4610,train/entropy,-7.460768222808838
4610,train/episode_length_steps,1039.1729644539928
4610,train/fps,50032.32690295327
4620,train/reward,1.3621251583099365
4620,train/actor_loss,0.012363658286631107
4620,train/critic_loss,0.0917571410536766
4620,train/entropy,-7.500943660736084
4620,train/episode_length_steps,1270.9263799759592
4620,train/fps,50055.18292098108
4630,train/reward,1.361743450164795
4630,train/actor_loss,0.0154078034684062
4630,train/critic_loss,0.16243711113929749
4630,train/entropy,-7.505074501037598
4630,train/episode_length_steps,1246.7484398903493
4630,train/fps,50080.43598477107
4640,train/reward,1.3593668937683105
4640,train/actor_loss,0.020754097029566765
4640,train/critic_loss,0.06994214653968811
4640,train/entropy,-7.5629167556762695
4640,train/episode_length_steps,977.1934127239363
4640,train/fps,50104.336378535205
4650,train/reward,1.3591468334197998
4650,train/actor_loss,0.014040336012840271
4650,train/critic_loss,0.05293858051300049
4650,train/entropy,-7.643589973449707
4650,train/episode_length_steps,942.0756852933614
4650,train/fps,50128.8833323623
4660,train/reward,1.3595452308654785
4660,train/actor_loss,0.012079405598342419
4660,train/critic_loss,0.13810451328754425
4660,train/entropy,-7.693141937255859
4660,train/episode_length_steps,1082.0675309469727
4660,train/fps,50161.40322697323
4670,train/reward,1.352924108505249
4670,train/actor_loss,0.016879480332136154
4670,train/critic_loss,0.08978614211082458
4670,train/entropy,-7.712707042694092
4670,train/episode_length_steps,850.393099192874
4670,train/fps,50185.322197575304
4680,train/reward,1.356947898864746
4680,train/actor_loss,0.014613513834774494
4680,train/critic_loss,0.17687566578388214
4680,train/entropy,-7.7505784034729
4680,train/episode_length_steps,850.393099192874
4680,train/fps,50217.7190911616
4690,train/reward,1.3571054935455322
4690,train/actor_loss,0.01898840256035328
4690,train/critic_loss,0.19874157011508942
4690,train/entropy,-7.767758846282959
4690,train/episode_length_steps,818.5294606658226
4690,train/fps,50241.789171110504
4700,train/reward,1.358137845993042
4700,train/actor_loss,0.022808317095041275
4700,train/critic_loss,0.1574363112449646
4700,train/entropy,-7.779210090637207
4700,train/episode_length_steps,977.1934127239363
4700,train/fps,50207.248584703404
4710,train/reward,1.3622444868087769
4710,train/actor_loss,0.013915861956775188
4710,train/critic_loss,0.06569963693618774
4710,train/entropy,-7.7519426345825195
4710,train/episode_length_steps,1091.074921898641
4710,train/fps,50178.082278599904
4720,train/reward,1.3578050136566162
4720,train/actor_loss,0.01888696849346161
4720,train/critic_loss,0.1905907541513443
4720,train/entropy,-7.788273811340332
4720,train/episode_length_steps,890.8519337098286
4720,train/fps,50203.78191295613
4730,train/reward,1.360036849975586
4730,train/actor_loss,0.01850304938852787
4730,train/critic_loss,0.2075308859348297
4730,train/entropy,-7.761019229888916
4730,train/episode_length_steps,948.8958429280851
4730,train/fps,50230.700068575155
4740,train/reward,1.3596382141113281
4740,train/actor_loss,0.013823315501213074
4740,train/critic_loss,0.10380269587039948
4740,train/entropy,-7.756749153137207
4740,train/episode_length_steps,1082.0675309469727
4740,train/fps,50265.62327878072
4750,train/reward,1.3619277477264404
4750,train/actor_loss,0.013999528251588345
4750,train/critic_loss,0.10843171924352646
4750,train/entropy,-7.8127288818359375
4750,train/episode_length_steps,878.9046993506491
4750,train/fps,50292.435445458315
4760,train/reward,1.3619242906570435
4760,train/actor_loss,0.016314325854182243
4760,train/critic_loss,0.04302896559238434
4760,train/entropy,-7.866781711578369
4760,train/episode_length_steps,1030.9989362789295
4760,train/fps,50319.03310836065
4770,train/reward,1.3607420921325684
4770,train/actor_loss,0.02269407920539379
4770,train/critic_loss,0.047510869801044464
4770,train/entropy,-7.9594879150390625
4770,train/episode_length_steps,1148.4339689720955
4770,train/fps,50353.37999031381
4780,train/reward,1.3628344535827637
4780,train/actor_loss,0.022422289475798607
4780,train/critic_loss,0.0795363187789917
4780,train/entropy,-8.001351356506348
4780,train/episode_length_steps,1039.1729644539928
4780,train/fps,50379.68977975995
4790,train/reward,1.3615446090698242
4790,train/actor_loss,0.017955008894205093
4790,train/critic_loss,0.24915149807929993
4790,train/entropy,-8.016757011413574
4790,train/episode_length_steps,1007.2306174500739
4790,train/fps,50413.65357833786
4800,train/reward,1.3622509241104126
4800,train/actor_loss,0.013538283295929432
4800,train/critic_loss,0.18321673572063446
4800,train/entropy,-7.975505828857422
4800,train/episode_length_steps,861.5728416085835
4800,train/fps,50439.54153033212
4810,train/reward,1.365079402923584
4810,train/actor_loss,0.023970136418938637
4810,train/critic_loss,0.06349458545446396
4810,train/entropy,-8.075179100036621
4810,train/episode_length_steps,1109.547198555855
4810,train/fps,50474.15754399856
4820,train/reward,1.361720323562622
4820,train/actor_loss,0.013168173842132092
4820,train/critic_loss,0.04336036369204521
4820,train/entropy,-8.117687225341797
4820,train/episode_length_steps,903.12844929582
4820,train/fps,50500.30787022818
4830,train/reward,1.3629405498504639
4830,train/actor_loss,0.011673822067677975
4830,train/critic_loss,0.10826309025287628
4830,train/entropy,-8.147244453430176
4830,train/episode_length_steps,999.549519430452
4830,train/fps,50534.39854425867
4840,train/reward,1.3642337322235107
4840,train/actor_loss,0.015417170710861683
4840,train/critic_loss,0.1950216293334961
4840,train/entropy,-8.177359580993652
4840,train/episode_length_steps,1091.074921898641
4840,train/fps,50559.99377251059
4850,train/reward,1.3644540309906006
4850,train/actor_loss,0.01851094700396061
4850,train/critic_loss,0.11113855987787247
4850,train/entropy,-8.135275840759277
4850,train/episode_length_steps,948.8958429280851
4850,train/fps,50593.60715319467
4860,train/reward,1.361619472503662
4860,train/actor_loss,0.01555843185633421
4860,train/critic_loss,0.22505326569080353
4860,train/entropy,-8.103546142578125
4860,train/episode_length_steps,1022.9524966434373
4860,train/fps,50619.11848444735
4870,train/reward,1.366003394126892
4870,train/actor_loss,0.01577352173626423
4870,train/critic_loss,0.048939019441604614
4870,train/entropy,-8.073954582214355
4870,train/episode_length_steps,1201.0511543403513
4870,train/fps,50644.23190588277
4880,train/reward,1.3622736930847168
4880,train/actor_loss,0.01542565505951643
4880,train/critic_loss,0.31590208411216736
4880,train/entropy,-8.072909355163574
4880,train/episode_length_steps,1158.5853265847247
4880,train/fps,50678.04524857176
4890,train/reward,1.3593195676803589
4890,train/actor_loss,0.01454484649002552
4890,train/critic_loss,0.1377178579568863
4890,train/entropy,-8.074170112609863
4890,train/episode_length_steps,948.8958429280851
4890,train/fps,50703.2342281513
4900,train/reward,1.360243558883667
4900,train/actor_loss,0.018880510702729225
4900,train/critic_loss,0.05684800073504448
4900,train/entropy,-8.080913543701172
4900,train/episode_length_steps,955.8154697427
4900,train/fps,50736.33637136336
4910,train/reward,1.3634029626846313
4910,train/actor_loss,0.01498595904558897
4910,train/critic_loss,0.07041727751493454
4910,train/entropy,-8.078890800476074
4910,train/episode_length_steps,1022.9524966434373
4910,train/fps,50762.26326545157
4920,train/reward,1.35910165309906
4920,train/actor_loss,0.015211115591228008
4920,train/critic_loss,0.1552649736404419
4920,train/entropy,-8.092079162597656
4920,train/episode_length_steps,873.0504502092679
4920,train/fps,50795.61673707645
4930,train/reward,1.3640928268432617
4930,train/actor_loss,0.021045854315161705
4930,train/critic_loss,0.06921448558568954
4930,train/entropy,-8.10792064666748
4930,train/episode_length_steps,844.9113276288067
4930,train/fps,50819.78213118062
4940,train/reward,1.3586266040802002
4940,train/actor_loss,0.015491182915866375
4940,train/critic_loss,0.17158162593841553
4940,train/entropy,-8.145770072937012
4940,train/episode_length_steps,828.8820049231059
4940,train/fps,50853.12106134728
4950,train/reward,1.3629562854766846
4950,train/actor_loss,0.01585506834089756
4950,train/critic_loss,0.1361324042081833
4950,train/entropy,-8.207387924194336
4950,train/episode_length_steps,935.352867349791
4950,train/fps,50878.27421643394
4960,train/reward,1.3613804578781128
4960,train/actor_loss,0.01917300373315811
4960,train/critic_loss,0.20862650871276855
4960,train/entropy,-8.21811580657959
4960,train/episode_length_steps,1055.9161206631647
4960,train/fps,50911.38039410549
4970,train/reward,1.3604243993759155
4970,train/actor_loss,0.012828213162720203
4970,train/critic_loss,0.0935407504439354
4970,train/entropy,-8.176846504211426
4970,train/episode_length_steps,969.9619640403653
4970,train/fps,50936.4466042137
4980,train/reward,1.362189769744873
4980,train/actor_loss,0.016657397150993347
4980,train/critic_loss,0.06495507061481476
4980,train/entropy,-8.203566551208496
4980,train/episode_length_steps,991.9846862364063
4980,train/fps,50960.97453458836
4990,train/reward,1.361525058746338
4990,train/actor_loss,0.012442667968571186
4990,train/critic_loss,0.07633689790964127
4990,train/entropy,-8.251120567321777
4990,train/episode_length_steps,1064.4916662465182
4990,train/fps,50994.11088395788
5000,train/reward,1.365362286567688
5000,train/actor_loss,0.013821599073708057
5000,train/critic_loss,0.05665314942598343
5000,train/entropy,-8.307229995727539
5000,train/episode_length_steps,903.12844929582
5000,train/fps,51018.526103742886
5000,eval/med_figure8_normal,0.09118073433637619
5010,train/reward,1.3655729293823242
5010,train/actor_loss,0.020139282569289207
5010,train/critic_loss,0.09039199352264404
5010,train/entropy,-8.320464134216309
5010,train/episode_length_steps,1039.1729644539928
5010,train/fps,48802.615389238905
5020,train/reward,1.3636950254440308
5020,train/actor_loss,0.01776690036058426
5020,train/critic_loss,0.05515127256512642
5020,train/entropy,-8.280352592468262
5020,train/episode_length_steps,1128.6557313446654
5020,train/fps,48832.00895570859
5030,train/reward,1.3649086952209473
5030,train/actor_loss,0.014282519929111004
5030,train/critic_loss,0.08606316894292831
5030,train/entropy,-8.289878845214844
5030,train/episode_length_steps,1039.1729644539928
5030,train/fps,48861.20665213138
5040,train/reward,1.3607648611068726
5040,train/actor_loss,0.013461350463330746
5040,train/critic_loss,0.09620510786771774
5040,train/entropy,-8.291409492492676
5040,train/episode_length_steps,1082.0675309469727
5040,train/fps,48897.14604564803
5050,train/reward,1.3616409301757812
5050,train/actor_loss,0.017719069495797157
5050,train/critic_loss,0.06437651067972183
5050,train/entropy,-8.26196575164795
5050,train/episode_length_steps,890.8519337098286
5050,train/fps,48926.42185960325
5060,train/reward,1.36436128616333
5060,train/actor_loss,0.016075588762760162
5060,train/critic_loss,0.05674297735095024
5060,train/entropy,-8.243111610412598
5060,train/episode_length_steps,1179.4361166605142
5060,train/fps,48962.46305323785
5070,train/reward,1.3578641414642334
5070,train/actor_loss,0.013935878872871399
5070,train/critic_loss,0.1015772745013237
5070,train/entropy,-8.21555233001709
5070,train/episode_length_steps,890.8519337098286
5070,train/fps,48991.437379882074
5080,train/reward,1.3602616786956787
5080,train/actor_loss,0.014137412421405315
5080,train/critic_loss,0.12541750073432922
5080,train/entropy,-8.218310356140137
5080,train/episode_length_steps,948.8958429280851
5080,train/fps,49027.19650563683
5090,train/reward,1.3606678247451782
5090,train/actor_loss,0.01184101589024067
5090,train/critic_loss,0.15077310800552368
5090,train/entropy,-8.156549453735352
5090,train/episode_length_steps,1030.9989362789295
5090,train/fps,49055.684554597705
5100,train/reward,1.363053560256958
5100,train/actor_loss,0.014533239416778088
5100,train/critic_loss,0.09409237653017044
5100,train/entropy,-8.08826732635498
5100,train/episode_length_steps,955.8154697427
5100,train/fps,49091.60228112157
5110,train/reward,1.3562326431274414
5110,train/actor_loss,0.015910882502794266
5110,train/critic_loss,0.12318950891494751
5110,train/entropy,-8.110808372497559
5110,train/episode_length_steps,962.8367577976614
5110,train/fps,49118.835905771564
5120,train/reward,1.3629094362258911
5120,train/actor_loss,0.018160561099648476
5120,train/critic_loss,0.09846825152635574
5120,train/entropy,-8.113326072692871
5120,train/episode_length_steps,1235.0011879650099
5120,train/fps,49152.88395170106
5130,train/reward,1.3608428239822388
5130,train/actor_loss,0.014727363362908363
5130,train/critic_loss,0.10046499967575073
5130,train/entropy,-8.101901054382324
5130,train/episode_length_steps,1190.1455022611601
5130,train/fps,49180.99609797838
5140,train/reward,1.358836054801941
5140,train/actor_loss,0.013173766434192657
5140,train/critic_loss,0.10822191089391708
5140,train/entropy,-8.062914848327637
5140,train/episode_length_steps,928.7253199635585
5140,train/fps,49215.24722440734
5150,train/reward,1.3590936660766602
5150,train/actor_loss,0.013570603914558887
5150,train/critic_loss,0.18517404794692993
5150,train/entropy,-8.012693405151367
5150,train/episode_length_steps,1064.4916662465182
5150,train/fps,49242.216809394515
5160,train/reward,1.3582305908203125
5160,train/actor_loss,0.017849856987595558
5160,train/critic_loss,0.255690336227417
5160,train/entropy,-7.989936351776123
5160,train/episode_length_steps,1015.0306813839508
5160,train/fps,49276.26273778223
5170,train/reward,1.3587864637374878
5170,train/actor_loss,0.01622038520872593
5170,train/critic_loss,0.06430414319038391
5170,train/entropy,-7.972420692443848
5170,train/episode_length_steps,867.2736735434524
5170,train/fps,49303.075661808485
5180,train/reward,1.3625026941299438
5180,train/actor_loss,0.015448893420398235
5180,train/critic_loss,0.1284106820821762
5180,train/entropy,-7.978740692138672
5180,train/episode_length_steps,884.8379899660755
5180,train/fps,49336.741126208486
5190,train/reward,1.357932686805725
5190,train/actor_loss,0.015987476333975792
5190,train/critic_loss,0.14648614823818207
5190,train/entropy,-7.892784118652344
5190,train/episode_length_steps,813.4495623538085
5190,train/fps,49363.392997980845
5200,train/reward,1.363088607788086
5200,train/actor_loss,0.013830338604748249
5200,train/critic_loss,0.06957324594259262
5200,train/entropy,-7.876690864562988
5200,train/episode_length_steps,984.5334979350276
5200,train/fps,49390.032560388565
5210,train/reward,1.3606700897216797
5210,train/actor_loss,0.01233396865427494
5210,train/critic_loss,0.14041779935359955
5210,train/entropy,-7.840939521789551
5210,train/episode_length_steps,1100.2335310136384
5210,train/fps,49423.32267812669
5220,train/reward,1.360413670539856
5220,train/actor_loss,0.012608668766915798
5220,train/critic_loss,0.09758904576301575
5220,train/entropy,-7.798676490783691
5220,train/episode_length_steps,903.12844929582
5220,train/fps,49449.497192979965
5230,train/reward,1.3604663610458374
5230,train/actor_loss,0.012832017615437508
5230,train/critic_loss,0.17386849224567413
5230,train/entropy,-7.792793273925781
5230,train/episode_length_steps,1022.9524966434373
5230,train/fps,49482.513831090786
5240,train/reward,1.3638465404510498
5240,train/actor_loss,0.011067613959312439
5240,train/critic_loss,0.05602177605032921
5240,train/entropy,-7.803169250488281
5240,train/episode_length_steps,1073.207643669909
5240,train/fps,49508.61117811894
5250,train/reward,1.3636884689331055
5250,train/actor_loss,0.013708903454244137
5250,train/critic_loss,0.05972135812044144
5250,train/entropy,-7.837769508361816
5250,train/episode_length_steps,962.8367577976614
5250,train/fps,49541.48653620262
5260,train/reward,1.3616220951080322
5260,train/actor_loss,0.017740217968821526
5260,train/critic_loss,0.034533269703388214
5260,train/entropy,-7.933351039886475
5260,train/episode_length_steps,1091.074921898641
5260,train/fps,49567.311988393405
5270,train/reward,1.3624486923217773
5270,train/actor_loss,0.016457099467515945
5270,train/critic_loss,0.08004957437515259
5270,train/entropy,-7.972783088684082
5270,train/episode_length_steps,1109.547198555855
5270,train/fps,49600.18517146466
5280,train/reward,1.3602240085601807
5280,train/actor_loss,0.011706031858921051
5280,train/critic_loss,0.07424311339855194
5280,train/entropy,-8.00430965423584
5280,train/episode_length_steps,1091.074921898641
5280,train/fps,49625.95531186659
5290,train/reward,1.3613183498382568
5290,train/actor_loss,0.012819898314774036
5290,train/critic_loss,0.04076926037669182
5290,train/entropy,-8.040321350097656
5290,train/episode_length_steps,1007.2306174500739
5290,train/fps,49658.55337412798
5300,train/reward,1.3609228134155273
5300,train/actor_loss,0.016530046239495277
5300,train/critic_loss,0.07922635972499847
5300,train/entropy,-8.048364639282227
5300,train/episode_length_steps,896.9481863514969
5300,train/fps,49684.542351858276
5310,train/reward,1.3627355098724365
5310,train/actor_loss,0.014163444750010967
5310,train/critic_loss,0.1920463591814041
5310,train/entropy,-8.036264419555664
5310,train/episode_length_steps,1082.0675309469727
5310,train/fps,49717.2813051788
5320,train/reward,1.358949899673462
5320,train/actor_loss,0.01662551797926426
5320,train/critic_loss,0.08404770493507385
5320,train/entropy,-7.988218784332275
5320,train/episode_length_steps,915.7480494521833
5320,train/fps,49742.81807493614
5330,train/reward,1.3604894876480103
5330,train/actor_loss,0.0141030577942729
5330,train/critic_loss,0.10299712419509888
5330,train/entropy,-7.96625280380249
5330,train/episode_length_steps,896.9481863514969
5330,train/fps,49774.92517787456
5340,train/reward,1.3631868362426758
5340,train/actor_loss,0.017102090641856194
5340,train/critic_loss,0.041830237954854965
5340,train/entropy,-8.028251647949219
5340,train/episode_length_steps,999.549519430452
5340,train/fps,49800.57500072895
5350,train/reward,1.3628239631652832
5350,train/actor_loss,0.012729622423648834
5350,train/critic_loss,0.10582496970891953
5350,train/entropy,-8.03412914276123
5350,train/episode_length_steps,1030.9989362789295
5350,train/fps,49826.00172595874
5360,train/reward,1.359617829322815
5360,train/actor_loss,0.014744685962796211
5360,train/critic_loss,0.11274554580450058
5360,train/entropy,-8.023834228515625
5360,train/episode_length_steps,955.8154697427
5360,train/fps,49858.54259037037
5370,train/reward,1.3602396249771118
5370,train/actor_loss,0.015214718878269196
5370,train/critic_loss,0.1927240490913391
5370,train/entropy,-7.958937168121338
5370,train/episode_length_steps,1158.5853265847247
5370,train/fps,49883.720361616164
5380,train/reward,1.3566429615020752
5380,train/actor_loss,0.0281039010733366
5380,train/critic_loss,0.10603874176740646
5380,train/entropy,-7.89333438873291
5380,train/episode_length_steps,1128.6557313446654
5380,train/fps,49916.60360603552
5390,train/reward,1.357961893081665
5390,train/actor_loss,0.012436064891517162
5390,train/critic_loss,0.10657655447721481
5390,train/entropy,-7.867922306060791
5390,train/episode_length_steps,955.8154697427
5390,train/fps,49941.223631909364
5400,train/reward,1.3583749532699585
5400,train/actor_loss,0.012970191426575184
5400,train/critic_loss,0.11557748168706894
5400,train/entropy,-7.859374523162842
5400,train/episode_length_steps,1030.9989362789295
5400,train/fps,49973.65321380628
5410,train/reward,1.3580865859985352
5410,train/actor_loss,0.012088942341506481
5410,train/critic_loss,0.13682524859905243
5410,train/entropy,-7.836677551269531
5410,train/episode_length_steps,1022.9524966434373
5410,train/fps,49998.3091710207
5420,train/reward,1.3559958934783936
5420,train/actor_loss,0.013471106067299843
5420,train/critic_loss,0.15727926790714264
5420,train/entropy,-7.775315284729004
5420,train/episode_length_steps,823.6732044386656
5420,train/fps,50030.93004273648
5430,train/reward,1.3618767261505127
5430,train/actor_loss,0.01606813631951809
5430,train/critic_loss,0.13139116764068604
5430,train/entropy,-7.755073547363281
5430,train/episode_length_steps,873.0504502092679
5430,train/fps,50055.507197816994
5440,train/reward,1.3606314659118652
5440,train/actor_loss,0.01282697357237339
5440,train/critic_loss,0.13621801137924194
5440,train/entropy,-7.737525463104248
5440,train/episode_length_steps,909.3944711658012
5440,train/fps,50087.631689155576
5450,train/reward,1.3604440689086914
5450,train/actor_loss,0.014782627113163471
5450,train/critic_loss,0.11039598286151886
5450,train/entropy,-7.697131633758545
5450,train/episode_length_steps,1073.207643669909
5450,train/fps,50112.810894177856
5460,train/reward,1.361743450164795
5460,train/actor_loss,0.010397783480584621
5460,train/critic_loss,0.15077196061611176
5460,train/entropy,-7.642888069152832
5460,train/episode_length_steps,1138.4589557196166
5460,train/fps,50145.58572277316
5470,train/reward,1.3599830865859985
5470,train/actor_loss,0.01420868095010519
5470,train/critic_loss,0.07750310003757477
5470,train/entropy,-7.648922920227051
5470,train/episode_length_steps,984.5334979350276
5470,train/fps,50170.1322773473
5480,train/reward,1.359102487564087
5480,train/actor_loss,0.02038273960351944
5480,train/critic_loss,0.17608734965324402
5480,train/entropy,-7.7021355628967285
5480,train/episode_length_steps,984.5334979350276
5480,train/fps,50202.38884370598
5490,train/reward,1.3597419261932373
5490,train/actor_loss,0.013927817344665527
5490,train/critic_loss,0.2028626650571823
5490,train/entropy,-7.667575359344482
5490,train/episode_length_steps,1091.074921898641
5490,train/fps,50227.13933053844
5500,train/reward,1.360077142715454
5500,train/actor_loss,0.01402377337217331
5500,train/critic_loss,0.09512510895729065
5500,train/entropy,-7.672893047332764
5500,train/episode_length_steps,948.8958429280851
5500,train/fps,50258.160880224415
5510,train/reward,1.3584997653961182
5510,train/actor_loss,0.013981212861835957
5510,train/critic_loss,0.17477017641067505
5510,train/entropy,-7.687893867492676
5510,train/episode_length_steps,1055.9161206631647
5510,train/fps,50281.74266112461
5520,train/reward,1.3587915897369385
5520,train/actor_loss,0.012496180832386017
5520,train/critic_loss,0.17194131016731262
5520,train/entropy,-7.659130096435547
5520,train/episode_length_steps,1073.207643669909
5520,train/fps,50304.59770077849
5530,train/reward,1.3614466190338135
5530,train/actor_loss,0.011937493458390236
5530,train/critic_loss,0.14043013751506805
5530,train/entropy,-7.696311950683594
5530,train/episode_length_steps,1109.547198555855
5530,train/fps,50336.393957934284
5540,train/reward,1.3544175624847412
5540,train/actor_loss,0.01392452698200941
5540,train/critic_loss,0.207356795668602
5540,train/entropy,-7.6710686683654785
5540,train/episode_length_steps,999.549519430452
5540,train/fps,50358.91664811625
5550,train/reward,1.3537375926971436
5550,train/actor_loss,0.013506799004971981
5550,train/critic_loss,0.22393837571144104
5550,train/entropy,-7.596107482910156
5550,train/episode_length_steps,873.0504502092679
5550,train/fps,50390.63789127456
5560,train/reward,1.3589779138565063
5560,train/actor_loss,0.010391113348305225
5560,train/critic_loss,0.11938600987195969
5560,train/entropy,-7.588014125823975
5560,train/episode_length_steps,1082.0675309469727
5560,train/fps,50413.08119611672
5570,train/reward,1.3585469722747803
5570,train/actor_loss,0.01323932409286499
5570,train/critic_loss,0.12775616347789764
5570,train/entropy,-7.637542724609375
5570,train/episode_length_steps,922.191032232558
5570,train/fps,50445.015007566806
5580,train/reward,1.3588114976882935
5580,train/actor_loss,0.011510634794831276
5580,train/critic_loss,0.1091003343462944
5580,train/entropy,-7.654788494110107
5580,train/episode_length_steps,878.9046993506491
5580,train/fps,50468.25993058227
5590,train/reward,1.3603971004486084
5590,train/actor_loss,0.013891056180000305
5590,train/critic_loss,0.07851774990558624
5590,train/entropy,-7.651922702789307
5590,train/episode_length_steps,969.9619640403653
5590,train/fps,50499.25125287025
5600,train/reward,1.3613197803497314
5600,train/actor_loss,0.011844969354569912
5600,train/critic_loss,0.09736835956573486
5600,train/entropy,-7.662561893463135
5600,train/episode_length_steps,1100.2335310136384
5600,train/fps,50522.38279173824
5610,train/reward,1.3609473705291748
5610,train/actor_loss,0.010249472223222256
5610,train/critic_loss,0.12941162288188934
5610,train/entropy,-7.723850250244141
5610,train/episode_length_steps,955.8154697427
5610,train/fps,50553.13343971981
5620,train/reward,1.364607810974121
5620,train/actor_loss,0.015362465754151344
5620,train/critic_loss,0.09323152899742126
5620,train/entropy,-7.732124328613281
5620,train/episode_length_steps,1148.4339689720955
5620,train/fps,50577.1064511474
5630,train/reward,1.361629605293274
5630,train/actor_loss,0.011066469363868237
5630,train/critic_loss,0.05511906370520592
5630,train/entropy,-7.706907749176025
5630,train/episode_length_steps,1091.074921898641
5630,train/fps,50607.47300348698
5640,train/reward,1.3583457469940186
5640,train/actor_loss,0.012449213303625584
5640,train/critic_loss,0.12034878879785538
5640,train/entropy,-7.7520318031311035
5640,train/episode_length_steps,991.9846862364063
5640,train/fps,50630.99248976684
5650,train/reward,1.361680507659912
5650,train/actor_loss,0.012293204665184021
5650,train/critic_loss,0.05292224884033203
5650,train/entropy,-7.793872833251953
5650,train/episode_length_steps,1047.4776400860692
5650,train/fps,50661.11387834047
5660,train/reward,1.3605015277862549
5660,train/actor_loss,0.01375329028815031
5660,train/critic_loss,0.03385563939809799
5660,train/entropy,-7.830167293548584
5660,train/episode_length_steps,928.7253199635585
5660,train/fps,50684.91769542183
5670,train/reward,1.3572704792022705
5670,train/actor_loss,0.016420530155301094
5670,train/critic_loss,0.04438285157084465
5670,train/entropy,-7.814290523529053
5670,train/episode_length_steps,779.5822535408565
5670,train/fps,50708.60231892412
5680,train/reward,1.3626962900161743
5680,train/actor_loss,0.012264259159564972
5680,train/critic_loss,0.059389349073171616
5680,train/entropy,-7.8581695556640625
5680,train/episode_length_steps,884.8379899660755
5680,train/fps,50738.69935219354
5690,train/reward,1.3614473342895508
5690,train/actor_loss,0.011360927484929562
5690,train/critic_loss,0.03368496149778366
5690,train/entropy,-7.906500339508057
5690,train/episode_length_steps,909.3944711658012
5690,train/fps,50762.194625348515
5700,train/reward,1.362391471862793
5700,train/actor_loss,0.01309001911431551
5700,train/critic_loss,0.05416024848818779
5700,train/entropy,-8.011353492736816
5700,train/episode_length_steps,1030.9989362789295
5700,train/fps,50791.78602336329
5710,train/reward,1.3629323244094849
5710,train/actor_loss,0.014099677093327045
5710,train/critic_loss,0.10572051256895065
5710,train/entropy,-8.020357131958008
5710,train/episode_length_steps,1179.4361166605142
5710,train/fps,50814.76702251259
5720,train/reward,1.3592503070831299
5720,train/actor_loss,0.014608249068260193
5720,train/critic_loss,0.018476085737347603
5720,train/entropy,-8.084759712219238
5720,train/episode_length_steps,962.8367577976614
5720,train/fps,50844.13187573452
5730,train/reward,1.3611644506454468
5730,train/actor_loss,0.013997894711792469
5730,train/critic_loss,0.07437172532081604
5730,train/entropy,-8.106887817382812
5730,train/episode_length_steps,955.8154697427
5730,train/fps,50867.033594760316
5740,train/reward,1.3579542636871338
5740,train/actor_loss,0.012945987284183502
5740,train/critic_loss,0.12307887524366379
5740,train/entropy,-8.060840606689453
5740,train/episode_length_steps,909.3944711658012
5740,train/fps,50896.796838924885
5750,train/reward,1.3610203266143799
5750,train/actor_loss,0.012612536549568176
5750,train/critic_loss,0.07866840064525604
5750,train/entropy,-8.051862716674805
5750,train/episode_length_steps,942.0756852933614
5750,train/fps,50919.83546396922
5760,train/reward,1.3603715896606445
5760,train/actor_loss,0.01872391626238823
5760,train/critic_loss,0.11118705570697784
5760,train/entropy,-8.074193000793457
5760,train/episode_length_steps,1039.1729644539928
5760,train/fps,50949.33577538824
5770,train/reward,1.359764814376831
5770,train/actor_loss,0.02219436690211296
5770,train/critic_loss,0.04448366537690163
5770,train/entropy,-8.037668228149414
5770,train/episode_length_steps,991.9846862364063
5770,train/fps,50972.410483537875
5780,train/reward,1.3623714447021484
5780,train/actor_loss,0.01219850406050682
5780,train/critic_loss,0.12234200537204742
5780,train/entropy,-8.046420097351074
5780,train/episode_length_steps,1064.4916662465182
5780,train/fps,51002.00773124883
5790,train/reward,1.3604021072387695
5790,train/actor_loss,0.012070780619978905
5790,train/critic_loss,0.06488575786352158
5790,train/entropy,-8.063074111938477
5790,train/episode_length_steps,1064.4916662465182
5790,train/fps,51024.9705659374
5800,train/reward,1.3592631816864014
5800,train/actor_loss,0.013597020879387856
5800,train/critic_loss,0.03888677433133125
5800,train/entropy,-8.092549324035645
5800,train/episode_length_steps,928.7253199635585
5800,train/fps,51054.361056379676
5810,train/reward,1.3637802600860596
5810,train/actor_loss,0.01551558542996645
5810,train/critic_loss,0.11746270954608917
5810,train/entropy,-8.141871452331543
5810,train/episode_length_steps,1100.2335310136384
5810,train/fps,51077.23631713722
5820,train/reward,1.3648574352264404
5820,train/actor_loss,0.014382078312337399
5820,train/critic_loss,0.07145035266876221
5820,train/entropy,-8.148097038269043
5820,train/episode_length_steps,977.1934127239363
5820,train/fps,51099.86533319121
5830,train/reward,1.3596349954605103
5830,train/actor_loss,0.013017362914979458
5830,train/critic_loss,0.09873982518911362
5830,train/entropy,-8.156726837158203
5830,train/episode_length_steps,861.5728416085835
5830,train/fps,51129.33164574612
5840,train/reward,1.3627281188964844
5840,train/actor_loss,0.01256301999092102
5840,train/critic_loss,0.104868583381176
5840,train/entropy,-8.176623344421387
5840,train/episode_length_steps,962.8367577976614
5840,train/fps,51151.45323903488
5850,train/reward,1.3653970956802368
5850,train/actor_loss,0.013205994851887226
5850,train/critic_loss,0.04403921589255333
5850,train/entropy,-8.220090866088867
5850,train/episode_length_steps,1119.0198959333352
5850,train/fps,51180.08470594574
5860,train/reward,1.361919641494751
5860,train/actor_loss,0.015562774613499641
5860,train/critic_loss,0.10070597380399704
5860,train/entropy,-8.200276374816895
5860,train/episode_length_steps,909.3944711658012
5860,train/fps,51202.93218325167
5870,train/reward,1.3686809539794922
5870,train/actor_loss,0.013385497033596039
5870,train/critic_loss,0.048766400665044785
5870,train/entropy,-8.176239967346191
5870,train/episode_length_steps,1128.6557313446654
5870,train/fps,51232.27949755662
5880,train/reward,1.363956093788147
5880,train/actor_loss,0.01164181437343359
5880,train/critic_loss,0.07344092428684235
5880,train/entropy,-8.174572944641113
5880,train/episode_length_steps,1212.1585181362116
5880,train/fps,51254.34776518497
5890,train/reward,1.3639293909072876
5890,train/actor_loss,0.013354710303246975
5890,train/critic_loss,0.05795338377356529
5890,train/entropy,-8.128134727478027
5890,train/episode_length_steps,942.0756852933614
5890,train/fps,51283.03939060693
5900,train/reward,1.3637950420379639
5900,train/actor_loss,0.012837888672947884
5900,train/critic_loss,0.0757887214422226
5900,train/entropy,-8.11408519744873
5900,train/episode_length_steps,1007.2306174500739
5900,train/fps,51304.5063397325
5910,train/reward,1.3617804050445557
5910,train/actor_loss,0.015948733314871788
5910,train/critic_loss,0.034655727446079254
5910,train/entropy,-8.087303161621094
5910,train/episode_length_steps,962.8367577976614
5910,train/fps,51332.55944479358
5920,train/reward,1.3616348505020142
5920,train/actor_loss,0.01372877974063158
5920,train/critic_loss,0.057038482278585434
5920,train/entropy,-8.119521141052246
5920,train/episode_length_steps,828.8820049231059
5920,train/fps,51353.83783962823
5930,train/reward,1.367311716079712
5930,train/actor_loss,0.012937575578689575
5930,train/critic_loss,0.059249699115753174
5930,train/entropy,-8.183234214782715
5930,train/episode_length_steps,922.191032232558
5930,train/fps,51382.06795337495
5940,train/reward,1.3609087467193604
5940,train/actor_loss,0.014110681600868702
5940,train/critic_loss,0.04225398972630501
5940,train/entropy,-8.18951416015625
5940,train/episode_length_steps,878.9046993506491
5940,train/fps,51404.11160423398
5950,train/reward,1.3669637441635132
5950,train/actor_loss,0.012254654429852962
5950,train/critic_loss,0.05256090685725212
5950,train/entropy,-8.20484447479248
5950,train/episode_length_steps,984.5334979350276
5950,train/fps,51432.574727285435
5960,train/reward,1.3642842769622803
5960,train/actor_loss,0.012214697897434235
5960,train/critic_loss,0.10955096781253815
5960,train/entropy,-8.222017288208008
5960,train/episode_length_steps,1030.9989362789295
5960,train/fps,51454.520629290266
5970,train/reward,1.3652434349060059
5970,train/actor_loss,0.01613783650100231
5970,train/critic_loss,0.04656226560473442
5970,train/entropy,-8.23606014251709
5970,train/episode_length_steps,915.7480494521833
5970,train/fps,51476.553901943575
5980,train/reward,1.3657195568084717
5980,train/actor_loss,0.017132271081209183
5980,train/critic_loss,0.058954816311597824
5980,train/entropy,-8.262114524841309
5980,train/episode_length_steps,928.7253199635585
5980,train/fps,51504.89717004126
5990,train/reward,1.365140438079834
5990,train/actor_loss,0.013624194078147411
5990,train/critic_loss,0.06282452493906021
5990,train/entropy,-8.247888565063477
5990,train/episode_length_steps,890.8519337098286
5990,train/fps,51526.59973107951
6000,train/reward,1.365833044052124
6000,train/actor_loss,0.012972193770110607
6000,train/critic_loss,0.07167491316795349
6000,train/entropy,-8.264078140258789
6000,train/episode_length_steps,977.1934127239363
6000,train/fps,51554.78783259141
6000,eval/med_figure8_normal,0.08909665793180466
6010,train/reward,1.3666315078735352
6010,train/actor_loss,0.013295190408825874
6010,train/critic_loss,0.037183623760938644
6010,train/entropy,-8.257781982421875
6010,train/episode_length_steps,1148.4339689720955
6010,train/fps,49836.74522421898
6020,train/reward,1.365820288658142
6020,train/actor_loss,0.014029224403202534
6020,train/critic_loss,0.03041182830929756
6020,train/entropy,-8.262948989868164
6020,train/episode_length_steps,1047.4776400860692
6020,train/fps,49856.37202575284
6030,train/reward,1.3665188550949097
6030,train/actor_loss,0.010862252674996853
6030,train/critic_loss,0.04985639825463295
6030,train/entropy,-8.246999740600586
6030,train/episode_length_steps,1100.2335310136384
6030,train/fps,49883.65290985942
6040,train/reward,1.365365982055664
6040,train/actor_loss,0.011241464875638485
6040,train/critic_loss,0.06813648343086243
6040,train/entropy,-8.282814979553223
6040,train/episode_length_steps,1015.0306813839508
6040,train/fps,49904.03854482958
6050,train/reward,1.3646920919418335
6050,train/actor_loss,0.013760638423264027
6050,train/critic_loss,0.08803746849298477
6050,train/entropy,-8.263031959533691
6050,train/episode_length_steps,984.5334979350276
6050,train/fps,49930.206103168435
6060,train/reward,1.3670819997787476
6060,train/actor_loss,0.014457063749432564
6060,train/critic_loss,0.057218652218580246
6060,train/entropy,-8.24044418334961
6060,train/episode_length_steps,1138.4589557196166
6060,train/fps,49951.16643615305
6070,train/reward,1.364839792251587
6070,train/actor_loss,0.013623150065541267
6070,train/critic_loss,0.1018122211098671
6070,train/entropy,-8.240127563476562
6070,train/episode_length_steps,948.8958429280851
6070,train/fps,49970.66447575588
6080,train/reward,1.363715648651123
6080,train/actor_loss,0.01301043201237917
6080,train/critic_loss,0.07809966057538986
6080,train/entropy,-8.254507064819336
6080,train/episode_length_steps,884.8379899660755
6080,train/fps,49997.1942212691
6090,train/reward,1.3641995191574097
6090,train/actor_loss,0.014813723042607307
6090,train/critic_loss,0.08338090032339096
6090,train/entropy,-8.243840217590332
6090,train/episode_length_steps,1030.9989362789295
6090,train/fps,50017.46632568729
6100,train/reward,1.3650580644607544
6100,train/actor_loss,0.013662544079124928
6100,train/critic_loss,0.0741504356265068
6100,train/entropy,-8.212918281555176
6100,train/episode_length_steps,1100.2335310136384
6100,train/fps,50043.79780852041
6110,train/reward,1.3652080297470093
6110,train/actor_loss,0.012175656855106354
6110,train/critic_loss,0.12508967518806458
6110,train/entropy,-8.202926635742188
6110,train/episode_length_steps,942.0756852933614
6110,train/fps,50063.91031019997
6120,train/reward,1.3672912120819092
6120,train/actor_loss,0.015025108121335506
6120,train/critic_loss,0.06690728664398193
6120,train/entropy,-8.202893257141113
6120,train/episode_length_steps,1158.5853265847247
6120,train/fps,50089.97870833849
6130,train/reward,1.36506986618042
6130,train/actor_loss,0.012793130241334438
6130,train/critic_loss,0.07073872536420822
6130,train/entropy,-8.202488899230957
6130,train/episode_length_steps,1128.6557313446654
6130,train/fps,50109.601433000455
6140,train/reward,1.3617627620697021
6140,train/actor_loss,0.011899922974407673
6140,train/critic_loss,0.09932415187358856
6140,train/entropy,-8.182730674743652
6140,train/episode_length_steps,928.7253199635585
6140,train/fps,50135.4696180156
6150,train/reward,1.365048885345459
6150,train/actor_loss,0.0126667320728302
6150,train/critic_loss,0.07043759524822235
6150,train/entropy,-8.155468940734863
6150,train/episode_length_steps,1055.9161206631647
6150,train/fps,50155.03241665437
6160,train/reward,1.362135410308838
6160,train/actor_loss,0.013550534844398499
6160,train/critic_loss,0.04079223424196243
6160,train/entropy,-8.203652381896973
6160,train/episode_length_steps,890.8519337098286
6160,train/fps,50174.61299180412
6170,train/reward,1.3646862506866455
6170,train/actor_loss,0.012541510164737701
6170,train/critic_loss,0.10615416616201401
6170,train/entropy,-8.248183250427246
6170,train/episode_length_steps,828.8820049231059
6170,train/fps,50200.14495491866
6180,train/reward,1.3644945621490479
6180,train/actor_loss,0.011747750453650951
6180,train/critic_loss,0.09725150465965271
6180,train/entropy,-8.280519485473633
6180,train/episode_length_steps,844.9113276288067
6180,train/fps,50219.22837748119
6190,train/reward,1.3649864196777344
6190,train/actor_loss,0.014760862104594707
6190,train/critic_loss,0.039802879095077515
6190,train/entropy,-8.284650802612305
6190,train/episode_length_steps,873.0504502092679
6190,train/fps,50244.45962280385
6200,train/reward,1.3646456003189087
6200,train/actor_loss,0.013330087065696716
6200,train/critic_loss,0.048541586846113205
6200,train/entropy,-8.303122520446777
6200,train/episode_length_steps,962.8367577976614
6200,train/fps,50263.1911121952
6210,train/reward,1.3648841381072998
6210,train/actor_loss,0.01341517549008131
6210,train/critic_loss,0.05693778023123741
6210,train/entropy,-8.319195747375488
6210,train/episode_length_steps,1015.0306813839508
6210,train/fps,50288.142307998525
6220,train/reward,1.367581844329834
6220,train/actor_loss,0.013278785161674023
6220,train/critic_loss,0.07000736892223358
6220,train/entropy,-8.324400901794434
6220,train/episode_length_steps,942.0756852933614
6220,train/fps,50306.663702466096
6230,train/reward,1.3654797077178955
6230,train/actor_loss,0.013045174069702625
6230,train/critic_loss,0.1355913132429123
6230,train/entropy,-8.360284805297852
6230,train/episode_length_steps,896.9481863514969
6230,train/fps,50331.590091313614
6240,train/reward,1.3657550811767578
6240,train/actor_loss,0.015472601167857647
6240,train/critic_loss,0.1335173100233078
6240,train/entropy,-8.364431381225586
6240,train/episode_length_steps,922.191032232558
6240,train/fps,50350.31173980381
6250,train/reward,1.3688689470291138
6250,train/actor_loss,0.014462843537330627
6250,train/critic_loss,0.04327290505170822
6250,train/entropy,-8.364386558532715
6250,train/episode_length_steps,1022.9524966434373
6250,train/fps,50368.97730251825
6260,train/reward,1.3667051792144775
6260,train/actor_loss,0.012506256811320782
6260,train/critic_loss,0.04612644389271736
6260,train/entropy,-8.344937324523926
6260,train/episode_length_steps,1109.547198555855
6260,train/fps,50394.27727463636
6270,train/reward,1.3700134754180908
6270,train/actor_loss,0.009197241626679897
6270,train/critic_loss,0.07898576557636261
6270,train/entropy,-8.372785568237305
6270,train/episode_length_steps,1091.074921898641
6270,train/fps,50412.691336223084
6280,train/reward,1.3681190013885498
6280,train/actor_loss,0.01483116578310728
6280,train/critic_loss,0.05752474069595337
6280,train/entropy,-8.371624946594238
6280,train/episode_length_steps,1047.4776400860692
6280,train/fps,50437.9479457633
6290,train/reward,1.364040493965149
6290,train/actor_loss,0.011624771170318127
6290,train/critic_loss,0.04633278772234917
6290,train/entropy,-8.398726463317871
6290,train/episode_length_steps,1047.4776400860692
6290,train/fps,50442.847273711915
6300,train/reward,1.365502119064331
6300,train/actor_loss,0.012815254740417004
6300,train/critic_loss,0.028939029201865196
6300,train/entropy,-8.428260803222656
6300,train/episode_length_steps,1100.2335310136384
6300,train/fps,50451.78014162478
6310,train/reward,1.3679568767547607
6310,train/actor_loss,0.013614720664918423
6310,train/critic_loss,0.08404197543859482
6310,train/entropy,-8.492711067199707
6310,train/episode_length_steps,1015.0306813839508
6310,train/fps,50463.66355799571
6320,train/reward,1.3672946691513062
6320,train/actor_loss,0.021454324945807457
6320,train/critic_loss,0.06085452064871788
6320,train/entropy,-8.455626487731934
6320,train/episode_length_steps,935.352867349791
6320,train/fps,50469.67266700605
6330,train/reward,1.3656197786331177
6330,train/actor_loss,0.013825527392327785
6330,train/critic_loss,0.06416291743516922
6330,train/entropy,-8.465232849121094
6330,train/episode_length_steps,922.191032232558
6330,train/fps,50475.098312826325
6340,train/reward,1.3656492233276367
6340,train/actor_loss,0.014900567010045052
6340,train/critic_loss,0.09342260658740997
6340,train/entropy,-8.491499900817871
6340,train/episode_length_steps,1022.9524966434373
6340,train/fps,50486.87932069123
6350,train/reward,1.3677972555160522
6350,train/actor_loss,0.011513346806168556
6350,train/critic_loss,0.0355900302529335
6350,train/entropy,-8.50407600402832
6350,train/episode_length_steps,1138.4589557196166
6350,train/fps,50493.90057240198
6360,train/reward,1.3626796007156372
6360,train/actor_loss,0.012563041411340237
6360,train/critic_loss,0.07920015603303909
6360,train/entropy,-8.504364013671875
6360,train/episode_length_steps,935.352867349791
6360,train/fps,50510.668113397354
6370,train/reward,1.367885947227478
6370,train/actor_loss,0.01296544075012207
6370,train/critic_loss,0.10051178187131882
6370,train/entropy,-8.51673412322998
6370,train/episode_length_steps,1158.5853265847247
6370,train/fps,50532.74295498316
6380,train/reward,1.366349220275879
6380,train/actor_loss,0.017683468759059906
6380,train/critic_loss,0.04303969070315361
6380,train/entropy,-8.537275314331055
6380,train/episode_length_steps,1158.5853265847247
6380,train/fps,50545.23721931861
6390,train/reward,1.3640427589416504
6390,train/actor_loss,0.020482754334807396
6390,train/critic_loss,0.0600503645837307
6390,train/entropy,-8.570426940917969
6390,train/episode_length_steps,922.191032232558
6390,train/fps,50563.87116983806
6400,train/reward,1.3662985563278198
6400,train/actor_loss,0.013316077180206776
6400,train/critic_loss,0.06037557125091553
6400,train/entropy,-8.600207328796387
6400,train/episode_length_steps,1055.9161206631647
6400,train/fps,50574.315926037845
6410,train/reward,1.3601841926574707
6410,train/actor_loss,0.01415687520056963
6410,train/critic_loss,0.028369078412652016
6410,train/entropy,-8.630560874938965
6410,train/episode_length_steps,935.352867349791
6410,train/fps,50584.24095251776
6420,train/reward,1.363119125366211
6420,train/actor_loss,0.013788524083793163
6420,train/critic_loss,0.04564075544476509
6420,train/entropy,-8.688586235046387
6420,train/episode_length_steps,855.9464665668899
6420,train/fps,50603.85751981935
6430,train/reward,1.3650037050247192
6430,train/actor_loss,0.012777385301887989
6430,train/critic_loss,0.03506023436784744
6430,train/entropy,-8.746868133544922
6430,train/episode_length_steps,861.5728416085835
6430,train/fps,50613.41971171198
6440,train/reward,1.3656768798828125
6440,train/actor_loss,0.011549809016287327
6440,train/critic_loss,0.017862720414996147
6440,train/entropy,-8.777239799499512
6440,train/episode_length_steps,861.5728416085835
6440,train/fps,50623.25065211216
6450,train/reward,1.3649308681488037
6450,train/actor_loss,0.013837921433150768
6450,train/critic_loss,0.047392651438713074
6450,train/entropy,-8.798680305480957
6450,train/episode_length_steps,977.1934127239363
6450,train/fps,50639.346075315036
6460,train/reward,1.3667526245117188
6460,train/actor_loss,0.014971998520195484
6460,train/critic_loss,0.04452701658010483
6460,train/entropy,-8.84488582611084
6460,train/episode_length_steps,991.9846862364063
6460,train/fps,50648.4521304912
6470,train/reward,1.367292881011963
6470,train/actor_loss,0.014412477612495422
6470,train/critic_loss,0.023412929847836494
6470,train/entropy,-8.867154121398926
6470,train/episode_length_steps,942.0756852933614
6470,train/fps,50665.149239198145
6480,train/reward,1.3664460182189941
6480,train/actor_loss,0.01573321968317032
6480,train/critic_loss,0.02746540680527687
6480,train/entropy,-8.860884666442871
6480,train/episode_length_steps,896.9481863514969
6480,train/fps,50674.433417770786
6490,train/reward,1.3663461208343506
6490,train/actor_loss,0.013722958974540234
6490,train/critic_loss,0.025719478726387024
6490,train/entropy,-8.869461059570312
6490,train/episode_length_steps,977.1934127239363
6490,train/fps,50683.774705766475
6500,train/reward,1.3686707019805908
6500,train/actor_loss,0.016310716047883034
6500,train/critic_loss,0.06498724967241287
6500,train/entropy,-8.9195556640625
6500,train/episode_length_steps,1047.4776400860692
6500,train/fps,50701.23535549644
6510,train/reward,1.3664600849151611
6510,train/actor_loss,0.02033929154276848
6510,train/critic_loss,0.037290170788764954
6510,train/entropy,-8.943270683288574
6510,train/episode_length_steps,1128.6557313446654
6510,train/fps,50709.0048058708
6520,train/reward,1.3679708242416382
6520,train/actor_loss,0.012936596758663654
6520,train/critic_loss,0.02617948316037655
6520,train/entropy,-8.952681541442871
6520,train/episode_length_steps,1100.2335310136384
6520,train/fps,50718.001473549586
6530,train/reward,1.3669984340667725
6530,train/actor_loss,0.01754973642528057
6530,train/critic_loss,0.05078544840216637
6530,train/entropy,-8.987100601196289
6530,train/episode_length_steps,1073.207643669909
6530,train/fps,50735.49399360318
6540,train/reward,1.3642383813858032
6540,train/actor_loss,0.01937940903007984
6540,train/critic_loss,0.06380001455545425
6540,train/entropy,-8.989407539367676
6540,train/episode_length_steps,1047.4776400860692
6540,train/fps,50743.95649713256
6550,train/reward,1.367004156112671
6550,train/actor_loss,0.015079222619533539
6550,train/critic_loss,0.07793199270963669
6550,train/entropy,-8.991662979125977
6550,train/episode_length_steps,1128.6557313446654
6550,train/fps,50754.189110409185
6560,train/reward,1.366605281829834
6560,train/actor_loss,0.017573822289705276
6560,train/critic_loss,0.035813961178064346
6560,train/entropy,-9.006987571716309
6560,train/episode_length_steps,1015.0306813839508
6560,train/fps,50771.06778976434
6570,train/reward,1.3646314144134521
6570,train/actor_loss,0.013207933865487576
6570,train/critic_loss,0.035860441625118256
6570,train/entropy,-9.005553245544434
6570,train/episode_length_steps,909.3944711658012
6570,train/fps,50780.38134183494
6580,train/reward,1.361299753189087
6580,train/actor_loss,0.019031597301363945
6580,train/critic_loss,0.0571170412003994
6580,train/entropy,-8.964028358459473
6580,train/episode_length_steps,873.0504502092679
6580,train/fps,50796.9360510263
6590,train/reward,1.3662810325622559
6590,train/actor_loss,0.015199999324977398
6590,train/critic_loss,0.030782310292124748
6590,train/entropy,-8.955161094665527
6590,train/episode_length_steps,1007.2306174500739
6590,train/fps,50807.33931818062
6600,train/reward,1.3717522621154785
6600,train/actor_loss,0.016689542680978775
6600,train/critic_loss,0.037360724061727524
6600,train/entropy,-8.932509422302246
6600,train/episode_length_steps,1109.547198555855
6600,train/fps,50815.774854559946
6610,train/reward,1.3661019802093506
6610,train/actor_loss,0.014881265349686146
6610,train/critic_loss,0.06586197763681412
6610,train/entropy,-8.916949272155762
6610,train/episode_length_steps,903.12844929582
6610,train/fps,50831.90572609977
6620,train/reward,1.3692585229873657
6620,train/actor_loss,0.01292756199836731
6620,train/critic_loss,0.06062508746981621
6620,train/entropy,-8.948846817016602
6620,train/episode_length_steps,1201.0511543403513
6620,train/fps,50841.53492105036
6630,train/reward,1.3677300214767456
6630,train/actor_loss,0.013898218981921673
6630,train/critic_loss,0.020798731595277786
6630,train/entropy,-8.921849250793457
6630,train/episode_length_steps,1201.0511543403513
6630,train/fps,50851.40369089207
6640,train/reward,1.3643157482147217
6640,train/actor_loss,0.011509264819324017
6640,train/critic_loss,0.027818161994218826
6640,train/entropy,-8.951818466186523
6640,train/episode_length_steps,962.8367577976614
6640,train/fps,50867.221873914335
6650,train/reward,1.366271734237671
6650,train/actor_loss,0.01747341826558113
6650,train/critic_loss,0.04429244622588158
6650,train/entropy,-8.914278030395508
6650,train/episode_length_steps,1148.4339689720955
6650,train/fps,50876.77867968593
6660,train/reward,1.3629486560821533
6660,train/actor_loss,0.017339877784252167
6660,train/critic_loss,0.024976005777716637
6660,train/entropy,-8.933873176574707
6660,train/episode_length_steps,928.7253199635585
6660,train/fps,50886.32802436756
6670,train/reward,1.3628013134002686
6670,train/actor_loss,0.014444380067288876
6670,train/critic_loss,0.027269890531897545
6670,train/entropy,-8.925650596618652
6670,train/episode_length_steps,844.9113276288067
6670,train/fps,50901.33866864109
6680,train/reward,1.361215591430664
6680,train/actor_loss,0.019342850893735886
6680,train/critic_loss,0.09149136394262314
6680,train/entropy,-8.857378959655762
6680,train/episode_length_steps,803.4766056095065
6680,train/fps,50911.363821432504
6690,train/reward,1.3666634559631348
6690,train/actor_loss,0.011586776934564114
6690,train/critic_loss,0.04676821455359459
6690,train/entropy,-8.8226900100708
6690,train/episode_length_steps,873.0504502092679
6690,train/fps,50926.82681945839
6700,train/reward,1.3652210235595703
6700,train/actor_loss,0.012953424826264381
6700,train/critic_loss,0.0547577328979969
6700,train/entropy,-8.814264297485352
6700,train/episode_length_steps,928.7253199635585
6700,train/fps,50935.9904362833
6710,train/reward,1.3677523136138916
6710,train/actor_loss,0.015531313605606556
6710,train/critic_loss,0.05455318093299866
6710,train/entropy,-8.785117149353027
6710,train/episode_length_steps,984.5334979350276
6710,train/fps,50945.17803190514
6720,train/reward,1.3676142692565918
6720,train/actor_loss,0.012615484185516834
6720,train/critic_loss,0.050353504717350006
6720,train/entropy,-8.770014762878418
6720,train/episode_length_steps,935.352867349791
6720,train/fps,50960.60152449669
6730,train/reward,1.3678184747695923
6730,train/actor_loss,0.014217841438949108
6730,train/critic_loss,0.06250561773777008
6730,train/entropy,-8.737083435058594
6730,train/episode_length_steps,969.9619640403653
6730,train/fps,50970.082726040804
6740,train/reward,1.3668723106384277
6740,train/actor_loss,0.014641490764915943
6740,train/critic_loss,0.035406868904829025
6740,train/entropy,-8.767709732055664
6740,train/episode_length_steps,999.549519430452
6740,train/fps,50979.661000080356
6750,train/reward,1.3679980039596558
6750,train/actor_loss,0.01125763077288866
6750,train/critic_loss,0.08228160440921783
6750,train/entropy,-8.755725860595703
6750,train/episode_length_steps,1047.4776400860692
6750,train/fps,50994.9767675218
6760,train/reward,1.368517279624939
6760,train/actor_loss,0.014281146228313446
6760,train/critic_loss,0.03897765278816223
6760,train/entropy,-8.790854454040527
6760,train/episode_length_steps,1158.5853265847247
6760,train/fps,51004.38343569504
6770,train/reward,1.3690671920776367
6770,train/actor_loss,0.013002109713852406
6770,train/critic_loss,0.04659507796168327
6770,train/entropy,-8.826286315917969
6770,train/episode_length_steps,1128.6557313446654
6770,train/fps,51013.28292564243
6780,train/reward,1.3665351867675781
6780,train/actor_loss,0.012135635130107403
6780,train/critic_loss,0.04618825018405914
6780,train/entropy,-8.870941162109375
6780,train/episode_length_steps,1091.074921898641
6780,train/fps,51028.438730935275
6790,train/reward,1.3643008470535278
6790,train/actor_loss,0.018520494922995567
6790,train/critic_loss,0.02540464513003826
6790,train/entropy,-8.876323699951172
6790,train/episode_length_steps,1064.4916662465182
6790,train/fps,51037.60108558168
6800,train/reward,1.3669031858444214
6800,train/actor_loss,0.015220323577523232
6800,train/critic_loss,0.05318412929773331
6800,train/entropy,-8.893157005310059
6800,train/episode_length_steps,1128.6557313446654
6800,train/fps,51052.90788937673
6810,train/reward,1.3699718713760376
6810,train/actor_loss,0.01549944281578064
6810,train/critic_loss,0.03602633625268936
6810,train/entropy,-8.942898750305176
6810,train/episode_length_steps,1022.9524966434373
6810,train/fps,51062.05545549254
6820,train/reward,1.3664474487304688
6820,train/actor_loss,0.013424108736217022
6820,train/critic_loss,0.028844906017184258
6820,train/entropy,-8.947907447814941
6820,train/episode_length_steps,896.9481863514969
6820,train/fps,51070.763270104064
6830,train/reward,1.3612843751907349
6830,train/actor_loss,0.01362408697605133
6830,train/critic_loss,0.04253154620528221
6830,train/entropy,-8.913894653320312
6830,train/episode_length_steps,855.9464665668899
6830,train/fps,51085.307339178944
6840,train/reward,1.3659586906433105
6840,train/actor_loss,0.014830166473984718
6840,train/critic_loss,0.08189991116523743
6840,train/entropy,-8.884639739990234
6840,train/episode_length_steps,1015.0306813839508
6840,train/fps,51094.303895439916
6850,train/reward,1.3714299201965332
6850,train/actor_loss,0.01364408154040575
6850,train/critic_loss,0.047998424619436264
6850,train/entropy,-8.828035354614258
6850,train/episode_length_steps,1128.6557313446654
6850,train/fps,51101.753327980936
6860,train/reward,1.366203784942627
6860,train/actor_loss,0.014309734106063843
6860,train/critic_loss,0.05739010125398636
6860,train/entropy,-8.84461498260498
6860,train/episode_length_steps,884.8379899660755
6860,train/fps,51117.862092265816
6870,train/reward,1.3679935932159424
6870,train/actor_loss,0.026222247630357742
6870,train/critic_loss,0.06853670626878738
6870,train/entropy,-8.884236335754395
6870,train/episode_length_steps,1201.0511543403513
6870,train/fps,51126.354070773734
6880,train/reward,1.3660705089569092
6880,train/actor_loss,0.013999192975461483
6880,train/critic_loss,0.05766846612095833
6880,train/entropy,-8.890743255615234
6880,train/episode_length_steps,1100.2335310136384
6880,train/fps,51135.21042257915
6890,train/reward,1.3661184310913086
6890,train/actor_loss,0.014939889311790466
6890,train/critic_loss,0.042187806218862534
6890,train/entropy,-8.908119201660156
6890,train/episode_length_steps,991.9846862364063
6890,train/fps,51149.76186689487
6900,train/reward,1.36673903465271
6900,train/actor_loss,0.014132625423371792
6900,train/critic_loss,0.058932848274707794
6900,train/entropy,-8.922357559204102
6900,train/episode_length_steps,1128.6557313446654
6900,train/fps,51158.658749406335
6910,train/reward,1.3659420013427734
6910,train/actor_loss,0.01603592559695244
6910,train/critic_loss,0.03331447392702103
6910,train/entropy,-8.9036226272583
6910,train/episode_length_steps,928.7253199635585
6910,train/fps,51173.65308946496
6920,train/reward,1.366842269897461
6920,train/actor_loss,0.020205114036798477
6920,train/critic_loss,0.04810751602053642
6920,train/entropy,-8.918367385864258
6920,train/episode_length_steps,878.9046993506491
6920,train/fps,51181.81047488967
6930,train/reward,1.36539888381958
6930,train/actor_loss,0.011951646767556667
6930,train/critic_loss,0.06352352350950241
6930,train/entropy,-8.91291332244873
6930,train/episode_length_steps,813.4495623538085
6930,train/fps,51190.7520084562
6940,train/reward,1.3643394708633423
6940,train/actor_loss,0.016920145601034164
6940,train/critic_loss,0.0371682308614254
6940,train/entropy,-8.90926456451416
6940,train/episode_length_steps,928.7253199635585
6940,train/fps,51207.66273393852
6950,train/reward,1.3661212921142578
6950,train/actor_loss,0.01349868904799223
6950,train/critic_loss,0.054718196392059326
6950,train/entropy,-8.892142295837402
6950,train/episode_length_steps,955.8154697427
6950,train/fps,51217.28728082477
6960,train/reward,1.3670716285705566
6960,train/actor_loss,0.018140316009521484
6960,train/critic_loss,0.04574022442102432
6960,train/entropy,-8.876299858093262
6960,train/episode_length_steps,969.9619640403653
6960,train/fps,51226.9894146008
6970,train/reward,1.3668869733810425
6970,train/actor_loss,0.016332799568772316
6970,train/critic_loss,0.046269964426755905
6970,train/entropy,-8.844450950622559
6970,train/episode_length_steps,922.191032232558
6970,train/fps,51242.87623520435
6980,train/reward,1.3688597679138184
6980,train/actor_loss,0.012118985876441002
6980,train/critic_loss,0.036265779286623
6980,train/entropy,-8.849835395812988
6980,train/episode_length_steps,984.5334979350276
6980,train/fps,51250.12060773606
6990,train/reward,1.36818265914917
6990,train/actor_loss,0.025579586625099182
6990,train/critic_loss,0.05287952348589897
6990,train/entropy,-8.837641716003418
6990,train/episode_length_steps,984.5334979350276
6990,train/fps,51267.474084585
7000,train/reward,1.3677301406860352
7000,train/actor_loss,0.016531627625226974
7000,train/critic_loss,0.024172412231564522
7000,train/entropy,-8.87390422821045
7000,train/episode_length_steps,977.1934127239363
7000,train/fps,51277.20230003379
7000,eval/med_figure8_normal,0.07356535643339157
7010,train/reward,1.368243932723999
7010,train/actor_loss,0.011927777901291847
7010,train/critic_loss,0.04094908386468887
7010,train/entropy,-8.889704704284668
7010,train/episode_length_steps,1138.4589557196166
7010,train/fps,49223.57894857858
7020,train/reward,1.3701571226119995
7020,train/actor_loss,0.013655373826622963
7020,train/critic_loss,0.06159257888793945
7020,train/entropy,-8.85278606414795
7020,train/episode_length_steps,1073.207643669909
7020,train/fps,49238.01990856052
7030,train/reward,1.3678253889083862
7030,train/actor_loss,0.014670035801827908
7030,train/critic_loss,0.15252763032913208
7030,train/entropy,-8.852595329284668
7030,train/episode_length_steps,1073.207643669909
7030,train/fps,49245.65954360151
7040,train/reward,1.366455316543579
7040,train/actor_loss,0.012758157216012478
7040,train/critic_loss,0.16865240037441254
7040,train/entropy,-8.869861602783203
7040,train/episode_length_steps,991.9846862364063
7040,train/fps,49253.448755462035
7050,train/reward,1.368746042251587
7050,train/actor_loss,0.012533149681985378
7050,train/critic_loss,0.1322403997182846
7050,train/entropy,-8.815183639526367
7050,train/episode_length_steps,1022.9524966434373
7050,train/fps,49266.40866477869
7060,train/reward,1.3690447807312012
7060,train/actor_loss,0.01543479599058628
7060,train/critic_loss,0.14301256835460663
7060,train/entropy,-8.78866195678711
7060,train/episode_length_steps,991.9846862364063
7060,train/fps,49274.15795417076
7070,train/reward,1.3663884401321411
7070,train/actor_loss,0.016639286652207375
7070,train/critic_loss,0.301024466753006
7070,train/entropy,-8.761759757995605
7070,train/episode_length_steps,850.393099192874
7070,train/fps,49281.4519414953
7080,train/reward,1.363418459892273
7080,train/actor_loss,0.014777540229260921
7080,train/critic_loss,0.20119419693946838
7080,train/entropy,-8.682052612304688
7080,train/episode_length_steps,861.5728416085835
7080,train/fps,49291.669820683725
7090,train/reward,1.367292046546936
7090,train/actor_loss,0.012502317316830158
7090,train/critic_loss,0.19221095740795135
7090,train/entropy,-8.613821983337402
7090,train/episode_length_steps,955.8154697427
7090,train/fps,49295.063385859045
7100,train/reward,1.3696695566177368
7100,train/actor_loss,0.021589547395706177
7100,train/critic_loss,0.3329060673713684
7100,train/entropy,-8.530954360961914
7100,train/episode_length_steps,1073.207643669909
7100,train/fps,49300.54775891669
7110,train/reward,1.3666388988494873
7110,train/actor_loss,0.01280900277197361
7110,train/critic_loss,0.16725493967533112
7110,train/entropy,-8.45128345489502
7110,train/episode_length_steps,850.393099192874
7110,train/fps,49312.583912784816
7120,train/reward,1.3685176372528076
7120,train/actor_loss,0.00999071728438139
7120,train/critic_loss,0.2613287568092346
7120,train/entropy,-8.39031982421875
7120,train/episode_length_steps,1022.9524966434373
7120,train/fps,49319.02590463715
7130,train/reward,1.366551160812378
7130,train/actor_loss,0.014811180531978607
7130,train/critic_loss,0.2683992087841034
7130,train/entropy,-8.378602981567383
7130,train/episode_length_steps,1030.9989362789295
7130,train/fps,49328.83826929992
7140,train/reward,1.3631633520126343
7140,train/actor_loss,0.014946860261261463
7140,train/critic_loss,0.38047415018081665
7140,train/entropy,-8.278729438781738
7140,train/episode_length_steps,890.8519337098286
7140,train/fps,49344.46727398197
7150,train/reward,1.3642642498016357
7150,train/actor_loss,0.01654765009880066
7150,train/critic_loss,0.19349966943264008
7150,train/entropy,-8.235055923461914
7150,train/episode_length_steps,1100.2335310136384
7150,train/fps,49355.1582373393
7160,train/reward,1.3660889863967896
7160,train/actor_loss,0.015730509534478188
7160,train/critic_loss,0.1602093130350113
7160,train/entropy,-8.195505142211914
7160,train/episode_length_steps,1015.0306813839508
7160,train/fps,49363.072618103775
7170,train/reward,1.3644784688949585
7170,train/actor_loss,0.015028546564280987
7170,train/critic_loss,0.22065921127796173
7170,train/entropy,-8.136590957641602
7170,train/episode_length_steps,915.7480494521833
7170,train/fps,49378.63137555999
7180,train/reward,1.364027738571167
7180,train/actor_loss,0.011420425027608871
7180,train/critic_loss,0.20221498608589172
7180,train/entropy,-8.078596115112305
7180,train/episode_length_steps,834.1571042040623
7180,train/fps,49388.812702331204
7190,train/reward,1.3638263940811157
7190,train/actor_loss,0.01241647731512785
7190,train/critic_loss,0.16948652267456055
7190,train/entropy,-8.068320274353027
7190,train/episode_length_steps,896.9481863514969
7190,train/fps,49399.00487499305
7200,train/reward,1.3662993907928467
7200,train/actor_loss,0.014454933814704418
7200,train/critic_loss,0.11705322563648224
7200,train/entropy,-8.062814712524414
7200,train/episode_length_steps,955.8154697427
7200,train/fps,49414.48381028028
7210,train/reward,1.3659796714782715
7210,train/actor_loss,0.012479761615395546
7210,train/critic_loss,0.12395045906305313
7210,train/entropy,-8.051655769348145
7210,train/episode_length_steps,903.12844929582
7210,train/fps,49424.529350471836
7220,train/reward,1.3650217056274414
7220,train/actor_loss,0.017626067623496056
7220,train/critic_loss,0.12477967888116837
7220,train/entropy,-8.047983169555664
7220,train/episode_length_steps,884.8379899660755
7220,train/fps,49434.87355986679
7230,train/reward,1.366208791732788
7230,train/actor_loss,0.012073672376573086
7230,train/critic_loss,0.2847845256328583
7230,train/entropy,-8.014134407043457
7230,train/episode_length_steps,977.1934127239363
7230,train/fps,49450.89689053882
7240,train/reward,1.3682136535644531
7240,train/actor_loss,0.016229184344410896
7240,train/critic_loss,0.3545002341270447
7240,train/entropy,-8.002716064453125
7240,train/episode_length_steps,1015.0306813839508
7240,train/fps,49460.2250169776
7250,train/reward,1.366498589515686
7250,train/actor_loss,0.012919497676193714
7250,train/critic_loss,0.1991131454706192
7250,train/entropy,-8.017897605895996
7250,train/episode_length_steps,948.8958429280851
7250,train/fps,49475.077247131645
7260,train/reward,1.3635982275009155
7260,train/actor_loss,0.015585972927510738
7260,train/critic_loss,0.3241595923900604
7260,train/entropy,-7.9848856925964355
7260,train/episode_length_steps,1022.9524966434373
7260,train/fps,49485.17365564699
7270,train/reward,1.365139365196228
7270,train/actor_loss,0.014022831805050373
7270,train/critic_loss,0.46874117851257324
7270,train/entropy,-7.933085918426514
7270,train/episode_length_steps,1015.0306813839508
7270,train/fps,49494.5517983167
7280,train/reward,1.3660376071929932
7280,train/actor_loss,0.017797663807868958
7280,train/critic_loss,0.27202996611595154
7280,train/entropy,-7.872793674468994
7280,train/episode_length_steps,1128.6557313446654
7280,train/fps,49510.195479836635
7290,train/reward,1.364044427871704
7290,train/actor_loss,0.010825409553945065
7290,train/critic_loss,0.32951730489730835
7290,train/entropy,-7.877316474914551
7290,train/episode_length_steps,969.9619640403653
7290,train/fps,49520.59364196419
7300,train/reward,1.365153431892395
7300,train/actor_loss,0.011995667591691017
7300,train/critic_loss,0.3678404986858368
7300,train/entropy,-7.868288516998291
7300,train/episode_length_steps,984.5334979350276
7300,train/fps,49530.181759492036
7310,train/reward,1.3661030530929565
7310,train/actor_loss,0.00943633634597063
7310,train/critic_loss,0.24146877229213715
7310,train/entropy,-7.872364044189453
7310,train/episode_length_steps,915.7480494521833
7310,train/fps,49545.48219843952
7320,train/reward,1.3655205965042114
7320,train/actor_loss,0.011582068167626858
7320,train/critic_loss,0.22211948037147522
7320,train/entropy,-7.883847713470459
7320,train/episode_length_steps,867.2736735434524
7320,train/fps,49555.40551942617
7330,train/reward,1.3634250164031982
7330,train/actor_loss,0.012065529823303223
7330,train/critic_loss,0.12180626392364502
7330,train/entropy,-7.845536708831787
7330,train/episode_length_steps,896.9481863514969
7330,train/fps,49565.70554027152
7340,train/reward,1.3666573762893677
7340,train/actor_loss,0.01801411248743534
7340,train/critic_loss,0.07937907427549362
7340,train/entropy,-7.858578681945801
7340,train/episode_length_steps,1022.9524966434373
7340,train/fps,49581.49726120763
7350,train/reward,1.3671646118164062
7350,train/actor_loss,0.013244623318314552
7350,train/critic_loss,0.13822495937347412
7350,train/entropy,-7.868058681488037
7350,train/episode_length_steps,977.1934127239363
7350,train/fps,49590.32757381751
7360,train/reward,1.3659286499023438
7360,train/actor_loss,0.011124766431748867
7360,train/critic_loss,0.25231432914733887
7360,train/entropy,-7.91445779800415
7360,train/episode_length_steps,935.352867349791
7360,train/fps,49606.590160209766
7370,train/reward,1.3673241138458252
7370,train/actor_loss,0.013377629220485687
7370,train/critic_loss,0.17863081395626068
7370,train/entropy,-7.965657711029053
7370,train/episode_length_steps,1039.1729644539928
7370,train/fps,49612.49185442896
7380,train/reward,1.3682003021240234
7380,train/actor_loss,0.012360705062747002
7380,train/critic_loss,0.08646588772535324
7380,train/entropy,-7.964972019195557
7380,train/episode_length_steps,1015.0306813839508
7380,train/fps,49619.124800231126
7390,train/reward,1.367211103439331
7390,train/actor_loss,0.015074563212692738
7390,train/critic_loss,0.04693356901407242
7390,train/entropy,-8.039774894714355
7390,train/episode_length_steps,915.7480494521833
7390,train/fps,49632.566381387274
7400,train/reward,1.3664231300354004
7400,train/actor_loss,0.013520220294594765
7400,train/critic_loss,0.1167435571551323
7400,train/entropy,-8.07218074798584
7400,train/episode_length_steps,1022.9524966434373
7400,train/fps,49639.33297166932
7410,train/reward,1.3676543235778809
7410,train/actor_loss,0.011271588504314423
7410,train/critic_loss,0.047740332782268524
7410,train/entropy,-8.131510734558105
7410,train/episode_length_steps,991.9846862364063
7410,train/fps,49645.13201113211
7420,train/reward,1.3645977973937988
7420,train/actor_loss,0.016518475487828255
7420,train/critic_loss,0.03437613323330879
7420,train/entropy,-8.217538833618164
7420,train/episode_length_steps,903.12844929582
7420,train/fps,49658.37412473051
7430,train/reward,1.3633010387420654
7430,train/actor_loss,0.009862634353339672
7430,train/critic_loss,0.05213141441345215
7430,train/entropy,-8.25019645690918
7430,train/episode_length_steps,942.0756852933614
7430,train/fps,49665.301602898384
7440,train/reward,1.3667781352996826
7440,train/actor_loss,0.012988097965717316
7440,train/critic_loss,0.03453218564391136
7440,train/entropy,-8.329854011535645
7440,train/episode_length_steps,969.9619640403653
7440,train/fps,49671.43734696597
7450,train/reward,1.3676241636276245
7450,train/actor_loss,0.011754550039768219
7450,train/critic_loss,0.029229898005723953
7450,train/entropy,-8.446269035339355
7450,train/episode_length_steps,1030.9989362789295
7450,train/fps,49684.39334594428
7460,train/reward,1.3688023090362549
7460,train/actor_loss,0.013508044183254242
7460,train/critic_loss,0.03140667825937271
7460,train/entropy,-8.567158699035645
7460,train/episode_length_steps,915.7480494521833
7460,train/fps,49691.99453755672
7470,train/reward,1.3672826290130615
7470,train/actor_loss,0.01567135564982891
7470,train/critic_loss,0.11777937412261963
7470,train/entropy,-8.605021476745605
7470,train/episode_length_steps,955.8154697427
7470,train/fps,49697.97009215884
7480,train/reward,1.3685176372528076
7480,train/actor_loss,0.01357000321149826
7480,train/critic_loss,0.03756621852517128
7480,train/entropy,-8.6028470993042
7480,train/episode_length_steps,922.191032232558
7480,train/fps,49711.12246501659
7490,train/reward,1.369266152381897
7490,train/actor_loss,0.012581512331962585
7490,train/critic_loss,0.05545934662222862
7490,train/entropy,-8.62760066986084
7490,train/episode_length_steps,984.5334979350276
7490,train/fps,49718.60211943979
7500,train/reward,1.3679664134979248
7500,train/actor_loss,0.011456225998699665
7500,train/critic_loss,0.027405166998505592
7500,train/entropy,-8.657733917236328
7500,train/episode_length_steps,1055.9161206631647
7500,train/fps,49724.976700355306
7510,train/reward,1.3669567108154297
7510,train/actor_loss,0.007983831688761711
7510,train/critic_loss,0.05372220277786255
7510,train/entropy,-8.75131893157959
7510,train/episode_length_steps,1082.0675309469727
7510,train/fps,49738.1012475544
7520,train/reward,1.3684136867523193
7520,train/actor_loss,0.016601737588644028
7520,train/critic_loss,0.09069408476352692
7520,train/entropy,-8.731369018554688
7520,train/episode_length_steps,1100.2335310136384
7520,train/fps,49747.58366828733
7530,train/reward,1.3682941198349
7530,train/actor_loss,0.013771799392998219
7530,train/critic_loss,0.0981656014919281
7530,train/entropy,-8.656229972839355
7530,train/episode_length_steps,1128.6557313446654
7530,train/fps,49757.23886715466
7540,train/reward,1.3686349391937256
7540,train/actor_loss,0.0150126488879323
7540,train/critic_loss,0.1893794685602188
7540,train/entropy,-8.679550170898438
7540,train/episode_length_steps,1073.207643669909
7540,train/fps,49776.58285725737
7550,train/reward,1.366639494895935
7550,train/actor_loss,0.022770561277866364
7550,train/critic_loss,0.14559051394462585
7550,train/entropy,-8.666098594665527
7550,train/episode_length_steps,1039.1729644539928
7550,train/fps,49786.16591006682
7560,train/reward,1.3681464195251465
7560,train/actor_loss,0.016409218311309814
7560,train/critic_loss,0.11035182327032089
7560,train/entropy,-8.665043830871582
7560,train/episode_length_steps,915.7480494521833
7560,train/fps,49802.10419514742
7570,train/reward,1.367340326309204
7570,train/actor_loss,0.014519448392093182
7570,train/critic_loss,0.11509057134389877
7570,train/entropy,-8.660006523132324
7570,train/episode_length_steps,896.9481863514969
7570,train/fps,49813.433226742556
7580,train/reward,1.3648364543914795
7580,train/actor_loss,0.013224422931671143
7580,train/critic_loss,0.13212186098098755
7580,train/entropy,-8.659205436706543
7580,train/episode_length_steps,909.3944711658012
7580,train/fps,49825.21857058906
7590,train/reward,1.3672339916229248
7590,train/actor_loss,0.014210239052772522
7590,train/critic_loss,0.037323590368032455
7590,train/entropy,-8.661452293395996
7590,train/episode_length_steps,1022.9524966434373
7590,train/fps,49842.36871883529
7600,train/reward,1.3702750205993652
7600,train/actor_loss,0.011015022173523903
7600,train/critic_loss,0.13298232853412628
7600,train/entropy,-8.679362297058105
7600,train/episode_length_steps,955.8154697427
7600,train/fps,49854.23093116129
7610,train/reward,1.3672740459442139
7610,train/actor_loss,0.011184309609234333
7610,train/critic_loss,0.02250969596207142
7610,train/entropy,-8.785384178161621
7610,train/episode_length_steps,909.3944711658012
7610,train/fps,49866.195549276636
7620,train/reward,1.3702023029327393
7620,train/actor_loss,0.01188624557107687
7620,train/critic_loss,0.040574681013822556
7620,train/entropy,-8.84760570526123
7620,train/episode_length_steps,1082.0675309469727
7620,train/fps,49883.3534376278
7630,train/reward,1.3696951866149902
7630,train/actor_loss,0.015884559601545334
7630,train/critic_loss,0.07335738092660904
7630,train/entropy,-8.825631141662598
7630,train/episode_length_steps,1022.9524966434373
7630,train/fps,49895.22041560595
7640,train/reward,1.3681573867797852
7640,train/actor_loss,0.013270570896565914
7640,train/critic_loss,0.026511982083320618
7640,train/entropy,-8.875452041625977
7640,train/episode_length_steps,962.8367577976614
7640,train/fps,49912.506379195365
7650,train/reward,1.3676655292510986
7650,train/actor_loss,0.011989636346697807
7650,train/critic_loss,0.05120612308382988
7650,train/entropy,-8.978433609008789
7650,train/episode_length_steps,1022.9524966434373
7650,train/fps,49924.339818753586
7660,train/reward,1.3667190074920654
7660,train/actor_loss,0.01285570114850998
7660,train/critic_loss,0.053168799728155136
7660,train/entropy,-9.069771766662598
7660,train/episode_length_steps,948.8958429280851
7660,train/fps,49936.31245322283
7670,train/reward,1.3676683902740479
7670,train/actor_loss,0.010524312034249306
7670,train/critic_loss,0.03723173215985298
7670,train/entropy,-9.097188949584961
7670,train/episode_length_steps,922.191032232558
7670,train/fps,49953.44092637571
7680,train/reward,1.3666126728057861
7680,train/actor_loss,0.01357896625995636
7680,train/critic_loss,0.042472902685403824
7680,train/entropy,-9.120555877685547
7680,train/episode_length_steps,935.352867349791
7680,train/fps,49965.24185196108
7690,train/reward,1.3690882921218872
7690,train/actor_loss,0.015477463603019714
7690,train/critic_loss,0.040409740060567856
7690,train/entropy,-9.177854537963867
7690,train/episode_length_steps,855.9464665668899
7690,train/fps,49982.34814909389
7700,train/reward,1.365684151649475
7700,train/actor_loss,0.013607311062514782
7700,train/critic_loss,0.030647700652480125
7700,train/entropy,-9.18142318725586
7700,train/episode_length_steps,1007.2306174500739
7700,train/fps,49994.16200093145
7710,train/reward,1.3668229579925537
7710,train/actor_loss,0.013442568480968475
7710,train/critic_loss,0.04758326709270477
7710,train/entropy,-9.221323013305664
7710,train/episode_length_steps,909.3944711658012
7710,train/fps,50005.98637114803
7720,train/reward,1.369210958480835
7720,train/actor_loss,0.014849486760795116
7720,train/critic_loss,0.018234865739941597
7720,train/entropy,-9.244300842285156
7720,train/episode_length_steps,991.9846862364063
7720,train/fps,50023.032342123675
7730,train/reward,1.3678735494613647
7730,train/actor_loss,0.013250482268631458
7730,train/critic_loss,0.07926768809556961
7730,train/entropy,-9.269476890563965
7730,train/episode_length_steps,909.3944711658012
7730,train/fps,50034.14611235099
7740,train/reward,1.3712480068206787
7740,train/actor_loss,0.015066427178680897
7740,train/critic_loss,0.0472223199903965
7740,train/entropy,-9.21119213104248
7740,train/episode_length_steps,977.1934127239363
7740,train/fps,50048.37821464841
7750,train/reward,1.3703052997589111
7750,train/actor_loss,0.014539845287799835
7750,train/critic_loss,0.05246584489941597
7750,train/entropy,-9.205367088317871
7750,train/episode_length_steps,1082.0675309469727
7750,train/fps,50060.06418142084
7760,train/reward,1.3668923377990723
7760,train/actor_loss,0.015030900947749615
7760,train/critic_loss,0.021918440237641335
7760,train/entropy,-9.218571662902832
7760,train/episode_length_steps,1030.9989362789295
7760,train/fps,50071.67240471616
7770,train/reward,1.369694471359253
7770,train/actor_loss,0.017155252397060394
7770,train/critic_loss,0.0693613812327385
7770,train/entropy,-9.245813369750977
7770,train/episode_length_steps,1168.9177465457567
7770,train/fps,50088.495371242556
7780,train/reward,1.3692758083343506
7780,train/actor_loss,0.014078331179916859
7780,train/critic_loss,0.05682891607284546
7780,train/entropy,-9.285510063171387
7780,train/episode_length_steps,1100.2335310136384
7780,train/fps,50099.70173073041
7790,train/reward,1.368459701538086
7790,train/actor_loss,0.019096380099654198
7790,train/critic_loss,0.17400036752223969
7790,train/entropy,-9.302624702453613
7790,train/episode_length_steps,1039.1729644539928
7790,train/fps,50116.39655814079
7800,train/reward,1.3682022094726562
7800,train/actor_loss,0.01710006408393383
7800,train/critic_loss,0.12803250551223755
7800,train/entropy,-9.252652168273926
7800,train/episode_length_steps,1055.9161206631647
7800,train/fps,50127.75509376862
7810,train/reward,1.3686573505401611
7810,train/actor_loss,0.012040060944855213
7810,train/critic_loss,0.15620747208595276
7810,train/entropy,-9.254443168640137
7810,train/episode_length_steps,896.9481863514969
7810,train/fps,50139.0220300455
7820,train/reward,1.3689255714416504
7820,train/actor_loss,0.014168398454785347
7820,train/critic_loss,0.13448524475097656
7820,train/entropy,-9.230928421020508
7820,train/episode_length_steps,915.7480494521833
7820,train/fps,50155.58936726118
7830,train/reward,1.3640152215957642
7830,train/actor_loss,0.017365416511893272
7830,train/critic_loss,0.04996798560023308
7830,train/entropy,-9.23748779296875
7830,train/episode_length_steps,890.8519337098286
7830,train/fps,50166.840418728774
7840,train/reward,1.3658783435821533
7840,train/actor_loss,0.014136954210698605
7840,train/critic_loss,0.11492603272199631
7840,train/entropy,-9.190340042114258
7840,train/episode_length_steps,955.8154697427
7840,train/fps,50183.389530503126
7850,train/reward,1.3677120208740234
7850,train/actor_loss,0.013958309777081013
7850,train/critic_loss,0.13894154131412506
7850,train/entropy,-9.174700736999512
7850,train/episode_length_steps,909.3944711658012
7850,train/fps,50194.704331057466
7860,train/reward,1.3679349422454834
7860,train/actor_loss,0.020629731938242912
7860,train/critic_loss,0.20438270270824432
7860,train/entropy,-9.118673324584961
7860,train/episode_length_steps,915.7480494521833
7860,train/fps,50205.932952968404
7870,train/reward,1.3676941394805908
7870,train/actor_loss,0.01378896739333868
7870,train/critic_loss,0.08587740361690521
7870,train/entropy,-9.107762336730957
7870,train/episode_length_steps,1047.4776400860692
7870,train/fps,50222.56132789281
7880,train/reward,1.3697574138641357
7880,train/actor_loss,0.015298338606953621
7880,train/critic_loss,0.12266127020120621
7880,train/entropy,-9.095954895019531
7880,train/episode_length_steps,969.9619640403653
7880,train/fps,50233.35514080538
7890,train/reward,1.3684760332107544
7890,train/actor_loss,0.012532929889857769
7890,train/critic_loss,0.03781711682677269
7890,train/entropy,-9.13305950164795
7890,train/episode_length_steps,955.8154697427
7890,train/fps,50249.91558249106
7900,train/reward,1.3683419227600098
7900,train/actor_loss,0.013559304177761078
7900,train/critic_loss,0.13937848806381226
7900,train/entropy,-9.158646583557129
7900,train/episode_length_steps,1082.0675309469727
7900,train/fps,50261.174579077495
7910,train/reward,1.367382287979126
7910,train/actor_loss,0.011797700077295303
7910,train/critic_loss,0.14597564935684204
7910,train/entropy,-9.162118911743164
7910,train/episode_length_steps,977.1934127239363
7910,train/fps,50271.62208559119
7920,train/reward,1.3697948455810547
7920,train/actor_loss,0.013832752592861652
7920,train/critic_loss,0.0742543488740921
7920,train/entropy,-9.152047157287598
7920,train/episode_length_steps,969.9619640403653
7920,train/fps,50287.842709555785
7930,train/reward,1.3678760528564453
7930,train/actor_loss,0.017630204558372498
7930,train/critic_loss,0.06605485826730728
7930,train/entropy,-9.165144920349121
7930,train/episode_length_steps,942.0756852933614
7930,train/fps,50298.0386020888
7940,train/reward,1.366861343383789
7940,train/actor_loss,0.019012583419680595
7940,train/critic_loss,0.09017937630414963
7940,train/entropy,-9.201626777648926
7940,train/episode_length_steps,909.3944711658012
7940,train/fps,50315.07437086068
7950,train/reward,1.367929458618164
7950,train/actor_loss,0.012933680787682533
7950,train/critic_loss,0.028595736250281334
7950,train/entropy,-9.20012378692627
7950,train/episode_length_steps,969.9619640403653
7950,train/fps,50325.301531967234
7960,train/reward,1.3700724840164185
7960,train/actor_loss,0.013794305734336376
7960,train/critic_loss,0.046688854694366455
7960,train/entropy,-9.228860855102539
7960,train/episode_length_steps,942.0756852933614
7960,train/fps,50335.71250798935
7970,train/reward,1.369464635848999
7970,train/actor_loss,0.017109960317611694
7970,train/critic_loss,0.05068787559866905
7970,train/entropy,-9.20427417755127
7970,train/episode_length_steps,999.549519430452
7970,train/fps,50351.77159514044
7980,train/reward,1.3689303398132324
7980,train/actor_loss,0.013491596095263958
7980,train/critic_loss,0.04821578040719032
7980,train/entropy,-9.211819648742676
7980,train/episode_length_steps,928.7253199635585
7980,train/fps,50361.34443095698
7990,train/reward,1.3719632625579834
7990,train/actor_loss,0.017151331529021263
7990,train/critic_loss,0.03732871636748314
7990,train/entropy,-9.285345077514648
7990,train/episode_length_steps,984.5334979350276
7990,train/fps,50378.21659084767
8000,train/reward,1.3705077171325684
8000,train/actor_loss,0.020185161381959915
8000,train/critic_loss,0.10041453689336777
8000,train/entropy,-9.304621696472168
8000,train/episode_length_steps,1082.0675309469727
8000,train/fps,50388.818296635654
8000,eval/med_figure8_normal,0.08001325279474258
8010,train/reward,1.367046594619751
8010,train/actor_loss,0.015242362394928932
8010,train/critic_loss,0.022336406633257866
8010,train/entropy,-9.333015441894531
8010,train/episode_length_steps,1015.0306813839508
8010,train/fps,48625.524809505056
8020,train/reward,1.371111512184143
8020,train/actor_loss,0.011816151440143585
8020,train/critic_loss,0.0324711874127388
8020,train/entropy,-9.37644100189209
8020,train/episode_length_steps,1190.1455022611601
8020,train/fps,48642.29465266932
8030,train/reward,1.370253324508667
8030,train/actor_loss,0.014317253604531288
8030,train/critic_loss,0.08249074220657349
8030,train/entropy,-9.42564582824707
8030,train/episode_length_steps,1100.2335310136384
8030,train/fps,48654.11377194322
8040,train/reward,1.3701212406158447
8040,train/actor_loss,0.013371053151786327
8040,train/critic_loss,0.06290142238140106
8040,train/entropy,-9.450019836425781
8040,train/episode_length_steps,984.5334979350276
8040,train/fps,48666.185201230386
8050,train/reward,1.3695415258407593
8050,train/actor_loss,0.016428468748927116
8050,train/critic_loss,0.11648490279912949
8050,train/entropy,-9.435561180114746
8050,train/episode_length_steps,1030.9989362789295
8050,train/fps,48683.63591284934
8060,train/reward,1.3690447807312012
8060,train/actor_loss,0.01743898168206215
8060,train/critic_loss,0.05635552480816841
8060,train/entropy,-9.449909210205078
8060,train/episode_length_steps,903.12844929582
8060,train/fps,48695.9283256331
8070,train/reward,1.3710881471633911
8070,train/actor_loss,0.012946821749210358
8070,train/critic_loss,0.030038852244615555
8070,train/entropy,-9.486498832702637
8070,train/episode_length_steps,942.0756852933614
8070,train/fps,48712.6141039481
8080,train/reward,1.3655762672424316
8080,train/actor_loss,0.010950789786875248
8080,train/critic_loss,0.0999264195561409
8080,train/entropy,-9.489614486694336
8080,train/episode_length_steps,873.0504502092679
8080,train/fps,48724.21176730763
8090,train/reward,1.3680965900421143
8090,train/actor_loss,0.013767200522124767
8090,train/critic_loss,0.06955784559249878
8090,train/entropy,-9.478962898254395
8090,train/episode_length_steps,955.8154697427
8090,train/fps,48735.930240305635
8100,train/reward,1.369835615158081
8100,train/actor_loss,0.01595775969326496
8100,train/critic_loss,0.0494910292327404
8100,train/entropy,-9.490581512451172
8100,train/episode_length_steps,942.0756852933614
8100,train/fps,48752.53736884041
8110,train/reward,1.3694876432418823
8110,train/actor_loss,0.01985296607017517
8110,train/critic_loss,0.06466265022754669
8110,train/entropy,-9.469073295593262
8110,train/episode_length_steps,915.7480494521833
8110,train/fps,48764.03459688445
8120,train/reward,1.3707084655761719
8120,train/actor_loss,0.012304466217756271
8120,train/critic_loss,0.06383874267339706
8120,train/entropy,-9.512439727783203
8120,train/episode_length_steps,1055.9161206631647
8120,train/fps,48779.75105725254
8130,train/reward,1.371169090270996
8130,train/actor_loss,0.018134115263819695
8130,train/critic_loss,0.09180136770009995
8130,train/entropy,-9.468871116638184
8130,train/episode_length_steps,955.8154697427
8130,train/fps,48790.656551961045
8140,train/reward,1.3702389001846313
8140,train/actor_loss,0.016008583828806877
8140,train/critic_loss,0.12915359437465668
8140,train/entropy,-9.418245315551758
8140,train/episode_length_steps,962.8367577976614
8140,train/fps,48801.43513353263
8150,train/reward,1.367043137550354
8150,train/actor_loss,0.024315044283866882
8150,train/critic_loss,0.11373523622751236
8150,train/entropy,-9.331436157226562
8150,train/episode_length_steps,1022.9524966434373
8150,train/fps,48818.20195059143
8160,train/reward,1.3671491146087646
8160,train/actor_loss,0.017919525504112244
8160,train/critic_loss,0.13584068417549133
8160,train/entropy,-9.225409507751465
8160,train/episode_length_steps,948.8958429280851
8160,train/fps,48829.64922163736
8170,train/reward,1.3671982288360596
8170,train/actor_loss,0.01860678754746914
8170,train/critic_loss,0.10791226476430893
8170,train/entropy,-9.105368614196777
8170,train/episode_length_steps,896.9481863514969
8170,train/fps,48846.29212121474
8180,train/reward,1.3662070035934448
8180,train/actor_loss,0.015851110219955444
8180,train/critic_loss,0.2751222848892212
8180,train/entropy,-9.010775566101074
8180,train/episode_length_steps,915.7480494521833
8180,train/fps,48857.597134445095
8190,train/reward,1.367281198501587
8190,train/actor_loss,0.017587658017873764
8190,train/critic_loss,0.06096962094306946
8190,train/entropy,-8.92214584350586
8190,train/episode_length_steps,867.2736735434524
8190,train/fps,48868.253382104755
8200,train/reward,1.367272138595581
8200,train/actor_loss,0.015828704461455345
8200,train/critic_loss,0.1469734162092209
8200,train/entropy,-8.897165298461914
8200,train/episode_length_steps,984.5334979350276
8200,train/fps,48884.74531679874
8210,train/reward,1.3698089122772217
8210,train/actor_loss,0.018625890836119652
8210,train/critic_loss,0.05418441817164421
8210,train/entropy,-8.88528060913086
8210,train/episode_length_steps,942.0756852933614
8210,train/fps,48895.452098971386
8220,train/reward,1.3660755157470703
8220,train/actor_loss,0.014259046874940395
8220,train/critic_loss,0.15144342184066772
8220,train/entropy,-8.829901695251465
8220,train/episode_length_steps,999.549519430452
8220,train/fps,48912.14418239996
8230,train/reward,1.3689839839935303
8230,train/actor_loss,0.01370928343385458
8230,train/critic_loss,0.17675749957561493
8230,train/entropy,-8.736384391784668
8230,train/episode_length_steps,896.9481863514969
8230,train/fps,48923.25550598403
8240,train/reward,1.3706090450286865
8240,train/actor_loss,0.0123392129316926
8240,train/critic_loss,0.13567869365215302
8240,train/entropy,-8.674142837524414
8240,train/episode_length_steps,922.191032232558
8240,train/fps,48933.26883322413
8250,train/reward,1.3663239479064941
8250,train/actor_loss,0.01402152981609106
8250,train/critic_loss,0.14936833083629608
8250,train/entropy,-8.63520622253418
8250,train/episode_length_steps,1015.0306813839508
8250,train/fps,48950.02431337665
8260,train/reward,1.3656909465789795
8260,train/actor_loss,0.013907588087022305
8260,train/critic_loss,0.12553219497203827
8260,train/entropy,-8.564070701599121
8260,train/episode_length_steps,903.12844929582
8260,train/fps,48960.42098169996
8270,train/reward,1.3694393634796143
8270,train/actor_loss,0.015581771731376648
8270,train/critic_loss,0.07656531780958176
8270,train/entropy,-8.545448303222656
8270,train/episode_length_steps,1168.9177465457567
8270,train/fps,48971.838102191155
8280,train/reward,1.3695157766342163
8280,train/actor_loss,0.011336381547152996
8280,train/critic_loss,0.16378198564052582
8280,train/entropy,-8.520904541015625
8280,train/episode_length_steps,1039.1729644539928
8280,train/fps,48987.44288082524
8290,train/reward,1.3656392097473145
8290,train/actor_loss,0.012890428304672241
8290,train/critic_loss,0.09149932116270065
8290,train/entropy,-8.48745059967041
8290,train/episode_length_steps,962.8367577976614
8290,train/fps,48996.49280741024
8300,train/reward,1.3644418716430664
8300,train/actor_loss,0.013343107886612415
8300,train/critic_loss,0.060826998203992844
8300,train/entropy,-8.48534870147705
8300,train/episode_length_steps,1030.9989362789295
8300,train/fps,49013.12534022912
8310,train/reward,1.3660593032836914
8310,train/actor_loss,0.014806880615651608
8310,train/critic_loss,0.12400932610034943
8310,train/entropy,-8.461341857910156
8310,train/episode_length_steps,922.191032232558
8310,train/fps,49023.01514191504
8320,train/reward,1.3673896789550781
8320,train/actor_loss,0.014046765863895416
8320,train/critic_loss,0.22233103215694427
8320,train/entropy,-8.439958572387695
8320,train/episode_length_steps,969.9619640403653
8320,train/fps,49034.058603788486
8330,train/reward,1.3625271320343018
8330,train/actor_loss,0.015091964974999428
8330,train/critic_loss,0.31792816519737244
8330,train/entropy,-8.442183494567871
8330,train/episode_length_steps,890.8519337098286
8330,train/fps,49050.176835419916
8340,train/reward,1.3656175136566162
8340,train/actor_loss,0.012108901515603065
8340,train/critic_loss,0.1610977202653885
8340,train/entropy,-8.447053909301758
8340,train/episode_length_steps,948.8958429280851
8340,train/fps,49060.37749490254
8350,train/reward,1.3666226863861084
8350,train/actor_loss,0.011906220577657223
8350,train/critic_loss,0.19142428040504456
8350,train/entropy,-8.4345121383667
8350,train/episode_length_steps,977.1934127239363
8350,train/fps,49076.41232593104
8360,train/reward,1.3656797409057617
8360,train/actor_loss,0.011738878674805164
8360,train/critic_loss,0.13316790759563446
8360,train/entropy,-8.443591117858887
8360,train/episode_length_steps,999.549519430452
8360,train/fps,49086.628647139994
8370,train/reward,1.369725227355957
8370,train/actor_loss,0.012090078555047512
8370,train/critic_loss,0.11493336409330368
8370,train/entropy,-8.4489107131958
8370,train/episode_length_steps,1091.074921898641
8370,train/fps,49097.662915709174
8380,train/reward,1.3686497211456299
8380,train/actor_loss,0.014546393416821957
8380,train/critic_loss,0.15840314328670502
8380,train/entropy,-8.442520141601562
8380,train/episode_length_steps,1030.9989362789295
8380,train/fps,49111.74301983643
8390,train/reward,1.3650140762329102
8390,train/actor_loss,0.01288843434303999
8390,train/critic_loss,0.06802072376012802
8390,train/entropy,-8.42835521697998
8390,train/episode_length_steps,942.0756852933614
8390,train/fps,49121.3440500437
8400,train/reward,1.366455316543579
8400,train/actor_loss,0.010745460167527199
8400,train/critic_loss,0.07536406069993973
8400,train/entropy,-8.447031021118164
8400,train/episode_length_steps,1100.2335310136384
8400,train/fps,49135.2514300443
8410,train/reward,1.3655683994293213
8410,train/actor_loss,0.01634025387465954
8410,train/critic_loss,0.1910671442747116
8410,train/entropy,-8.485746383666992
8410,train/episode_length_steps,1039.1729644539928
8410,train/fps,49144.63663970392
8420,train/reward,1.3671950101852417
8420,train/actor_loss,0.01300486084073782
8420,train/critic_loss,0.1685308963060379
8420,train/entropy,-8.47664737701416
8420,train/episode_length_steps,1015.0306813839508
8420,train/fps,49153.54583450611
8430,train/reward,1.3645045757293701
8430,train/actor_loss,0.0127855334430933
8430,train/critic_loss,0.3747708797454834
8430,train/entropy,-8.457086563110352
8430,train/episode_length_steps,884.8379899660755
8430,train/fps,49168.72564283351
8440,train/reward,1.3662863969802856
8440,train/actor_loss,0.010430015623569489
8440,train/critic_loss,0.07421955466270447
8440,train/entropy,-8.409750938415527
8440,train/episode_length_steps,915.7480494521833
8440,train/fps,49178.65475194232
8450,train/reward,1.3629376888275146
8450,train/actor_loss,0.011763411574065685
8450,train/critic_loss,0.21784821152687073
8450,train/entropy,-8.395655632019043
8450,train/episode_length_steps,1030.9989362789295
8450,train/fps,49189.49499911077
8460,train/reward,1.3646482229232788
8460,train/actor_loss,0.011802149936556816
8460,train/critic_loss,0.15183106064796448
8460,train/entropy,-8.363619804382324
8460,train/episode_length_steps,1015.0306813839508
8460,train/fps,49204.00906116047
8470,train/reward,1.3657238483428955
8470,train/actor_loss,0.010632085613906384
8470,train/critic_loss,0.12817120552062988
8470,train/entropy,-8.400938987731934
8470,train/episode_length_steps,1039.1729644539928
8470,train/fps,49213.67960741174
8480,train/reward,1.363816261291504
8480,train/actor_loss,0.01253706868737936
8480,train/critic_loss,0.096737802028656
8480,train/entropy,-8.425886154174805
8480,train/episode_length_steps,861.5728416085835
8480,train/fps,49228.502966371496
8490,train/reward,1.368046522140503
8490,train/actor_loss,0.014285138808190823
8490,train/critic_loss,0.070819191634655
8490,train/entropy,-8.451566696166992
8490,train/episode_length_steps,909.3944711658012
8490,train/fps,49237.53949218302
8500,train/reward,1.367469072341919
8500,train/actor_loss,0.011338191106915474
8500,train/critic_loss,0.059697043150663376
8500,train/entropy,-8.437273979187012
8500,train/episode_length_steps,977.1934127239363
8500,train/fps,49247.946119626526
8510,train/reward,1.3681201934814453
8510,train/actor_loss,0.012047315016388893
8510,train/critic_loss,0.10362490266561508
8510,train/entropy,-8.41851806640625
8510,train/episode_length_steps,962.8367577976614
8510,train/fps,49261.956677964976
8520,train/reward,1.368936538696289
8520,train/actor_loss,0.012086750939488411
8520,train/critic_loss,0.059417884796857834
8520,train/entropy,-8.47696590423584
8520,train/episode_length_steps,1055.9161206631647
8520,train/fps,49271.64267289126
8530,train/reward,1.3682758808135986
8530,train/actor_loss,0.011185447685420513
8530,train/critic_loss,0.03917701914906502
8530,train/entropy,-8.534616470336914
8530,train/episode_length_steps,969.9619640403653
8530,train/fps,49281.08664699977
8540,train/reward,1.3682881593704224
8540,train/actor_loss,0.011344637721776962
8540,train/critic_loss,0.06904679536819458
8540,train/entropy,-8.595721244812012
8540,train/episode_length_steps,903.12844929582
8540,train/fps,49295.03772305346
8550,train/reward,1.366095781326294
8550,train/actor_loss,0.012823118828237057
8550,train/critic_loss,0.04004726558923721
8550,train/entropy,-8.66819953918457
8550,train/episode_length_steps,1030.9989362789295
8550,train/fps,49303.80951412026
8560,train/reward,1.3689225912094116
8560,train/actor_loss,0.01152106188237667
8560,train/critic_loss,0.04507257789373398
8560,train/entropy,-8.759454727172852
8560,train/episode_length_steps,991.9846862364063
8560,train/fps,49318.462954925984
8570,train/reward,1.3682594299316406
8570,train/actor_loss,0.011045770719647408
8570,train/critic_loss,0.01747446320950985
8570,train/entropy,-8.824536323547363
8570,train/episode_length_steps,1007.2306174500739
8570,train/fps,49327.95627290321
8580,train/reward,1.3679636716842651
8580,train/actor_loss,0.013047605752944946
8580,train/critic_loss,0.016533559188246727
8580,train/entropy,-8.912389755249023
8580,train/episode_length_steps,873.0504502092679
8580,train/fps,49338.08788031372
8590,train/reward,1.367579460144043
8590,train/actor_loss,0.014760750345885754
8590,train/critic_loss,0.03491779789328575
8590,train/entropy,-8.962692260742188
8590,train/episode_length_steps,948.8958429280851
8590,train/fps,49352.72881329137
8600,train/reward,1.371816873550415
8600,train/actor_loss,0.01225624606013298
8600,train/critic_loss,0.01665371097624302
8600,train/entropy,-9.0394926071167
8600,train/episode_length_steps,948.8958429280851
8600,train/fps,49363.575394568405
8610,train/reward,1.3697590827941895
8610,train/actor_loss,0.013192233629524708
8610,train/critic_loss,0.01369448658078909
8610,train/entropy,-9.129779815673828
8610,train/episode_length_steps,999.549519430452
8610,train/fps,49372.69142561181
8620,train/reward,1.3709005117416382
8620,train/actor_loss,0.01387566328048706
8620,train/critic_loss,0.015586567111313343
8620,train/entropy,-9.269319534301758
8620,train/episode_length_steps,1119.0198959333352
8620,train/fps,49386.104613143645
8630,train/reward,1.371984601020813
8630,train/actor_loss,0.014509822241961956
8630,train/critic_loss,0.010296900756657124
8630,train/entropy,-9.374421119689941
8630,train/episode_length_steps,1179.4361166605142
8630,train/fps,49397.1824953981
8640,train/reward,1.3688232898712158
8640,train/actor_loss,0.017101630568504333
8640,train/critic_loss,0.01546970009803772
8640,train/entropy,-9.445014953613281
8640,train/episode_length_steps,991.9846862364063
8640,train/fps,49413.67629333388
8650,train/reward,1.3699570894241333
8650,train/actor_loss,0.014521296136081219
8650,train/critic_loss,0.01370096392929554
8650,train/entropy,-9.434660911560059
8650,train/episode_length_steps,1055.9161206631647
8650,train/fps,49426.69848177235
8660,train/reward,1.3708198070526123
8660,train/actor_loss,0.016628561541438103
8660,train/critic_loss,0.02756267786026001
8660,train/entropy,-9.415319442749023
8660,train/episode_length_steps,1073.207643669909
8660,train/fps,49435.90058841065
8670,train/reward,1.3714083433151245
8670,train/actor_loss,0.013757051900029182
8670,train/critic_loss,0.019157083705067635
8670,train/entropy,-9.37408447265625
8670,train/episode_length_steps,1022.9524966434373
8670,train/fps,49448.498533914244
8680,train/reward,1.3700487613677979
8680,train/actor_loss,0.016710752621293068
8680,train/critic_loss,0.016354231163859367
8680,train/entropy,-9.434038162231445
8680,train/episode_length_steps,915.7480494521833
8680,train/fps,49456.922321894555
8690,train/reward,1.3725545406341553
8690,train/actor_loss,0.013353506103157997
8690,train/critic_loss,0.029698742553591728
8690,train/entropy,-9.525163650512695
8690,train/episode_length_steps,942.0756852933614
8690,train/fps,49470.078027182106
8700,train/reward,1.3685500621795654
8700,train/actor_loss,0.021171359345316887
8700,train/critic_loss,0.029352664947509766
8700,train/entropy,-9.564523696899414
8700,train/episode_length_steps,1039.1729644539928
8700,train/fps,49478.69898786479
8710,train/reward,1.3680789470672607
8710,train/actor_loss,0.013771397061645985
8710,train/critic_loss,0.020609190687537193
8710,train/entropy,-9.624980926513672
8710,train/episode_length_steps,991.9846862364063
8710,train/fps,49487.00305366915
8720,train/reward,1.3724870681762695
8720,train/actor_loss,0.012201257050037384
8720,train/critic_loss,0.009912231005728245
8720,train/entropy,-9.691583633422852
8720,train/episode_length_steps,977.1934127239363
8720,train/fps,49500.1324769391
8730,train/reward,1.3684306144714355
8730,train/actor_loss,0.02919217012822628
8730,train/critic_loss,0.010576143860816956
8730,train/entropy,-9.823410034179688
8730,train/episode_length_steps,890.8519337098286
8730,train/fps,49508.73760252533
8740,train/reward,1.3695048093795776
8740,train/actor_loss,0.015335708856582642
8740,train/critic_loss,0.010960961692035198
8740,train/entropy,-9.890344619750977
8740,train/episode_length_steps,922.191032232558
8740,train/fps,49516.62584845671
8750,train/reward,1.370377779006958
8750,train/actor_loss,0.018088314682245255
8750,train/critic_loss,0.016650555655360222
8750,train/entropy,-9.961749076843262
8750,train/episode_length_steps,1015.0306813839508
8750,train/fps,49529.27601688645
8760,train/reward,1.3699034452438354
8760,train/actor_loss,0.02000497654080391
8760,train/critic_loss,0.006997705437242985
8760,train/entropy,-10.049479484558105
8760,train/episode_length_steps,955.8154697427
8760,train/fps,49537.65668675039
8770,train/reward,1.3715704679489136
8770,train/actor_loss,0.019629059359431267
8770,train/critic_loss,0.009738114662468433
8770,train/entropy,-10.103805541992188
8770,train/episode_length_steps,1073.207643669909
8770,train/fps,49547.482791886345
8780,train/reward,1.3722482919692993
8780,train/actor_loss,0.019401879981160164
8780,train/critic_loss,0.015796782448887825
8780,train/entropy,-10.130459785461426
8780,train/episode_length_steps,984.5334979350276
8780,train/fps,49562.01280120025
8790,train/reward,1.3722538948059082
8790,train/actor_loss,0.020245492458343506
8790,train/critic_loss,0.02264024131000042
8790,train/entropy,-10.16790771484375
8790,train/episode_length_steps,915.7480494521833
8790,train/fps,49571.34214807792
8800,train/reward,1.3704099655151367
8800,train/actor_loss,0.023189932107925415
8800,train/critic_loss,0.02184283547103405
8800,train/entropy,-10.107767105102539
8800,train/episode_length_steps,1015.0306813839508
8800,train/fps,49586.17560953899
8810,train/reward,1.3707258701324463
8810,train/actor_loss,0.019226813688874245
8810,train/critic_loss,0.015092561952769756
8810,train/entropy,-9.989441871643066
8810,train/episode_length_steps,991.9846862364063
8810,train/fps,49595.65999273085
8820,train/reward,1.372763991355896
8820,train/actor_loss,0.019217344000935555
8820,train/critic_loss,0.015850607305765152
8820,train/entropy,-9.980607986450195
8820,train/episode_length_steps,999.549519430452
8820,train/fps,49605.3248569267
8830,train/reward,1.3694614171981812
8830,train/actor_loss,0.021137256175279617
8830,train/critic_loss,0.04378807544708252
8830,train/entropy,-9.968462944030762
8830,train/episode_length_steps,844.9113276288067
8830,train/fps,49620.149183847505
8840,train/reward,1.3709056377410889
8840,train/actor_loss,0.017169490456581116
8840,train/critic_loss,0.021083444356918335
8840,train/entropy,-9.95848274230957
8840,train/episode_length_steps,948.8958429280851
8840,train/fps,49628.73054263875
8850,train/reward,1.3737568855285645
8850,train/actor_loss,0.018730489537119865
8850,train/critic_loss,0.015615458600223064
8850,train/entropy,-9.908449172973633
8850,train/episode_length_steps,948.8958429280851
8850,train/fps,49644.04300611021
8860,train/reward,1.370879888534546
8860,train/actor_loss,0.013740289025008678
8860,train/critic_loss,0.05474201962351799
8860,train/entropy,-9.925210952758789
8860,train/episode_length_steps,977.1934127239363
8860,train/fps,49653.36403272618
8870,train/reward,1.3707008361816406
8870,train/actor_loss,0.01618446409702301
8870,train/critic_loss,0.029146773740649223
8870,train/entropy,-9.875673294067383
8870,train/episode_length_steps,1138.4589557196166
8870,train/fps,49663.09253567296
8880,train/reward,1.3739945888519287
8880,train/actor_loss,0.01706395111978054
8880,train/critic_loss,0.014698884449899197
8880,train/entropy,-9.845396995544434
8880,train/episode_length_steps,1201.0511543403513
8880,train/fps,49677.93736022359
8890,train/reward,1.3705079555511475
8890,train/actor_loss,0.02614438533782959
8890,train/critic_loss,0.041924767196178436
8890,train/entropy,-9.749846458435059
8890,train/episode_length_steps,984.5334979350276
8890,train/fps,49686.526612551905
8900,train/reward,1.3702794313430786
8900,train/actor_loss,0.01409090030938387
8900,train/critic_loss,0.04642461985349655
8900,train/entropy,-9.685447692871094
8900,train/episode_length_steps,1039.1729644539928
8900,train/fps,49701.11351134029
8910,train/reward,1.3713555335998535
8910,train/actor_loss,0.027298197150230408
8910,train/critic_loss,0.017472028732299805
8910,train/entropy,-9.640349388122559
8910,train/episode_length_steps,1082.0675309469727
8910,train/fps,49710.51926439494
8920,train/reward,1.3710672855377197
8920,train/actor_loss,0.019063321873545647
8920,train/critic_loss,0.05762571841478348
8920,train/entropy,-9.548983573913574
8920,train/episode_length_steps,1007.2306174500739
8920,train/fps,49719.22387584777
8930,train/reward,1.3695526123046875
8930,train/actor_loss,0.02191409282386303
8930,train/critic_loss,0.05664771422743797
8930,train/entropy,-9.439824104309082
8930,train/episode_length_steps,884.8379899660755
8930,train/fps,49734.16619447872
8940,train/reward,1.3720276355743408
8940,train/actor_loss,0.017708005383610725
8940,train/critic_loss,0.08486827462911606
8940,train/entropy,-9.365532875061035
8940,train/episode_length_steps,909.3944711658012
8940,train/fps,49743.24813910704
8950,train/reward,1.3669161796569824
8950,train/actor_loss,0.022632865235209465
8950,train/critic_loss,0.11198226362466812
8950,train/entropy,-9.227927207946777
8950,train/episode_length_steps,984.5334979350276
8950,train/fps,49757.3658756177
8960,train/reward,1.3680787086486816
8960,train/actor_loss,0.017925165593624115
8960,train/critic_loss,0.174286350607872
8960,train/entropy,-9.147941589355469
8960,train/episode_length_steps,928.7253199635585
8960,train/fps,49766.60850778918
8970,train/reward,1.3696132898330688
8970,train/actor_loss,0.021863596513867378
8970,train/critic_loss,0.055174149572849274
8970,train/entropy,-9.082289695739746
8970,train/episode_length_steps,977.1934127239363
8970,train/fps,49775.45599015592
8980,train/reward,1.3671989440917969
8980,train/actor_loss,0.016448944807052612
8980,train/critic_loss,0.06952287256717682
8980,train/entropy,-8.954580307006836
8980,train/episode_length_steps,896.9481863514969
8980,train/fps,49789.33596828312
8990,train/reward,1.3684561252593994
8990,train/actor_loss,0.015678493306040764
8990,train/critic_loss,0.05067153647542
8990,train/entropy,-8.914320945739746
8990,train/episode_length_steps,884.8379899660755
8990,train/fps,49798.51949526407
9000,train/reward,1.3703639507293701
9000,train/actor_loss,0.01460766326636076
9000,train/critic_loss,0.04193616658449173
9000,train/entropy,-8.910558700561523
9000,train/episode_length_steps,999.549519430452
9000,train/fps,49807.89070567136
9000,eval/med_figure8_normal,0.06654562056064606
9010,train/reward,1.366904616355896
9010,train/actor_loss,0.016985250636935234
9010,train/critic_loss,0.06908603012561798
9010,train/entropy,-8.857632637023926
9010,train/episode_length_steps,896.9481863514969
9010,train/fps,48309.01524240625
9020,train/reward,1.3707554340362549
9020,train/actor_loss,0.015471703372895718
9020,train/critic_loss,0.11101218312978745
9020,train/entropy,-8.811565399169922
9020,train/episode_length_steps,991.9846862364063
9020,train/fps,48325.61535442545
9030,train/reward,1.3709853887557983
9030,train/actor_loss,0.016470754519104958
9030,train/critic_loss,0.05288705229759216
9030,train/entropy,-8.775447845458984
9030,train/episode_length_steps,935.352867349791
9030,train/fps,48337.30077122779
9040,train/reward,1.3693441152572632
9040,train/actor_loss,0.013491599820554256
9040,train/critic_loss,0.0414174422621727
9040,train/entropy,-8.7421293258667
9040,train/episode_length_steps,915.7480494521833
9040,train/fps,48353.9812835619
9050,train/reward,1.3693782091140747
9050,train/actor_loss,0.013474956154823303
9050,train/critic_loss,0.021094879135489464
9050,train/entropy,-8.748466491699219
9050,train/episode_length_steps,991.9846862364063
9050,train/fps,48362.033231808025
9060,train/reward,1.3682117462158203
9060,train/actor_loss,0.01570688746869564
9060,train/critic_loss,0.05690900608897209
9060,train/entropy,-8.73979663848877
9060,train/episode_length_steps,977.1934127239363
9060,train/fps,48373.165592853715
9070,train/reward,1.3702363967895508
9070,train/actor_loss,0.01764177717268467
9070,train/critic_loss,0.05417729169130325
9070,train/entropy,-8.698868751525879
9070,train/episode_length_steps,969.9619640403653
9070,train/fps,48389.85848820428
9080,train/reward,1.3683147430419922
9080,train/actor_loss,0.013331795111298561
9080,train/critic_loss,0.08539774268865585
9080,train/entropy,-8.647734642028809
9080,train/episode_length_steps,798.5812704616955
9080,train/fps,48400.02609781778
9090,train/reward,1.3680248260498047
9090,train/actor_loss,0.01293561328202486
9090,train/critic_loss,0.05043191462755203
9090,train/entropy,-8.592535972595215
9090,train/episode_length_steps,896.9481863514969
9090,train/fps,48416.34228535367
9100,train/reward,1.370560646057129
9100,train/actor_loss,0.0124414237216115
9100,train/critic_loss,0.10726727545261383
9100,train/entropy,-8.601126670837402
9100,train/episode_length_steps,922.191032232558
9100,train/fps,48426.57050300504
9110,train/reward,1.3713229894638062
9110,train/actor_loss,0.01037800032645464
9110,train/critic_loss,0.06154441833496094
9110,train/entropy,-8.612666130065918
9110,train/episode_length_steps,948.8958429280851
9110,train/fps,48437.94702273413
9120,train/reward,1.3700834512710571
9120,train/actor_loss,0.013165195472538471
9120,train/critic_loss,0.07357289642095566
9120,train/entropy,-8.580412864685059
9120,train/episode_length_steps,1138.4589557196166
9120,train/fps,48454.09183239093
9130,train/reward,1.37158203125
9130,train/actor_loss,0.01524305623024702
9130,train/critic_loss,0.04231790825724602
9130,train/entropy,-8.562731742858887
9130,train/episode_length_steps,1246.7484398903493
9130,train/fps,48463.62585125615
9140,train/reward,1.3678624629974365
9140,train/actor_loss,0.014591631479561329
9140,train/critic_loss,0.04730217158794403
9140,train/entropy,-8.574690818786621
9140,train/episode_length_steps,922.191032232558
9140,train/fps,48479.539862324826
9150,train/reward,1.3687832355499268
9150,train/actor_loss,0.01562901772558689
9150,train/critic_loss,0.09301336109638214
9150,train/entropy,-8.61474323272705
9150,train/episode_length_steps,1007.2306174500739
9150,train/fps,48490.07747446531
9160,train/reward,1.3683991432189941
9160,train/actor_loss,0.017724720761179924
9160,train/critic_loss,0.04552638530731201
9160,train/entropy,-8.644783973693848
9160,train/episode_length_steps,1030.9989362789295
9160,train/fps,48500.333372848276
9170,train/reward,1.368438959121704
9170,train/actor_loss,0.011752266436815262
9170,train/critic_loss,0.0881185308098793
9170,train/entropy,-8.583198547363281
9170,train/episode_length_steps,969.9619640403653
9170,train/fps,48516.374092819184
9180,train/reward,1.3670949935913086
9180,train/actor_loss,0.01088355015963316
9180,train/critic_loss,0.05271636322140694
9180,train/entropy,-8.589985847473145
9180,train/episode_length_steps,962.8367577976614
9180,train/fps,48526.37294124498
9190,train/reward,1.3705260753631592
9190,train/actor_loss,0.011369830928742886
9190,train/critic_loss,0.1345076858997345
9190,train/entropy,-8.541719436645508
9190,train/episode_length_steps,955.8154697427
9190,train/fps,48542.06054246896
9200,train/reward,1.3679769039154053
9200,train/actor_loss,0.013544517569243908
9200,train/critic_loss,0.03062078170478344
9200,train/entropy,-8.515266418457031
9200,train/episode_length_steps,1073.207643669909
9200,train/fps,48552.594804157445
9210,train/reward,1.3658088445663452
9210,train/actor_loss,0.014703293330967426
9210,train/critic_loss,0.06287897378206253
9210,train/entropy,-8.581583976745605
9210,train/episode_length_steps,896.9481863514969
9210,train/fps,48562.404338826374
9220,train/reward,1.3690314292907715
9220,train/actor_loss,0.01566244848072529
9220,train/critic_loss,0.03744721785187721
9220,train/entropy,-8.559163093566895
9220,train/episode_length_steps,991.9846862364063
9220,train/fps,48578.253308171625
9230,train/reward,1.3663713932037354
9230,train/actor_loss,0.012340286746621132
9230,train/critic_loss,0.05755485221743584
9230,train/entropy,-8.603381156921387
9230,train/episode_length_steps,903.12844929582
9230,train/fps,48587.92808425148
9240,train/reward,1.3680896759033203
9240,train/actor_loss,0.012048931792378426
9240,train/critic_loss,0.03337559849023819
9240,train/entropy,-8.700884819030762
9240,train/episode_length_steps,903.12844929582
9240,train/fps,48603.51714223475
9250,train/reward,1.3683366775512695
9250,train/actor_loss,0.017833076417446136
9250,train/critic_loss,0.04217090085148811
9250,train/entropy,-8.730748176574707
9250,train/episode_length_steps,1030.9989362789295
9250,train/fps,48612.98810966683
9260,train/reward,1.3642743825912476
9260,train/actor_loss,0.01117705088108778
9260,train/critic_loss,0.14022111892700195
9260,train/entropy,-8.689929008483887
9260,train/episode_length_steps,873.0504502092679
9260,train/fps,48622.7462802976
9270,train/reward,1.3665592670440674
9270,train/actor_loss,0.010482767596840858
9270,train/critic_loss,0.09858694672584534
9270,train/entropy,-8.675821304321289
9270,train/episode_length_steps,1047.4776400860692
9270,train/fps,48637.18538227497
9280,train/reward,1.366835355758667
9280,train/actor_loss,0.014034143649041653
9280,train/critic_loss,0.12304901331663132
9280,train/entropy,-8.584879875183105
9280,train/episode_length_steps,991.9846862364063
9280,train/fps,48648.3220778296
9290,train/reward,1.3670603036880493
9290,train/actor_loss,0.010756331495940685
9290,train/critic_loss,0.07726337760686874
9290,train/entropy,-8.588464736938477
9290,train/episode_length_steps,1007.2306174500739
9290,train/fps,48662.67908807435
9300,train/reward,1.3661781549453735
9300,train/actor_loss,0.012351952493190765
9300,train/critic_loss,0.050347644835710526
9300,train/entropy,-8.591824531555176
9300,train/episode_length_steps,1015.0306813839508
9300,train/fps,48673.537709766926
9310,train/reward,1.3684413433074951
9310,train/actor_loss,0.012779799290001392
9310,train/critic_loss,0.114884153008461
9310,train/entropy,-8.609267234802246
9310,train/episode_length_steps,1015.0306813839508
9310,train/fps,48684.407377005795
9320,train/reward,1.3685708045959473
9320,train/actor_loss,0.012881973758339882
9320,train/critic_loss,0.049880675971508026
9320,train/entropy,-8.583714485168457
9320,train/episode_length_steps,999.549519430452
9320,train/fps,48698.04287090032
9330,train/reward,1.3676588535308838
9330,train/actor_loss,0.011987931095063686
9330,train/critic_loss,0.14597181975841522
9330,train/entropy,-8.574074745178223
9330,train/episode_length_steps,823.6732044386656
9330,train/fps,48708.854304682056
9340,train/reward,1.3659188747406006
9340,train/actor_loss,0.014171063899993896
9340,train/critic_loss,0.06635957211256027
9340,train/entropy,-8.577116966247559
9340,train/episode_length_steps,928.7253199635585
9340,train/fps,48723.09445295633
9350,train/reward,1.3693931102752686
9350,train/actor_loss,0.010625889524817467
9350,train/critic_loss,0.06418484449386597
9350,train/entropy,-8.571547508239746
9350,train/episode_length_steps,969.9619640403653
9350,train/fps,48733.599818040595
9360,train/reward,1.367142915725708
9360,train/actor_loss,0.011446098797023296
9360,train/critic_loss,0.03826199099421501
9360,train/entropy,-8.578849792480469
9360,train/episode_length_steps,962.8367577976614
9360,train/fps,48743.41282763159
9370,train/reward,1.3689281940460205
9370,train/actor_loss,0.009824203327298164
9370,train/critic_loss,0.01980602741241455
9370,train/entropy,-8.61632251739502
9370,train/episode_length_steps,1119.0198959333352
9370,train/fps,48756.80495241111
9380,train/reward,1.370166301727295
9380,train/actor_loss,0.011361213400959969
9380,train/critic_loss,0.0334465466439724
9380,train/entropy,-8.667259216308594
9380,train/episode_length_steps,1168.9177465457567
9380,train/fps,48767.371513966405
9390,train/reward,1.3689393997192383
9390,train/actor_loss,0.011712463572621346
9390,train/critic_loss,0.04321099445223808
9390,train/entropy,-8.685842514038086
9390,train/episode_length_steps,922.191032232558
9390,train/fps,48777.677028457234
9400,train/reward,1.3671064376831055
9400,train/actor_loss,0.01134659256786108
9400,train/critic_loss,0.02096785046160221
9400,train/entropy,-8.747614860534668
9400,train/episode_length_steps,1022.9524966434373
9400,train/fps,48792.4994371923
9410,train/reward,1.3673017024993896
9410,train/actor_loss,0.012629603035748005
9410,train/critic_loss,0.052568938583135605
9410,train/entropy,-8.746055603027344
9410,train/episode_length_steps,1100.2335310136384
9410,train/fps,48802.35394624513
9420,train/reward,1.368970513343811
9420,train/actor_loss,0.015378824435174465
9420,train/critic_loss,0.05994356423616409
9420,train/entropy,-8.727267265319824
9420,train/episode_length_steps,955.8154697427
9420,train/fps,48815.83798314363
9430,train/reward,1.3659322261810303
9430,train/actor_loss,0.01345914788544178
9430,train/critic_loss,0.08114595711231232
9430,train/entropy,-8.712708473205566
9430,train/episode_length_steps,948.8958429280851
9430,train/fps,48825.46916727423
9440,train/reward,1.36773681640625
9440,train/actor_loss,0.01245077420026064
9440,train/critic_loss,0.02677363157272339
9440,train/entropy,-8.725542068481445
9440,train/episode_length_steps,969.9619640403653
9440,train/fps,48835.65258913231
9450,train/reward,1.3647085428237915
9450,train/actor_loss,0.013104538433253765
9450,train/critic_loss,0.040034595876932144
9450,train/entropy,-8.7762451171875
9450,train/episode_length_steps,1138.4589557196166
9450,train/fps,48849.199307232186
9460,train/reward,1.3673466444015503
9460,train/actor_loss,0.016548065468668938
9460,train/critic_loss,0.02742215432226658
9460,train/entropy,-8.80126667022705
9460,train/episode_length_steps,890.8519337098286
9460,train/fps,48858.78262888704
9470,train/reward,1.3669776916503906
9470,train/actor_loss,0.010438318364322186
9470,train/critic_loss,0.036412980407476425
9470,train/entropy,-8.834898948669434
9470,train/episode_length_steps,984.5334979350276
9470,train/fps,48872.79224029007
9480,train/reward,1.3659546375274658
9480,train/actor_loss,0.012003595940768719
9480,train/critic_loss,0.03739204257726669
9480,train/entropy,-8.871124267578125
9480,train/episode_length_steps,915.7480494521833
9480,train/fps,48881.92972010494
9490,train/reward,1.3643497228622437
9490,train/actor_loss,0.011368799023330212
9490,train/critic_loss,0.06152025982737541
9490,train/entropy,-8.91089153289795
9490,train/episode_length_steps,861.5728416085835
9490,train/fps,48891.62647264054
9500,train/reward,1.3691599369049072
9500,train/actor_loss,0.011404598131775856
9500,train/critic_loss,0.027345014736056328
9500,train/entropy,-8.981352806091309
9500,train/episode_length_steps,1039.1729644539928
9500,train/fps,48905.01036336399
9510,train/reward,1.3658933639526367
9510,train/actor_loss,0.013096514157950878
9510,train/critic_loss,0.019480383023619652
9510,train/entropy,-9.108881950378418
9510,train/episode_length_steps,915.7480494521833
9510,train/fps,48912.92616149661
9520,train/reward,1.3691068887710571
9520,train/actor_loss,0.015763361006975174
9520,train/critic_loss,0.027206722646951675
9520,train/entropy,-9.1634521484375
9520,train/episode_length_steps,1082.0675309469727
9520,train/fps,48921.59925374923
9530,train/reward,1.369226098060608
9530,train/actor_loss,0.011735293082892895
9530,train/critic_loss,0.01118835061788559
9530,train/entropy,-9.313694953918457
9530,train/episode_length_steps,1007.2306174500739
9530,train/fps,48934.88923389195
9540,train/reward,1.3678008317947388
9540,train/actor_loss,0.014689976349473
9540,train/critic_loss,0.016442958265542984
9540,train/entropy,-9.414654731750488
9540,train/episode_length_steps,969.9619640403653
9540,train/fps,48944.539188675786
9550,train/reward,1.3669812679290771
9550,train/actor_loss,0.014268460683524609
9550,train/critic_loss,0.01368723250925541
9550,train/entropy,-9.511656761169434
9550,train/episode_length_steps,977.1934127239363
9550,train/fps,48957.730584813355
9560,train/reward,1.3700486421585083
9560,train/actor_loss,0.014731346629559994
9560,train/critic_loss,0.013495984487235546
9560,train/entropy,-9.595450401306152
9560,train/episode_length_steps,1022.9524966434373
9560,train/fps,48967.06865500145
9570,train/reward,1.3702399730682373
9570,train/actor_loss,0.020657215267419815
9570,train/critic_loss,0.014065982773900032
9570,train/entropy,-9.713960647583008
9570,train/episode_length_steps,999.549519430452
9570,train/fps,48976.14999778629
9580,train/reward,1.3664634227752686
9580,train/actor_loss,0.012995066121220589
9580,train/critic_loss,0.04376257583498955
9580,train/entropy,-9.75428295135498
9580,train/episode_length_steps,834.1571042040623
9580,train/fps,48989.74050347443
9590,train/reward,1.3696060180664062
9590,train/actor_loss,0.016918940469622612
9590,train/critic_loss,0.029120011255145073
9590,train/entropy,-9.792559623718262
9590,train/episode_length_steps,962.8367577976614
9590,train/fps,48999.4321792858
9600,train/reward,1.3722697496414185
9600,train/actor_loss,0.014959585852921009
9600,train/critic_loss,0.015572664327919483
9600,train/entropy,-9.801614761352539
9600,train/episode_length_steps,955.8154697427
9600,train/fps,49012.54903471229
9610,train/reward,1.3702309131622314
9610,train/actor_loss,0.014768308959901333
9610,train/critic_loss,0.02864876203238964
9610,train/entropy,-9.805731773376465
9610,train/episode_length_steps,962.8367577976614
9610,train/fps,49021.90471267971
9620,train/reward,1.3702784776687622
9620,train/actor_loss,0.014184722676873207
9620,train/critic_loss,0.04409720376133919
9620,train/entropy,-9.771388053894043
9620,train/episode_length_steps,1109.547198555855
9620,train/fps,49031.038093623065
9630,train/reward,1.373284101486206
9630,train/actor_loss,0.014386722818017006
9630,train/critic_loss,0.03368242830038071
9630,train/entropy,-9.781880378723145
9630,train/episode_length_steps,1179.4361166605142
9630,train/fps,49044.66574153576
9640,train/reward,1.3683537244796753
9640,train/actor_loss,0.015368453226983547
9640,train/critic_loss,0.03462216630578041
9640,train/entropy,-9.784341812133789
9640,train/episode_length_steps,903.12844929582
9640,train/fps,49053.95340093145
9650,train/reward,1.3672937154769897
9650,train/actor_loss,0.016599955037236214
9650,train/critic_loss,0.039644014090299606
9650,train/entropy,-9.745062828063965
9650,train/episode_length_steps,1015.0306813839508
9650,train/fps,49062.93086391648
9660,train/reward,1.3673837184906006
9660,train/actor_loss,0.023800192400813103
9660,train/critic_loss,0.12311755865812302
9660,train/entropy,-9.681632041931152
9660,train/episode_length_steps,1138.4589557196166
9660,train/fps,49076.39503431774
9670,train/reward,1.3670649528503418
9670,train/actor_loss,0.015033060684800148
9670,train/critic_loss,0.08707497268915176
9670,train/entropy,-9.562110900878906
9670,train/episode_length_steps,903.12844929582
9670,train/fps,49084.15199582817
9680,train/reward,1.3657102584838867
9680,train/actor_loss,0.01359955407679081
9680,train/critic_loss,0.10268125683069229
9680,train/entropy,-9.457101821899414
9680,train/episode_length_steps,942.0756852933614
9680,train/fps,49097.737372938514
9690,train/reward,1.368076205253601
9690,train/actor_loss,0.011745917610824108
9690,train/critic_loss,0.10766241699457169
9690,train/entropy,-9.388176918029785
9690,train/episode_length_steps,922.191032232558
9690,train/fps,49105.94903738715
9700,train/reward,1.3694995641708374
9700,train/actor_loss,0.014367717318236828
9700,train/critic_loss,0.07664971798658371
9700,train/entropy,-9.33277416229248
9700,train/episode_length_steps,1138.4589557196166
9700,train/fps,49113.538678148274
9710,train/reward,1.3658137321472168
9710,train/actor_loss,0.010963218286633492
9710,train/critic_loss,0.05912676081061363
9710,train/entropy,-9.355998039245605
9710,train/episode_length_steps,850.393099192874
9710,train/fps,49127.50787465063
9720,train/reward,1.3692355155944824
9720,train/actor_loss,0.014741226099431515
9720,train/critic_loss,0.041240841150283813
9720,train/entropy,-9.37058162689209
9720,train/episode_length_steps,969.9619640403653
9720,train/fps,49135.32335884639
9730,train/reward,1.3648595809936523
9730,train/actor_loss,0.011561202816665173
9730,train/critic_loss,0.09736169874668121
9730,train/entropy,-9.366233825683594
9730,train/episode_length_steps,935.352867349791
9730,train/fps,49148.78271434921
9740,train/reward,1.3660815954208374
9740,train/actor_loss,0.0164934229105711
9740,train/critic_loss,0.1699766367673874
9740,train/entropy,-9.291796684265137
9740,train/episode_length_steps,839.499776188048
9740,train/fps,49157.37938033631
9750,train/reward,1.3685520887374878
9750,train/actor_loss,0.013409233652055264
9750,train/critic_loss,0.18854771554470062
9750,train/entropy,-9.2511625289917
9750,train/episode_length_steps,1039.1729644539928
9750,train/fps,49165.922358326374
9760,train/reward,1.3656213283538818
9760,train/actor_loss,0.018596990033984184
9760,train/critic_loss,0.08336444199085236
9760,train/entropy,-9.225865364074707
9760,train/episode_length_steps,896.9481863514969
9760,train/fps,49179.34401816917
9770,train/reward,1.3653712272644043
9770,train/actor_loss,0.015159673057496548
9770,train/critic_loss,0.08630584180355072
9770,train/entropy,-9.162287712097168
9770,train/episode_length_steps,1030.9989362789295
9770,train/fps,49186.54964836746
9780,train/reward,1.3666503429412842
9780,train/actor_loss,0.012812166474759579
9780,train/critic_loss,0.08773122727870941
9780,train/entropy,-9.091486930847168
9780,train/episode_length_steps,1030.9989362789295
9780,train/fps,49195.58887497639
9790,train/reward,1.3657759428024292
9790,train/actor_loss,0.014729492366313934
9790,train/critic_loss,0.08737076073884964
9790,train/entropy,-9.064116477966309
9790,train/episode_length_steps,955.8154697427
9790,train/fps,49209.35570073141
9800,train/reward,1.3647823333740234
9800,train/actor_loss,0.015011741779744625
9800,train/critic_loss,0.08170796185731888
9800,train/entropy,-9.033149719238281
9800,train/episode_length_steps,935.352867349791
9800,train/fps,49217.587203569674
9810,train/reward,1.3675117492675781
9810,train/actor_loss,0.012382660061120987
9810,train/critic_loss,0.09129001945257187
9810,train/entropy,-8.977757453918457
9810,train/episode_length_steps,977.1934127239363
9810,train/fps,49230.692989061485
9820,train/reward,1.3659801483154297
9820,train/actor_loss,0.01633351854979992
9820,train/critic_loss,0.07106608897447586
9820,train/entropy,-8.929891586303711
9820,train/episode_length_steps,1007.2306174500739
9820,train/fps,49238.310367270205
9830,train/reward,1.3666102886199951
9830,train/actor_loss,0.011760611087083817
9830,train/critic_loss,0.06876849383115768
9830,train/entropy,-8.881176948547363
9830,train/episode_length_steps,834.1571042040623
9830,train/fps,49244.896477879396
9840,train/reward,1.3634215593338013
9840,train/actor_loss,0.012716047465801239
9840,train/critic_loss,0.14518387615680695
9840,train/entropy,-8.855292320251465
9840,train/episode_length_steps,962.8367577976614
9840,train/fps,49258.364781703276
9850,train/reward,1.3705694675445557
9850,train/actor_loss,0.01250712014734745
9850,train/critic_loss,0.057379722595214844
9850,train/entropy,-8.847702026367188
9850,train/episode_length_steps,955.8154697427
9850,train/fps,49265.838097602325
9860,train/reward,1.3652937412261963
9860,train/actor_loss,0.014753679744899273
9860,train/critic_loss,0.05700767785310745
9860,train/entropy,-8.840469360351562
9860,train/episode_length_steps,942.0756852933614
9860,train/fps,49274.2380642809
9870,train/reward,1.3649840354919434
9870,train/actor_loss,0.015168732963502407
9870,train/critic_loss,0.1391456127166748
9870,train/entropy,-8.818678855895996
9870,train/episode_length_steps,1064.4916662465182
9870,train/fps,49287.57958451021
9880,train/reward,1.3691072463989258
9880,train/actor_loss,0.012600310146808624
9880,train/critic_loss,0.12336570024490356
9880,train/entropy,-8.773713111877441
9880,train/episode_length_steps,1223.4732421981178
9880,train/fps,49295.097431672395
9890,train/reward,1.3650274276733398
9890,train/actor_loss,0.012027411721646786
9890,train/critic_loss,0.06784256547689438
9890,train/entropy,-8.735095024108887
9890,train/episode_length_steps,861.5728416085835
9890,train/fps,49308.06306882917
9900,train/reward,1.3641512393951416
9900,train/actor_loss,0.012391488067805767
9900,train/critic_loss,0.14437131583690643
9900,train/entropy,-8.728785514831543
9900,train/episode_length_steps,922.191032232558
9900,train/fps,49317.59321314067
9910,train/reward,1.3650615215301514
9910,train/actor_loss,0.026622945442795753
9910,train/critic_loss,0.06578182429075241
9910,train/entropy,-8.731104850769043
9910,train/episode_length_steps,1148.4339689720955
9910,train/fps,49325.90077734989
9920,train/reward,1.3675793409347534
9920,train/actor_loss,0.012823727913200855
9920,train/critic_loss,0.11130645126104355
9920,train/entropy,-8.776362419128418
9920,train/episode_length_steps,909.3944711658012
9920,train/fps,49337.388786618685
9930,train/reward,1.3639142513275146
9930,train/actor_loss,0.013326898217201233
9930,train/critic_loss,0.09463917464017868
9930,train/entropy,-8.77259635925293
9930,train/episode_length_steps,969.9619640403653
9930,train/fps,49345.02415615788
9940,train/reward,1.3669660091400146
9940,train/actor_loss,0.016980409622192383
9940,train/critic_loss,0.06315801292657852
9940,train/entropy,-8.7376070022583
9940,train/episode_length_steps,855.9464665668899
9940,train/fps,49357.65952035631
9950,train/reward,1.367631196975708
9950,train/actor_loss,0.011766652576625347
9950,train/critic_loss,0.05678265169262886
9950,train/entropy,-8.709747314453125
9950,train/episode_length_steps,1168.9177465457567
9950,train/fps,49366.12861626298
9960,train/reward,1.363383173942566
9960,train/actor_loss,0.01513820793479681
9960,train/critic_loss,0.1394985318183899
9960,train/entropy,-8.713418960571289
9960,train/episode_length_steps,844.9113276288067
9960,train/fps,49374.617986479556
9970,train/reward,1.3668615818023682
9970,train/actor_loss,0.013276658952236176
9970,train/critic_loss,0.07021202147006989
9970,train/entropy,-8.6853609085083
9970,train/episode_length_steps,999.549519430452
9970,train/fps,49386.64705832922
9980,train/reward,1.3671793937683105
9980,train/actor_loss,0.01320185698568821
9980,train/critic_loss,0.03371414169669151
9980,train/entropy,-8.606436729431152
9980,train/episode_length_steps,935.352867349791
9980,train/fps,49394.30708719195
9990,train/reward,1.368337869644165
9990,train/actor_loss,0.013910154812037945
9990,train/critic_loss,0.07073310017585754
9990,train/entropy,-8.6146879196167
9990,train/episode_length_steps,922.191032232558
9990,train/fps,49402.87989870018
10000,train/reward,1.3690299987792969
10000,train/actor_loss,0.008441491052508354
10000,train/critic_loss,0.06315355002880096
10000,train/entropy,-8.62778377532959
10000,train/episode_length_steps,999.549519430452
10000,train/fps,49415.12766149877
10000,eval/med_figure8_normal,0.0814136490225792
10010,train/reward,1.3643708229064941
10010,train/actor_loss,0.013187700882554054
10010,train/critic_loss,0.05925826355814934
10010,train/entropy,-8.627412796020508
10010,train/episode_length_steps,867.2736735434524
10010,train/fps,48178.872178086276
10020,train/reward,1.367936134338379
10020,train/actor_loss,0.013629215769469738
10020,train/critic_loss,0.16468636691570282
10020,train/entropy,-8.593366622924805
10020,train/episode_length_steps,1015.0306813839508
10020,train/fps,48192.687098719536
10030,train/reward,1.3685111999511719
10030,train/actor_loss,0.0131771145388484
10030,train/critic_loss,0.07784298807382584
10030,train/entropy,-8.552643775939941
10030,train/episode_length_steps,1128.6557313446654
10030,train/fps,48206.617787789895
10040,train/reward,1.3697187900543213
10040,train/actor_loss,0.013444297015666962
10040,train/critic_loss,0.0635070949792862
10040,train/entropy,-8.521864891052246
10040,train/episode_length_steps,1030.9989362789295
10040,train/fps,48220.521256596876
10050,train/reward,1.3674530982971191
10050,train/actor_loss,0.011241886764764786
10050,train/critic_loss,0.05688709020614624
10050,train/entropy,-8.586851119995117
10050,train/episode_length_steps,984.5334979350276
10050,train/fps,48234.378411234036
10060,train/reward,1.368133544921875
10060,train/actor_loss,0.013496634550392628
10060,train/critic_loss,0.07042884826660156
10060,train/entropy,-8.609728813171387
10060,train/episode_length_steps,1039.1729644539928
10060,train/fps,48247.91289923281
10070,train/reward,1.3689630031585693
10070,train/actor_loss,0.013423770666122437
10070,train/critic_loss,0.04732443019747734
10070,train/entropy,-8.657584190368652
10070,train/episode_length_steps,977.1934127239363
10070,train/fps,48260.0985199552
10080,train/reward,1.3693180084228516
10080,train/actor_loss,0.013783696107566357
10080,train/critic_loss,0.06854679435491562
10080,train/entropy,-8.673649787902832
10080,train/episode_length_steps,861.5728416085835
10080,train/fps,48273.365786189206
10090,train/reward,1.3689159154891968
10090,train/actor_loss,0.015483125112950802
10090,train/critic_loss,0.036427173763513565
10090,train/entropy,-8.7335786819458
10090,train/episode_length_steps,969.9619640403653
10090,train/fps,48285.60499609636
10100,train/reward,1.3691208362579346
10100,train/actor_loss,0.016674702987074852
10100,train/critic_loss,0.025092238560318947
10100,train/entropy,-8.738038063049316
10100,train/episode_length_steps,942.0756852933614
10100,train/fps,48297.45950827399
10110,train/reward,1.3671376705169678
10110,train/actor_loss,0.015319149009883404
10110,train/critic_loss,0.07008042931556702
10110,train/entropy,-8.730145454406738
10110,train/episode_length_steps,922.191032232558
10110,train/fps,48309.7915809405
10120,train/reward,1.3683499097824097
10120,train/actor_loss,0.00838844757527113
10120,train/critic_loss,0.07795823365449905
10120,train/entropy,-8.768763542175293
10120,train/episode_length_steps,1064.4916662465182
10120,train/fps,48322.45446254494
10130,train/reward,1.3706755638122559
10130,train/actor_loss,0.012554327957332134
10130,train/critic_loss,0.04992816969752312
10130,train/entropy,-8.735692977905273
10130,train/episode_length_steps,1309.004261933798
10130,train/fps,48335.0019547608
10140,train/reward,1.3690732717514038
10140,train/actor_loss,0.012263122014701366
10140,train/critic_loss,0.03597615286707878
10140,train/entropy,-8.720863342285156
10140,train/episode_length_steps,922.191032232558
10140,train/fps,48347.679309391824
10150,train/reward,1.3680691719055176
10150,train/actor_loss,0.012436392717063427
10150,train/critic_loss,0.03682151064276695
10150,train/entropy,-8.756114959716797
10150,train/episode_length_steps,962.8367577976614
10150,train/fps,48360.416620635675
10160,train/reward,1.3680543899536133
10160,train/actor_loss,0.010758381336927414
10160,train/critic_loss,0.049540191888809204
10160,train/entropy,-8.778548240661621
10160,train/episode_length_steps,1022.9524966434373
10160,train/fps,48373.196855377864
10170,train/reward,1.3696660995483398
10170,train/actor_loss,0.014394066296517849
10170,train/critic_loss,0.033088285475969315
10170,train/entropy,-8.84894847869873
10170,train/episode_length_steps,909.3944711658012
10170,train/fps,48385.95468119703
10180,train/reward,1.3662564754486084
10180,train/actor_loss,0.01624634861946106
10180,train/critic_loss,0.02260662615299225
10180,train/entropy,-8.871539115905762
10180,train/episode_length_steps,984.5334979350276
10180,train/fps,48398.70712519812
10190,train/reward,1.3681423664093018
10190,train/actor_loss,0.013053081929683685
10190,train/critic_loss,0.046940188854932785
10190,train/entropy,-8.8917818069458
10190,train/episode_length_steps,808.432328135103
10190,train/fps,48410.95674537841
10200,train/reward,1.3664278984069824
10200,train/actor_loss,0.015314026735723019
10200,train/critic_loss,0.05224667116999626
10200,train/entropy,-8.863818168640137
10200,train/episode_length_steps,1073.207643669909
10200,train/fps,48423.66973634355
10210,train/reward,1.3663052320480347
10210,train/actor_loss,0.013289674185216427
10210,train/critic_loss,0.057113587856292725
10210,train/entropy,-8.85190486907959
10210,train/episode_length_steps,834.1571042040623
10210,train/fps,48436.295424905926
10220,train/reward,1.3658394813537598
10220,train/actor_loss,0.01507431548088789
10220,train/critic_loss,0.029471084475517273
10220,train/entropy,-8.765130996704102
10220,train/episode_length_steps,1015.0306813839508
10220,train/fps,48448.914563273946
10230,train/reward,1.3642032146453857
10230,train/actor_loss,0.019140053540468216
10230,train/critic_loss,0.04155806824564934
10230,train/entropy,-8.790701866149902
10230,train/episode_length_steps,884.8379899660755
10230,train/fps,48461.43956736636
10240,train/reward,1.3693456649780273
10240,train/actor_loss,0.01608891226351261
10240,train/critic_loss,0.03577740117907524
10240,train/entropy,-8.795700073242188
10240,train/episode_length_steps,977.1934127239363
10240,train/fps,48473.61106604378
10250,train/reward,1.3689606189727783
10250,train/actor_loss,0.012759326957166195
10250,train/critic_loss,0.05911219120025635
10250,train/entropy,-8.812037467956543
10250,train/episode_length_steps,1007.2306174500739
10250,train/fps,48486.08978785051
10260,train/reward,1.366157054901123
10260,train/actor_loss,0.012191579677164555
10260,train/critic_loss,0.0344453789293766
10260,train/entropy,-8.795618057250977
10260,train/episode_length_steps,884.8379899660755
10260,train/fps,48498.48316896849
10270,train/reward,1.366864562034607
10270,train/actor_loss,0.012853490188717842
10270,train/critic_loss,0.10567320883274078
10270,train/entropy,-8.760899543762207
10270,train/episode_length_steps,984.5334979350276
10270,train/fps,48510.969938240836
10280,train/reward,1.3691697120666504
10280,train/actor_loss,0.014213601127266884
10280,train/critic_loss,0.05878913402557373
10280,train/entropy,-8.729229927062988
10280,train/episode_length_steps,1119.0198959333352
10280,train/fps,48523.32641308342
10290,train/reward,1.3664991855621338
10290,train/actor_loss,0.013611509464681149
10290,train/critic_loss,0.14157451689243317
10290,train/entropy,-8.693438529968262
10290,train/episode_length_steps,928.7253199635585
10290,train/fps,48535.69778013426
10300,train/reward,1.3646550178527832
10300,train/actor_loss,0.01749590039253235
10300,train/critic_loss,0.1380101442337036
10300,train/entropy,-8.647208213806152
10300,train/episode_length_steps,977.1934127239363
10300,train/fps,48548.17482003511
10310,train/reward,1.364825963973999
10310,train/actor_loss,0.014728598296642303
10310,train/critic_loss,0.07932915538549423
10310,train/entropy,-8.609232902526855
10310,train/episode_length_steps,969.9619640403653
10310,train/fps,48560.517783861294
10320,train/reward,1.36617910861969
10320,train/actor_loss,0.013689841143786907
10320,train/critic_loss,0.061008937656879425
10320,train/entropy,-8.612920761108398
10320,train/episode_length_steps,928.7253199635585
10320,train/fps,48572.86714996444
10330,train/reward,1.3657793998718262
10330,train/actor_loss,0.013253088109195232
10330,train/critic_loss,0.0501718632876873
10330,train/entropy,-8.568865776062012
10330,train/episode_length_steps,823.6732044386656
10330,train/fps,48585.37333664282
10340,train/reward,1.3669718503952026
10340,train/actor_loss,0.015631528571248055
10340,train/critic_loss,0.06321274489164352
10340,train/entropy,-8.561545372009277
10340,train/episode_length_steps,955.8154697427
10340,train/fps,48597.83675958819
10350,train/reward,1.368604302406311
10350,train/actor_loss,0.018136847764253616
10350,train/critic_loss,0.0809263288974762
10350,train/entropy,-8.590288162231445
10350,train/episode_length_steps,962.8367577976614
10350,train/fps,48610.136375027156
10360,train/reward,1.3655552864074707
10360,train/actor_loss,0.017631804570555687
10360,train/critic_loss,0.05288111791014671
10360,train/entropy,-8.60529613494873
10360,train/episode_length_steps,942.0756852933614
10360,train/fps,48622.34966347994
10370,train/reward,1.3670248985290527
10370,train/actor_loss,0.015171232633292675
10370,train/critic_loss,0.04324992373585701
10370,train/entropy,-8.598230361938477
10370,train/episode_length_steps,1015.0306813839508
10370,train/fps,48634.69399943428
10380,train/reward,1.369397759437561
10380,train/actor_loss,0.017618700861930847
10380,train/critic_loss,0.03682843968272209
10380,train/entropy,-8.649786949157715
10380,train/episode_length_steps,1322.2090446071238
10380,train/fps,48647.0269360598
10390,train/reward,1.3637059926986694
10390,train/actor_loss,0.01584617793560028
10390,train/critic_loss,0.08076964318752289
10390,train/entropy,-8.637198448181152
10390,train/episode_length_steps,878.9046993506491
10390,train/fps,48659.34600834218
10400,train/reward,1.364795207977295
10400,train/actor_loss,0.013924919068813324
10400,train/critic_loss,0.13166725635528564
10400,train/entropy,-8.650752067565918
10400,train/episode_length_steps,955.8154697427
10400,train/fps,48671.63744388303
10410,train/reward,1.3664666414260864
10410,train/actor_loss,0.017358332872390747
10410,train/critic_loss,0.03751036152243614
10410,train/entropy,-8.634933471679688
10410,train/episode_length_steps,1015.0306813839508
10410,train/fps,48683.92274262381
10420,train/reward,1.367404580116272
10420,train/actor_loss,0.01242134440690279
10420,train/critic_loss,0.03587142378091812
10420,train/entropy,-8.708359718322754
10420,train/episode_length_steps,884.8379899660755
10420,train/fps,48696.06526178293
10430,train/reward,1.3651597499847412
10430,train/actor_loss,0.015982067212462425
10430,train/critic_loss,0.03734015300869942
10430,train/entropy,-8.72680950164795
10430,train/episode_length_steps,984.5334979350276
10430,train/fps,48708.195221758055
10440,train/reward,1.366725206375122
10440,train/actor_loss,0.011722030118107796
10440,train/critic_loss,0.05029308423399925
10440,train/entropy,-8.725897789001465
10440,train/episode_length_steps,850.393099192874
10440,train/fps,48720.28026089779
10450,train/reward,1.3676601648330688
10450,train/actor_loss,0.015537981875240803
10450,train/critic_loss,0.032782334834337234
10450,train/entropy,-8.786018371582031
10450,train/episode_length_steps,1015.0306813839508
10450,train/fps,48732.389734060285
10460,train/reward,1.3680579662322998
10460,train/actor_loss,0.01084000151604414
10460,train/critic_loss,0.0348425917327404
10460,train/entropy,-8.809551239013672
10460,train/episode_length_steps,861.5728416085835
10460,train/fps,48744.537649686645
10470,train/reward,1.3686988353729248
10470,train/actor_loss,0.014193291775882244
10470,train/critic_loss,0.03131509944796562
10470,train/entropy,-8.863760948181152
10470,train/episode_length_steps,984.5334979350276
10470,train/fps,48756.652481590994
10480,train/reward,1.3640633821487427
10480,train/actor_loss,0.013562733307480812
10480,train/critic_loss,0.0689341202378273
10480,train/entropy,-8.908831596374512
10480,train/episode_length_steps,955.8154697427
10480,train/fps,48766.51643765218
10490,train/reward,1.3698375225067139
10490,train/actor_loss,0.01747221313416958
10490,train/critic_loss,0.027423759922385216
10490,train/entropy,-8.904496192932129
10490,train/episode_length_steps,1047.4776400860692
10490,train/fps,48778.496711020096
10500,train/reward,1.369751214981079
10500,train/actor_loss,0.013513035140931606
10500,train/critic_loss,0.07162412256002426
10500,train/entropy,-8.935221672058105
10500,train/episode_length_steps,991.9846862364063
10500,train/fps,48790.551247722535
10510,train/reward,1.3668168783187866
10510,train/actor_loss,0.016015494242310524
10510,train/critic_loss,0.10166392475366592
10510,train/entropy,-8.818218231201172
10510,train/episode_length_steps,955.8154697427
10510,train/fps,48799.68267791509
10520,train/reward,1.367750883102417
10520,train/actor_loss,0.01327429711818695
10520,train/critic_loss,0.05462457612156868
10520,train/entropy,-8.804444313049316
10520,train/episode_length_steps,955.8154697427
10520,train/fps,48811.840867532286
10530,train/reward,1.3692042827606201
10530,train/actor_loss,0.013622119091451168
10530,train/critic_loss,0.03042406402528286
10530,train/entropy,-8.77982234954834
10530,train/episode_length_steps,1179.4361166605142
10530,train/fps,48823.78233884089
10540,train/reward,1.3687572479248047
10540,train/actor_loss,0.013253581710159779
10540,train/critic_loss,0.08394955843687057
10540,train/entropy,-8.747164726257324
10540,train/episode_length_steps,962.8367577976614
10540,train/fps,48835.666195097794
10550,train/reward,1.367049217224121
10550,train/actor_loss,0.01395345013588667
10550,train/critic_loss,0.06097694858908653
10550,train/entropy,-8.77269458770752
10550,train/episode_length_steps,1015.0306813839508
10550,train/fps,48847.61202686827
10560,train/reward,1.3655593395233154
10560,train/actor_loss,0.014030194841325283
10560,train/critic_loss,0.09144040197134018
10560,train/entropy,-8.753362655639648
10560,train/episode_length_steps,955.8154697427
10560,train/fps,48859.630849308705
10570,train/reward,1.3682341575622559
10570,train/actor_loss,0.014730149880051613
10570,train/critic_loss,0.12475921213626862
10570,train/entropy,-8.762587547302246
10570,train/episode_length_steps,1007.2306174500739
10570,train/fps,48871.66205604795
10580,train/reward,1.3648631572723389
10580,train/actor_loss,0.015025085769593716
10580,train/critic_loss,0.04664374515414238
10580,train/entropy,-8.737356185913086
10580,train/episode_length_steps,969.9619640403653
10580,train/fps,48883.6704933092
10590,train/reward,1.368892788887024
10590,train/actor_loss,0.012347412295639515
10590,train/critic_loss,0.059688497334718704
10590,train/entropy,-8.731343269348145
10590,train/episode_length_steps,1039.1729644539928
10590,train/fps,48895.57000360758
10600,train/reward,1.3676939010620117
10600,train/actor_loss,0.015232299454510212
10600,train/critic_loss,0.05212809517979622
10600,train/entropy,-8.74687671661377
10600,train/episode_length_steps,1030.9989362789295
10600,train/fps,48906.80024927052
10610,train/reward,1.3658562898635864
10610,train/actor_loss,0.011556334793567657
10610,train/critic_loss,0.05543942004442215
10610,train/entropy,-8.703653335571289
10610,train/episode_length_steps,896.9481863514969
10610,train/fps,48918.52597994266
10620,train/reward,1.3660061359405518
10620,train/actor_loss,0.011204707436263561
10620,train/critic_loss,0.04110074043273926
10620,train/entropy,-8.746160507202148
10620,train/episode_length_steps,1030.9989362789295
10620,train/fps,48930.362279059904
10630,train/reward,1.3682334423065186
10630,train/actor_loss,0.011192791163921356
10630,train/critic_loss,0.09705722332000732
10630,train/entropy,-8.696985244750977
10630,train/episode_length_steps,1223.4732421981178
10630,train/fps,48942.27333756532
10640,train/reward,1.3645836114883423
10640,train/actor_loss,0.010657585225999355
10640,train/critic_loss,0.07657390087842941
10640,train/entropy,-8.683199882507324
10640,train/episode_length_steps,955.8154697427
10640,train/fps,48953.90199835536
10650,train/reward,1.365713357925415
10650,train/actor_loss,0.01282543409615755
10650,train/critic_loss,0.07276248186826706
10650,train/entropy,-8.635848045349121
10650,train/episode_length_steps,977.1934127239363
10650,train/fps,48965.80657069499
10660,train/reward,1.3642354011535645
10660,train/actor_loss,0.013313940726220608
10660,train/critic_loss,0.05580190569162369
10660,train/entropy,-8.67444133758545
10660,train/episode_length_steps,948.8958429280851
10660,train/fps,48977.61408608514
10670,train/reward,1.368598461151123
10670,train/actor_loss,0.012612218037247658
10670,train/critic_loss,0.027302367612719536
10670,train/entropy,-8.714188575744629
10670,train/episode_length_steps,884.8379899660755
10670,train/fps,48989.14121979385
10680,train/reward,1.3667465448379517
10680,train/actor_loss,0.014680926688015461
10680,train/critic_loss,0.03375799581408501
10680,train/entropy,-8.799078941345215
10680,train/episode_length_steps,962.8367577976614
10680,train/fps,49000.77044110015
10690,train/reward,1.3690760135650635
10690,train/actor_loss,0.011969305574893951
10690,train/critic_loss,0.047909777611494064
10690,train/entropy,-8.818860054016113
10690,train/episode_length_steps,839.499776188048
10690,train/fps,49012.554493047144
10700,train/reward,1.3693320751190186
10700,train/actor_loss,0.014052501879632473
10700,train/critic_loss,0.03532116860151291
10700,train/entropy,-8.896574974060059
10700,train/episode_length_steps,1015.0306813839508
10700,train/fps,49024.211777218334
10710,train/reward,1.3681838512420654
10710,train/actor_loss,0.017117124050855637
10710,train/critic_loss,0.027191488072276115
10710,train/entropy,-8.92712688446045
10710,train/episode_length_steps,878.9046993506491
10710,train/fps,49035.98749974464
10720,train/reward,1.367584228515625
10720,train/actor_loss,0.012394951656460762
10720,train/critic_loss,0.03053542971611023
10720,train/entropy,-9.005070686340332
10720,train/episode_length_steps,1015.0306813839508
10720,train/fps,49047.525568184334
10730,train/reward,1.3686494827270508
10730,train/actor_loss,0.013979463838040829
10730,train/critic_loss,0.06046433374285698
10730,train/entropy,-9.017071723937988
10730,train/episode_length_steps,991.9846862364063
10730,train/fps,49059.24757231803
10740,train/reward,1.3704254627227783
10740,train/actor_loss,0.014839296229183674
10740,train/critic_loss,0.09127400070428848
10740,train/entropy,-8.98944091796875
10740,train/episode_length_steps,1030.9989362789295
10740,train/fps,49069.2559123169
10750,train/reward,1.3678054809570312
10750,train/actor_loss,0.011855012737214565
10750,train/critic_loss,0.0639554113149643
10750,train/entropy,-9.00910472869873
10750,train/episode_length_steps,948.8958429280851
10750,train/fps,49078.53532697951
10760,train/reward,1.368285059928894
10760,train/actor_loss,0.018790969625115395
10760,train/critic_loss,0.04582758992910385
10760,train/entropy,-9.048319816589355
10760,train/episode_length_steps,969.9619640403653
10760,train/fps,49088.45430918206
10770,train/reward,1.366206169128418
10770,train/actor_loss,0.02060796320438385
10770,train/critic_loss,0.07890927791595459
10770,train/entropy,-8.998530387878418
10770,train/episode_length_steps,935.352867349791
10770,train/fps,49098.20094734661
10780,train/reward,1.3690602779388428
10780,train/actor_loss,0.013577102683484554
10780,train/critic_loss,0.04518241807818413
10780,train/entropy,-8.955583572387695
10780,train/episode_length_steps,1128.6557313446654
10780,train/fps,49109.39692407481
10790,train/reward,1.3685400485992432
10790,train/actor_loss,0.012451939284801483
10790,train/critic_loss,0.026160089299082756
10790,train/entropy,-8.930024147033691
10790,train/episode_length_steps,928.7253199635585
10790,train/fps,49120.49733353073
10800,train/reward,1.3663740158081055
10800,train/actor_loss,0.013823769055306911
10800,train/critic_loss,0.06207401305437088
10800,train/entropy,-8.965588569641113
10800,train/episode_length_steps,977.1934127239363
10800,train/fps,49131.806366882236
10810,train/reward,1.3686614036560059
10810,train/actor_loss,0.014800849370658398
10810,train/critic_loss,0.062237050384283066
10810,train/entropy,-8.971918106079102
10810,train/episode_length_steps,935.352867349791
10810,train/fps,49143.21714775854
10820,train/reward,1.3696925640106201
10820,train/actor_loss,0.015207258053123951
10820,train/critic_loss,0.060076650232076645
10820,train/entropy,-8.933026313781738
10820,train/episode_length_steps,969.9619640403653
10820,train/fps,49154.71489447147
10830,train/reward,1.3678350448608398
10830,train/actor_loss,0.01299614179879427
10830,train/critic_loss,0.06831159442663193
10830,train/entropy,-8.89344310760498
10830,train/episode_length_steps,977.1934127239363
10830,train/fps,49165.96446482429
10840,train/reward,1.3689255714416504
10840,train/actor_loss,0.012227165512740612
10840,train/critic_loss,0.03120439127087593
10840,train/entropy,-8.877890586853027
10840,train/episode_length_steps,1047.4776400860692
10840,train/fps,49177.288587219264
10850,train/reward,1.3688068389892578
10850,train/actor_loss,0.012154869735240936
10850,train/critic_loss,0.07505670934915543
10850,train/entropy,-8.851956367492676
10850,train/episode_length_steps,1055.9161206631647
10850,train/fps,49188.60719399079
10860,train/reward,1.3674297332763672
10860,train/actor_loss,0.010598847642540932
10860,train/critic_loss,0.027437543496489525
10860,train/entropy,-8.869789123535156
10860,train/episode_length_steps,896.9481863514969
10860,train/fps,49199.97341088735
10870,train/reward,1.3684096336364746
10870,train/actor_loss,0.012691807933151722
10870,train/critic_loss,0.04116963967680931
10870,train/entropy,-8.958106994628906
10870,train/episode_length_steps,1082.0675309469727
10870,train/fps,49211.52528537112
10880,train/reward,1.3687076568603516
10880,train/actor_loss,0.012846017256379128
10880,train/critic_loss,0.09407003223896027
10880,train/entropy,-9.006855964660645
10880,train/episode_length_steps,1179.4361166605142
10880,train/fps,49223.09217912697
10890,train/reward,1.3681079149246216
10890,train/actor_loss,0.016476884484291077
10890,train/critic_loss,0.02825077436864376
10890,train/entropy,-9.084932327270508
10890,train/episode_length_steps,896.9481863514969
10890,train/fps,49234.62152991282
10900,train/reward,1.3691045045852661
10900,train/actor_loss,0.011924690566956997
10900,train/critic_loss,0.018431058153510094
10900,train/entropy,-9.152632713317871
10900,train/episode_length_steps,984.5334979350276
10900,train/fps,49245.94753254038
10910,train/reward,1.3646900653839111
10910,train/actor_loss,0.01615668460726738
10910,train/critic_loss,0.025502130389213562
10910,train/entropy,-9.195123672485352
10910,train/episode_length_steps,928.7253199635585
10910,train/fps,49257.34546566183
10920,train/reward,1.3687529563903809
10920,train/actor_loss,0.013427714817225933
10920,train/critic_loss,0.05563320592045784
10920,train/entropy,-9.242341041564941
10920,train/episode_length_steps,878.9046993506491
10920,train/fps,49268.919068227195
10930,train/reward,1.36753249168396
10930,train/actor_loss,0.019515031948685646
10930,train/critic_loss,0.027942955493927002
10930,train/entropy,-9.206976890563965
10930,train/episode_length_steps,999.549519430452
10930,train/fps,49280.45001160232
10940,train/reward,1.366875410079956
10940,train/actor_loss,0.02084302343428135
10940,train/critic_loss,0.0767560601234436
10940,train/entropy,-9.135573387145996
10940,train/episode_length_steps,855.9464665668899
10940,train/fps,49291.93610795833
10950,train/reward,1.3682647943496704
10950,train/actor_loss,0.011953569948673248
10950,train/critic_loss,0.04594602808356285
10950,train/entropy,-9.070573806762695
10950,train/episode_length_steps,1055.9161206631647
10950,train/fps,49303.350163012656
10960,train/reward,1.3670263290405273
10960,train/actor_loss,0.015596774406731129
10960,train/critic_loss,0.06324081122875214
10960,train/entropy,-9.10096549987793
10960,train/episode_length_steps,839.499776188048
10960,train/fps,49313.8908143455
10970,train/reward,1.3678596019744873
10970,train/actor_loss,0.01774224452674389
10970,train/critic_loss,0.05056392773985863
10970,train/entropy,-9.057052612304688
10970,train/episode_length_steps,1015.0306813839508
10970,train/fps,49325.22848962768
10980,train/reward,1.367417335510254
10980,train/actor_loss,0.01273449044674635
10980,train/critic_loss,0.06415664404630661
10980,train/entropy,-8.998598098754883
10980,train/episode_length_steps,984.5334979350276
10980,train/fps,49336.502670048576
10990,train/reward,1.367443323135376
10990,train/actor_loss,0.016492381691932678
10990,train/critic_loss,0.07109031081199646
10990,train/entropy,-8.996554374694824
10990,train/episode_length_steps,999.549519430452
10990,train/fps,49347.805427238825
11000,train/reward,1.3699562549591064
11000,train/actor_loss,0.01241712924093008
11000,train/critic_loss,0.046907927840948105
11000,train/entropy,-8.97590160369873
11000,train/episode_length_steps,948.8958429280851
11000,train/fps,49359.064829742594
11000,eval/med_figure8_normal,0.07286715507507324
11010,train/reward,1.3645625114440918
11010,train/actor_loss,0.011128502897918224
11010,train/critic_loss,0.04536217451095581
11010,train/entropy,-8.92551040649414
11010,train/episode_length_steps,955.8154697427
11010,train/fps,48055.23931030498
11020,train/reward,1.3652199506759644
11020,train/actor_loss,0.013190321624279022
11020,train/critic_loss,0.08135565370321274
11020,train/entropy,-8.891443252563477
11020,train/episode_length_steps,878.9046993506491
11020,train/fps,48037.97343635178
11030,train/reward,1.367923378944397
11030,train/actor_loss,0.015005002729594707
11030,train/critic_loss,0.10449691116809845
11030,train/entropy,-8.85798168182373
11030,train/episode_length_steps,1128.6557313446654
11030,train/fps,48019.31454779767
11040,train/reward,1.3676857948303223
11040,train/actor_loss,0.01661512814462185
11040,train/critic_loss,0.04834223538637161
11040,train/entropy,-8.825467109680176
11040,train/episode_length_steps,896.9481863514969
11040,train/fps,48005.62222704779
11050,train/reward,1.368041753768921
11050,train/actor_loss,0.015255640260875225
11050,train/critic_loss,0.10430822521448135
11050,train/entropy,-8.8346529006958
11050,train/episode_length_steps,977.1934127239363
11050,train/fps,47987.28988996249
11060,train/reward,1.3686293363571167
11060,train/actor_loss,0.014425277709960938
11060,train/critic_loss,0.1316056102514267
11060,train/entropy,-8.791434288024902
11060,train/episode_length_steps,942.0756852933614
11060,train/fps,47972.26669969236
11070,train/reward,1.3682177066802979
11070,train/actor_loss,0.023765265941619873
11070,train/critic_loss,0.10699252039194107
11070,train/entropy,-8.76756477355957
11070,train/episode_length_steps,984.5334979350276
11070,train/fps,47958.35678122705
11080,train/reward,1.3677289485931396
11080,train/actor_loss,0.012853187508881092
11080,train/critic_loss,0.1082405224442482
11080,train/entropy,-8.812761306762695
11080,train/episode_length_steps,1030.9989362789295
11080,train/fps,47937.74081977637
11090,train/reward,1.3689141273498535
11090,train/actor_loss,0.01549466885626316
11090,train/critic_loss,0.07554652541875839
11090,train/entropy,-8.80443000793457
11090,train/episode_length_steps,1047.4776400860692
11090,train/fps,47924.63422350108
11100,train/reward,1.3698444366455078
11100,train/actor_loss,0.011598749086260796
11100,train/critic_loss,0.06161251291632652
11100,train/entropy,-8.760706901550293
11100,train/episode_length_steps,991.9846862364063
11100,train/fps,47917.1661657817
11110,train/reward,1.3638346195220947
11110,train/actor_loss,0.01669354923069477
11110,train/critic_loss,0.11505889892578125
11110,train/entropy,-8.775096893310547
11110,train/episode_length_steps,903.12844929582
11110,train/fps,47911.917610672535
11120,train/reward,1.3685307502746582
11120,train/actor_loss,0.011894254945218563
11120,train/critic_loss,0.1109614372253418
11120,train/entropy,-8.766548156738281
11120,train/episode_length_steps,1064.4916662465182
11120,train/fps,47905.840770189505
11130,train/reward,1.365781307220459
11130,train/actor_loss,0.013141206465661526
11130,train/critic_loss,0.08812927454710007
11130,train/entropy,-8.746586799621582
11130,train/episode_length_steps,1246.7484398903493
11130,train/fps,47898.43750116157
11140,train/reward,1.3664582967758179
11140,train/actor_loss,0.010953042656183243
11140,train/critic_loss,0.03704702481627464
11140,train/entropy,-8.725692749023438
11140,train/episode_length_steps,915.7480494521833
11140,train/fps,47889.577766420305
11150,train/reward,1.367143988609314
11150,train/actor_loss,0.013808711431920528
11150,train/critic_loss,0.0832110345363617
11150,train/entropy,-8.718486785888672
11150,train/episode_length_steps,873.0504502092679
11150,train/fps,47882.25181244828
11160,train/reward,1.3655160665512085
11160,train/actor_loss,0.012222151271998882
11160,train/critic_loss,0.06298902630805969
11160,train/entropy,-8.688554763793945
11160,train/episode_length_steps,878.9046993506491
11160,train/fps,47872.99402694328
11170,train/reward,1.3694016933441162
11170,train/actor_loss,0.01529387291520834
11170,train/critic_loss,0.0669163167476654
11170,train/entropy,-8.621901512145996
11170,train/episode_length_steps,969.9619640403653
11170,train/fps,47861.21794747337
11180,train/reward,1.3650867938995361
11180,train/actor_loss,0.012164950370788574
11180,train/critic_loss,0.21381936967372894
11180,train/entropy,-8.570856094360352
11180,train/episode_length_steps,977.1934127239363
11180,train/fps,47843.89097448537
11190,train/reward,1.3658158779144287
11190,train/actor_loss,0.012598934583365917
11190,train/critic_loss,0.10265745222568512
11190,train/entropy,-8.55113410949707
11190,train/episode_length_steps,867.2736735434524
11190,train/fps,47828.895523315114
11200,train/reward,1.367904543876648
11200,train/actor_loss,0.013347597792744637
11200,train/critic_loss,0.1614643931388855
11200,train/entropy,-8.563272476196289
11200,train/episode_length_steps,984.5334979350276
11200,train/fps,47426.45607258901
11210,train/reward,1.365634799003601
11210,train/actor_loss,0.012790541164577007
11210,train/critic_loss,0.1143973097205162
11210,train/entropy,-8.517561912536621
11210,train/episode_length_steps,878.9046993506491
11210,train/fps,47085.50340062775
11220,train/reward,1.3656166791915894
11220,train/actor_loss,0.012706405483186245
11220,train/critic_loss,0.055317651480436325
11220,train/entropy,-8.51701831817627
11220,train/episode_length_steps,1039.1729644539928
11220,train/fps,47009.331703470016
11230,train/reward,1.3654712438583374
11230,train/actor_loss,0.0091403778642416
11230,train/critic_loss,0.06223219633102417
11230,train/entropy,-8.447107315063477
11230,train/episode_length_steps,942.0756852933614
11230,train/fps,46571.21488403829
11240,train/reward,1.3678947687149048
11240,train/actor_loss,0.014065873809158802
11240,train/critic_loss,0.06673910468816757
11240,train/entropy,-8.468271255493164
11240,train/episode_length_steps,942.0756852933614
11240,train/fps,46242.62098916132
11250,train/reward,1.3670611381530762
11250,train/actor_loss,0.01282309927046299
11250,train/critic_loss,0.07745057344436646
11250,train/entropy,-8.463770866394043
11250,train/episode_length_steps,935.352867349791
11250,train/fps,45955.68727928494
11260,train/reward,1.365546464920044
11260,train/actor_loss,0.01078732404857874
11260,train/critic_loss,0.08047369867563248
11260,train/entropy,-8.499658584594727
11260,train/episode_length_steps,935.352867349791
11260,train/fps,45936.117222717156
11270,train/reward,1.3659385442733765
11270,train/actor_loss,0.01340734213590622
11270,train/critic_loss,0.10074543952941895
11270,train/entropy,-8.50336742401123
11270,train/episode_length_steps,878.9046993506491
11270,train/fps,45901.83881938582
11280,train/reward,1.3679183721542358
11280,train/actor_loss,0.010139545425772667
11280,train/critic_loss,0.08962905406951904
11280,train/entropy,-8.49267292022705
11280,train/episode_length_steps,1082.0675309469727
11280,train/fps,45895.19341371802
11290,train/reward,1.3705310821533203
11290,train/actor_loss,0.013598126359283924
11290,train/critic_loss,0.07154881209135056
11290,train/entropy,-8.482136726379395
11290,train/episode_length_steps,922.191032232558
11290,train/fps,45899.36960329802
11300,train/reward,1.3676679134368896
11300,train/actor_loss,0.011936794966459274
11300,train/critic_loss,0.09791498631238937
11300,train/entropy,-8.46138858795166
11300,train/episode_length_steps,948.8958429280851
11300,train/fps,45900.16850314709
11310,train/reward,1.3676358461380005
11310,train/actor_loss,0.012802474200725555
11310,train/critic_loss,0.12146198004484177
11310,train/entropy,-8.455528259277344
11310,train/episode_length_steps,1007.2306174500739
11310,train/fps,45900.042245434735
11320,train/reward,1.369451880455017
11320,train/actor_loss,0.012337333522737026
11320,train/critic_loss,0.04141414165496826
11320,train/entropy,-8.451987266540527
11320,train/episode_length_steps,1091.074921898641
11320,train/fps,45905.15242467253
11330,train/reward,1.3652658462524414
11330,train/actor_loss,0.010596871376037598
11330,train/critic_loss,0.04366308078169823
11330,train/entropy,-8.459712028503418
11330,train/episode_length_steps,991.9846862364063
11330,train/fps,45914.05099494773
11340,train/reward,1.3695108890533447
11340,train/actor_loss,0.011745229363441467
11340,train/critic_loss,0.06752239912748337
11340,train/entropy,-8.472688674926758
11340,train/episode_length_steps,1073.207643669909
11340,train/fps,45923.259113626256
11350,train/reward,1.3696519136428833
11350,train/actor_loss,0.010613885708153248
11350,train/critic_loss,0.08234771341085434
11350,train/entropy,-8.506051063537598
11350,train/episode_length_steps,999.549519430452
11350,train/fps,45933.731180993076
11360,train/reward,1.367354393005371
11360,train/actor_loss,0.011497516185045242
11360,train/critic_loss,0.07088524848222733
11360,train/entropy,-8.521522521972656
11360,train/episode_length_steps,928.7253199635585
11360,train/fps,45938.94209237557
11370,train/reward,1.3676174879074097
11370,train/actor_loss,0.012516642920672894
11370,train/critic_loss,0.05220962315797806
11370,train/entropy,-8.549742698669434
11370,train/episode_length_steps,1073.207643669909
11370,train/fps,45947.09008389446
11380,train/reward,1.3683197498321533
11380,train/actor_loss,0.012766127474606037
11380,train/critic_loss,0.06112373620271683
11380,train/entropy,-8.548541069030762
11380,train/episode_length_steps,1190.1455022611601
11380,train/fps,45954.42749998265
11390,train/reward,1.366828441619873
11390,train/actor_loss,0.012054283171892166
11390,train/critic_loss,0.0714942142367363
11390,train/entropy,-8.544346809387207
11390,train/episode_length_steps,955.8154697427
11390,train/fps,45964.269162089564
11400,train/reward,1.3667285442352295
11400,train/actor_loss,0.015202109701931477
11400,train/critic_loss,0.05416233092546463
11400,train/entropy,-8.581298828125
11400,train/episode_length_steps,839.499776188048
11400,train/fps,45973.623593218224
11410,train/reward,1.3646535873413086
11410,train/actor_loss,0.012219513766467571
11410,train/critic_loss,0.04091661050915718
11410,train/entropy,-8.575881958007812
11410,train/episode_length_steps,828.8820049231059
11410,train/fps,45984.20911994453
11420,train/reward,1.370034098625183
11420,train/actor_loss,0.013618960976600647
11420,train/critic_loss,0.05249784141778946
11420,train/entropy,-8.607996940612793
11420,train/episode_length_steps,955.8154697427
11420,train/fps,45989.17555388993
11430,train/reward,1.3666837215423584
11430,train/actor_loss,0.011732975952327251
11430,train/critic_loss,0.05634927749633789
11430,train/entropy,-8.6234130859375
11430,train/episode_length_steps,1082.0675309469727
11430,train/fps,45992.636456278204
11440,train/reward,1.369180679321289
11440,train/actor_loss,0.01170656830072403
11440,train/critic_loss,0.0321277491748333
11440,train/entropy,-8.680068016052246
11440,train/episode_length_steps,903.12844929582
11440,train/fps,45993.99733216108
11450,train/reward,1.368593454360962
11450,train/actor_loss,0.014465408399701118
11450,train/critic_loss,0.1784195750951767
11450,train/entropy,-8.7565336227417
11450,train/episode_length_steps,977.1934127239363
11450,train/fps,45996.360431746885
11460,train/reward,1.3690547943115234
11460,train/actor_loss,0.011381437070667744
11460,train/critic_loss,0.04598943144083023
11460,train/entropy,-8.775134086608887
11460,train/episode_length_steps,903.12844929582
11460,train/fps,45998.14805233825
11470,train/reward,1.372046709060669
11470,train/actor_loss,0.014752708375453949
11470,train/critic_loss,0.033583853393793106
11470,train/entropy,-8.846635818481445
11470,train/episode_length_steps,1015.0306813839508
11470,train/fps,46000.13695817926
11480,train/reward,1.3682231903076172
11480,train/actor_loss,0.012844929471611977
11480,train/critic_loss,0.06452862918376923
11480,train/entropy,-8.899088859558105
11480,train/episode_length_steps,884.8379899660755
11480,train/fps,46002.08404334935
11490,train/reward,1.3699337244033813
11490,train/actor_loss,0.01536483969539404
11490,train/critic_loss,0.05466262251138687
11490,train/entropy,-8.883543968200684
11490,train/episode_length_steps,903.12844929582
11490,train/fps,46004.039084829164
11500,train/reward,1.374290108680725
11500,train/actor_loss,0.013073937967419624
11500,train/critic_loss,0.04131341725587845
11500,train/entropy,-8.843334197998047
11500,train/episode_length_steps,991.9846862364063
11500,train/fps,46006.02393334364
11510,train/reward,1.3677349090576172
11510,train/actor_loss,0.014602087438106537
11510,train/critic_loss,0.051127709448337555
11510,train/entropy,-8.826257705688477
11510,train/episode_length_steps,962.8367577976614
11510,train/fps,46007.629616306214
11520,train/reward,1.3669891357421875
11520,train/actor_loss,0.013686375692486763
11520,train/critic_loss,0.06784462183713913
11520,train/entropy,-8.831904411315918
11520,train/episode_length_steps,935.352867349791
11520,train/fps,46013.574439302065
11530,train/reward,1.3701133728027344
11530,train/actor_loss,0.013150840997695923
11530,train/critic_loss,0.0517459511756897
11530,train/entropy,-8.832356452941895
11530,train/episode_length_steps,1073.207643669909
11530,train/fps,46008.62209906117
11540,train/reward,1.3709533214569092
11540,train/actor_loss,0.010031167417764664
11540,train/critic_loss,0.05449434742331505
11540,train/entropy,-8.907317161560059
11540,train/episode_length_steps,948.8958429280851
11540,train/fps,45996.302860335105
11550,train/reward,1.3714723587036133
11550,train/actor_loss,0.011926288716495037
11550,train/critic_loss,0.03571106866002083
11550,train/entropy,-8.956735610961914
11550,train/episode_length_steps,915.7480494521833
11550,train/fps,45984.99792687767
11560,train/reward,1.3703978061676025
11560,train/actor_loss,0.013015419244766235
11560,train/critic_loss,0.0815173014998436
11560,train/entropy,-8.94347095489502
11560,train/episode_length_steps,991.9846862364063
11560,train/fps,45992.95997491677
11570,train/reward,1.3738605976104736
11570,train/actor_loss,0.01666741818189621
11570,train/critic_loss,0.022474931553006172
11570,train/entropy,-9.007407188415527
11570,train/episode_length_steps,1064.4916662465182
11570,train/fps,45995.38505596528
11580,train/reward,1.370534896850586
11580,train/actor_loss,0.016182759776711464
11580,train/critic_loss,0.04870877414941788
11580,train/entropy,-8.999117851257324
11580,train/episode_length_steps,948.8958429280851
11580,train/fps,46003.30115119905
11590,train/reward,1.3727450370788574
11590,train/actor_loss,0.013890859670937061
11590,train/critic_loss,0.042523447424173355
11590,train/entropy,-8.992697715759277
11590,train/episode_length_steps,1100.2335310136384
11590,train/fps,46011.16796154694
11600,train/reward,1.3718122243881226
11600,train/actor_loss,0.011904549784958363
11600,train/critic_loss,0.05107896402478218
11600,train/entropy,-9.007390022277832
11600,train/episode_length_steps,1022.9524966434373
11600,train/fps,46019.19699503241
11610,train/reward,1.369736909866333
11610,train/actor_loss,0.015513620339334011
11610,train/critic_loss,0.027491986751556396
11610,train/entropy,-8.991427421569824
11610,train/episode_length_steps,991.9846862364063
11610,train/fps,46027.331395829824
11620,train/reward,1.3670578002929688
11620,train/actor_loss,0.020888730883598328
11620,train/critic_loss,0.035069677978754044
11620,train/entropy,-9.056471824645996
11620,train/episode_length_steps,962.8367577976614
11620,train/fps,46035.467624229415
11630,train/reward,1.3677222728729248
11630,train/actor_loss,0.01459620613604784
11630,train/critic_loss,0.04520334675908089
11630,train/entropy,-9.093381881713867
11630,train/episode_length_steps,1100.2335310136384
11630,train/fps,46043.58320578736
11640,train/reward,1.3679800033569336
11640,train/actor_loss,0.014533014968037605
11640,train/critic_loss,0.018620921298861504
11640,train/entropy,-9.08106803894043
11640,train/episode_length_steps,915.7480494521833
11640,train/fps,46051.64754273262
11650,train/reward,1.3686223030090332
11650,train/actor_loss,0.01059549581259489
11650,train/critic_loss,0.052513059228658676
11650,train/entropy,-9.11362361907959
11650,train/episode_length_steps,915.7480494521833
11650,train/fps,46061.46744004607
11660,train/reward,1.3677022457122803
11660,train/actor_loss,0.013500702567398548
11660,train/critic_loss,0.0953449159860611
11660,train/entropy,-9.138761520385742
11660,train/episode_length_steps,896.9481863514969
11660,train/fps,46073.61635753791
11670,train/reward,1.3698601722717285
11670,train/actor_loss,0.012187409214675426
11670,train/critic_loss,0.04107179865241051
11670,train/entropy,-9.169893264770508
11670,train/episode_length_steps,991.9846862364063
11670,train/fps,46085.70274899878
11680,train/reward,1.3683983087539673
11680,train/actor_loss,0.015933727845549583
11680,train/critic_loss,0.047173112630844116
11680,train/entropy,-9.15967845916748
11680,train/episode_length_steps,1030.9989362789295
11680,train/fps,46097.76031646278
11690,train/reward,1.3706440925598145
11690,train/actor_loss,0.014590953476727009
11690,train/critic_loss,0.0162727739661932
11690,train/entropy,-9.168205261230469
11690,train/episode_length_steps,873.0504502092679
11690,train/fps,46109.77461527442
11700,train/reward,1.367210865020752
11700,train/actor_loss,0.014896881766617298
11700,train/critic_loss,0.11023648083209991
11700,train/entropy,-9.18193244934082
11700,train/episode_length_steps,969.9619640403653
11700,train/fps,46121.82260266619
11710,train/reward,1.3698066473007202
11710,train/actor_loss,0.012937530875205994
11710,train/critic_loss,0.034032534807920456
11710,train/entropy,-9.198862075805664
11710,train/episode_length_steps,969.9619640403653
11710,train/fps,46133.885088907155
11720,train/reward,1.3718287944793701
11720,train/actor_loss,0.011815606616437435
11720,train/critic_loss,0.024986376985907555
11720,train/entropy,-9.257850646972656
11720,train/episode_length_steps,999.549519430452
11720,train/fps,46145.87952401134
11730,train/reward,1.3687397241592407
11730,train/actor_loss,0.017518123611807823
11730,train/critic_loss,0.027491306886076927
11730,train/entropy,-9.267986297607422
11730,train/episode_length_steps,984.5334979350276
11730,train/fps,46157.909913867654
11740,train/reward,1.3704016208648682
11740,train/actor_loss,0.01183501910418272
11740,train/critic_loss,0.03270898386836052
11740,train/entropy,-9.321260452270508
11740,train/episode_length_steps,977.1934127239363
11740,train/fps,46169.97759451124
11750,train/reward,1.3728828430175781
11750,train/actor_loss,0.01891326904296875
11750,train/critic_loss,0.028167296200990677
11750,train/entropy,-9.373329162597656
11750,train/episode_length_steps,1007.2306174500739
11750,train/fps,46181.96744110847
11760,train/reward,1.3709652423858643
11760,train/actor_loss,0.011475793085992336
11760,train/critic_loss,0.026908596977591515
11760,train/entropy,-9.393309593200684
11760,train/episode_length_steps,1007.2306174500739
11760,train/fps,46193.940141260086
11770,train/reward,1.3663445711135864
11770,train/actor_loss,0.015073430724442005
11770,train/critic_loss,0.015200838446617126
11770,train/entropy,-9.400407791137695
11770,train/episode_length_steps,928.7253199635585
11770,train/fps,46205.909791271486
11780,train/reward,1.3688405752182007
11780,train/actor_loss,0.016770172864198685
11780,train/critic_loss,0.035686030983924866
11780,train/entropy,-9.505361557006836
11780,train/episode_length_steps,1073.207643669909
11780,train/fps,46216.261910028894
11790,train/reward,1.371993064880371
11790,train/actor_loss,0.013573524542152882
11790,train/critic_loss,0.027596235275268555
11790,train/entropy,-9.515665054321289
11790,train/episode_length_steps,942.0756852933614
11790,train/fps,46227.530001212464
11800,train/reward,1.370566487312317
11800,train/actor_loss,0.011944673024117947
11800,train/critic_loss,0.08542586117982864
11800,train/entropy,-9.558904647827148
11800,train/episode_length_steps,955.8154697427
11800,train/fps,46238.95639103262
11810,train/reward,1.3709701299667358
11810,train/actor_loss,0.012296653352677822
11810,train/critic_loss,0.0414806567132473
11810,train/entropy,-9.5529203414917
11810,train/episode_length_steps,1039.1729644539928
11810,train/fps,46246.7520584709
11820,train/reward,1.3737884759902954
11820,train/actor_loss,0.015182181261479855
11820,train/critic_loss,0.012346752919256687
11820,train/entropy,-9.665620803833008
11820,train/episode_length_steps,1128.6557313446654
11820,train/fps,46254.55711636678
11830,train/reward,1.3709200620651245
11830,train/actor_loss,0.018264835700392723
11830,train/critic_loss,0.00724179157987237
11830,train/entropy,-9.743475914001465
11830,train/episode_length_steps,962.8367577976614
11830,train/fps,46262.571792637755
11840,train/reward,1.373273253440857
11840,train/actor_loss,0.015369619242846966
11840,train/critic_loss,0.008586760610342026
11840,train/entropy,-9.816742897033691
11840,train/episode_length_steps,1128.6557313446654
11840,train/fps,46270.64546080324
11850,train/reward,1.37255859375
11850,train/actor_loss,0.0185739453881979
11850,train/critic_loss,0.01650943048298359
11850,train/entropy,-9.923436164855957
11850,train/episode_length_steps,1100.2335310136384
11850,train/fps,46278.89794757392
11860,train/reward,1.3718355894088745
11860,train/actor_loss,0.016309773549437523
11860,train/critic_loss,0.018437214195728302
11860,train/entropy,-9.956253051757812
11860,train/episode_length_steps,984.5334979350276
11860,train/fps,46286.83473689405
11870,train/reward,1.3684108257293701
11870,train/actor_loss,0.016814110800623894
11870,train/critic_loss,0.02338925190269947
11870,train/entropy,-9.996970176696777
11870,train/episode_length_steps,984.5334979350276
11870,train/fps,46294.6672794471
11880,train/reward,1.3688952922821045
11880,train/actor_loss,0.016995329409837723
11880,train/critic_loss,0.022646693512797356
11880,train/entropy,-9.99804973602295
11880,train/episode_length_steps,1128.6557313446654
11880,train/fps,46302.59806735718
11890,train/reward,1.3700356483459473
11890,train/actor_loss,0.013889327645301819
11890,train/critic_loss,0.01648673228919506
11890,train/entropy,-10.050475120544434
11890,train/episode_length_steps,928.7253199635585
11890,train/fps,46310.67867974401
11900,train/reward,1.370973825454712
11900,train/actor_loss,0.013549788855016232
11900,train/critic_loss,0.0952877402305603
11900,train/entropy,-10.087356567382812
11900,train/episode_length_steps,884.8379899660755
11900,train/fps,46318.73710627107
11910,train/reward,1.3704557418823242
11910,train/actor_loss,0.013866731896996498
11910,train/critic_loss,0.04402933642268181
11910,train/entropy,-10.053346633911133
11910,train/episode_length_steps,915.7480494521833
11910,train/fps,46326.60433510239
11920,train/reward,1.369572639465332
11920,train/actor_loss,0.01674317754805088
11920,train/critic_loss,0.0873953178524971
11920,train/entropy,-10.05497932434082
11920,train/episode_length_steps,1007.2306174500739
11920,train/fps,46334.50480366615
11930,train/reward,1.3684991598129272
11930,train/actor_loss,0.01796761527657509
11930,train/critic_loss,0.05207028612494469
11930,train/entropy,-10.064213752746582
11930,train/episode_length_steps,1007.2306174500739
11930,train/fps,46342.54636447724
11940,train/reward,1.3696601390838623
11940,train/actor_loss,0.018161939457058907
11940,train/critic_loss,0.09958516061306
11940,train/entropy,-10.03903579711914
11940,train/episode_length_steps,909.3944711658012
11940,train/fps,46350.46215349503
11950,train/reward,1.371354103088379
11950,train/actor_loss,0.018493104726076126
11950,train/critic_loss,0.2263009399175644
11950,train/entropy,-9.9447021484375
11950,train/episode_length_steps,955.8154697427
11950,train/fps,46358.47320949657
11960,train/reward,1.3683077096939087
11960,train/actor_loss,0.017060663551092148
11960,train/critic_loss,0.1517525464296341
11960,train/entropy,-9.87936019897461
11960,train/episode_length_steps,942.0756852933614
11960,train/fps,46366.17475390962
11970,train/reward,1.370501160621643
11970,train/actor_loss,0.018258048221468925
11970,train/critic_loss,0.05536946654319763
11970,train/entropy,-9.815110206604004
11970,train/episode_length_steps,991.9846862364063
11970,train/fps,46373.69964229295
11980,train/reward,1.3701484203338623
11980,train/actor_loss,0.013639799319207668
11980,train/critic_loss,0.18151096999645233
11980,train/entropy,-9.748308181762695
11980,train/episode_length_steps,1022.9524966434373
11980,train/fps,46381.53069336536
11990,train/reward,1.3709100484848022
11990,train/actor_loss,0.015193658880889416
11990,train/critic_loss,0.33450689911842346
11990,train/entropy,-9.681681632995605
11990,train/episode_length_steps,962.8367577976614
11990,train/fps,46389.27102935964
12000,train/reward,1.3724583387374878
12000,train/actor_loss,0.013143080286681652
12000,train/critic_loss,0.13444259762763977
12000,train/entropy,-9.643952369689941
12000,train/episode_length_steps,962.8367577976614
12000,train/fps,46396.988680841
12000,eval/med_figure8_normal,0.08358171582221985
12010,train/reward,1.368106484413147
12010,train/actor_loss,0.016901077702641487
12010,train/critic_loss,0.09215100854635239
12010,train/entropy,-9.640357971191406
12010,train/episode_length_steps,962.8367577976614
12010,train/fps,45326.59704873698
12020,train/reward,1.3687858581542969
12020,train/actor_loss,0.013803328387439251
12020,train/critic_loss,0.04110177978873253
12020,train/entropy,-9.651503562927246
12020,train/episode_length_steps,928.7253199635585
12020,train/fps,45335.567392709985
12030,train/reward,1.36795973777771
12030,train/actor_loss,0.013668245635926723
12030,train/critic_loss,0.032226696610450745
12030,train/entropy,-9.6535062789917
12030,train/episode_length_steps,1055.9161206631647
12030,train/fps,45344.61059169415
12040,train/reward,1.372466802597046
12040,train/actor_loss,0.012180007062852383
12040,train/critic_loss,0.03996315225958824
12040,train/entropy,-9.7080078125
12040,train/episode_length_steps,922.191032232558
12040,train/fps,45353.5088930988
12050,train/reward,1.3714640140533447
12050,train/actor_loss,0.014521719887852669
12050,train/critic_loss,0.07016875594854355
12050,train/entropy,-9.741223335266113
12050,train/episode_length_steps,999.549519430452
12050,train/fps,45362.37366172721
12060,train/reward,1.3716295957565308
12060,train/actor_loss,0.017891064286231995
12060,train/critic_loss,0.07940443605184555
12060,train/entropy,-9.72117805480957
12060,train/episode_length_steps,1039.1729644539928
12060,train/fps,45371.0044244366
12070,train/reward,1.373077154159546
12070,train/actor_loss,0.014854091219604015
12070,train/critic_loss,0.027357473969459534
12070,train/entropy,-9.713318824768066
12070,train/episode_length_steps,1119.0198959333352
12070,train/fps,45379.773953878896
12080,train/reward,1.3708423376083374
12080,train/actor_loss,0.013270280323922634
12080,train/critic_loss,0.06384154409170151
12080,train/entropy,-9.742742538452148
12080,train/episode_length_steps,922.191032232558
12080,train/fps,45388.45978428135
12090,train/reward,1.3721520900726318
12090,train/actor_loss,0.013607683591544628
12090,train/critic_loss,0.06466662138700485
12090,train/entropy,-9.796805381774902
12090,train/episode_length_steps,1091.074921898641
12090,train/fps,45397.1562795785
12100,train/reward,1.3719332218170166
12100,train/actor_loss,0.01718420721590519
12100,train/critic_loss,0.020663240924477577
12100,train/entropy,-9.796371459960938
12100,train/episode_length_steps,1109.547198555855
12100,train/fps,45405.91282355939
12110,train/reward,1.3698511123657227
12110,train/actor_loss,0.011814584024250507
12110,train/critic_loss,0.04954272136092186
12110,train/entropy,-9.818163871765137
12110,train/episode_length_steps,1022.9524966434373
12110,train/fps,45414.5478240995
12120,train/reward,1.3677897453308105
12120,train/actor_loss,0.013832973316311836
12120,train/critic_loss,0.04333017021417618
12120,train/entropy,-9.861306190490723
12120,train/episode_length_steps,984.5334979350276
12120,train/fps,45423.0225268073
12130,train/reward,1.3693561553955078
12130,train/actor_loss,0.013631041161715984
12130,train/critic_loss,0.034734100103378296
12130,train/entropy,-9.8988676071167
12130,train/episode_length_steps,1190.1455022611601
12130,train/fps,45431.501558124735
12140,train/reward,1.371565341949463
12140,train/actor_loss,0.01612306945025921
12140,train/critic_loss,0.031063145026564598
12140,train/entropy,-9.943766593933105
12140,train/episode_length_steps,948.8958429280851
12140,train/fps,45440.083745713746
12150,train/reward,1.3695499897003174
12150,train/actor_loss,0.019058620557188988
12150,train/critic_loss,0.03304098919034004
12150,train/entropy,-9.957039833068848
12150,train/episode_length_steps,867.2736735434524
12150,train/fps,45448.55224854787
12160,train/reward,1.3701294660568237
12160,train/actor_loss,0.018880831077694893
12160,train/critic_loss,0.037652336061000824
12160,train/entropy,-9.909895896911621
12160,train/episode_length_steps,915.7480494521833
12160,train/fps,45456.95241703621
12170,train/reward,1.3701231479644775
12170,train/actor_loss,0.0159772876650095
12170,train/critic_loss,0.03210236877202988
12170,train/entropy,-9.902900695800781
12170,train/episode_length_steps,999.549519430452
12170,train/fps,45464.596795615915
12180,train/reward,1.3680481910705566
12180,train/actor_loss,0.019203023985028267
12180,train/critic_loss,0.1101350337266922
12180,train/entropy,-9.888134002685547
12180,train/episode_length_steps,977.1934127239363
12180,train/fps,45476.50460250357
12190,train/reward,1.36936616897583
12190,train/actor_loss,0.011478792876005173
12190,train/critic_loss,0.10541214793920517
12190,train/entropy,-9.80474853515625
12190,train/episode_length_steps,909.3944711658012
12190,train/fps,45486.09600485868
12200,train/reward,1.3715639114379883
12200,train/actor_loss,0.01646633818745613
12200,train/critic_loss,0.048626609146595
12200,train/entropy,-9.777125358581543
12200,train/episode_length_steps,977.1934127239363
12200,train/fps,45497.97393498415
12210,train/reward,1.3686243295669556
12210,train/actor_loss,0.01125977374613285
12210,train/critic_loss,0.10436265915632248
12210,train/entropy,-9.729182243347168
12210,train/episode_length_steps,962.8367577976614
12210,train/fps,45507.761251735
12220,train/reward,1.371110200881958
12220,train/actor_loss,0.014102794229984283
12220,train/critic_loss,0.037728067487478256
12220,train/entropy,-9.726932525634766
12220,train/episode_length_steps,984.5334979350276
12220,train/fps,45510.819398006075
12230,train/reward,1.3692430257797241
12230,train/actor_loss,0.01637689583003521
12230,train/critic_loss,0.042665570974349976
12230,train/entropy,-9.710017204284668
12230,train/episode_length_steps,1007.2306174500739
12230,train/fps,45512.96244529833
12240,train/reward,1.3720035552978516
12240,train/actor_loss,0.01652619056403637
12240,train/critic_loss,0.04620068520307541
12240,train/entropy,-9.733510971069336
12240,train/episode_length_steps,942.0756852933614
12240,train/fps,45515.44925584518
12250,train/reward,1.370124101638794
12250,train/actor_loss,0.01533035933971405
12250,train/critic_loss,0.0669778510928154
12250,train/entropy,-9.699959754943848
12250,train/episode_length_steps,1007.2306174500739
12250,train/fps,45517.782404461665
12260,train/reward,1.3706486225128174
12260,train/actor_loss,0.013754111714661121
12260,train/critic_loss,0.05477574095129967
12260,train/entropy,-9.704147338867188
12260,train/episode_length_steps,977.1934127239363
12260,train/fps,45519.95457879209
12270,train/reward,1.3664318323135376
12270,train/actor_loss,0.01573936641216278
12270,train/critic_loss,0.04243676736950874
12270,train/entropy,-9.6648530960083
12270,train/episode_length_steps,962.8367577976614
12270,train/fps,45522.10309862934
12280,train/reward,1.3705110549926758
12280,train/actor_loss,0.0183985885232687
12280,train/critic_loss,0.05926164612174034
12280,train/entropy,-9.672755241394043
12280,train/episode_length_steps,1064.4916662465182
12280,train/fps,45524.3358262447
12290,train/reward,1.3706008195877075
12290,train/actor_loss,0.013777682557702065
12290,train/critic_loss,0.05126447603106499
12290,train/entropy,-9.68964958190918
12290,train/episode_length_steps,909.3944711658012
12290,train/fps,45526.16831473769
12300,train/reward,1.3708348274230957
12300,train/actor_loss,0.016159050166606903
12300,train/critic_loss,0.0611964650452137
12300,train/entropy,-9.705755233764648
12300,train/episode_length_steps,1007.2306174500739
12300,train/fps,45528.1748300719
12310,train/reward,1.3702516555786133
12310,train/actor_loss,0.01310745906084776
12310,train/critic_loss,0.040408868342638016
12310,train/entropy,-9.72697925567627
12310,train/episode_length_steps,1064.4916662465182
12310,train/fps,45530.37968427426
12320,train/reward,1.3745076656341553
12320,train/actor_loss,0.014197155833244324
12320,train/critic_loss,0.059064220637083054
12320,train/entropy,-9.728004455566406
12320,train/episode_length_steps,1138.4589557196166
12320,train/fps,45532.609389939775
12330,train/reward,1.3698244094848633
12330,train/actor_loss,0.015240097418427467
12330,train/critic_loss,0.05188675597310066
12330,train/entropy,-9.661532402038574
12330,train/episode_length_steps,928.7253199635585
12330,train/fps,45534.79483694205
12340,train/reward,1.3721895217895508
12340,train/actor_loss,0.012582600116729736
12340,train/critic_loss,0.03027215600013733
12340,train/entropy,-9.697333335876465
12340,train/episode_length_steps,1039.1729644539928
12340,train/fps,45536.913828016186
12350,train/reward,1.3718435764312744
12350,train/actor_loss,0.011923628859221935
12350,train/critic_loss,0.07160253077745438
12350,train/entropy,-9.72040843963623
12350,train/episode_length_steps,1179.4361166605142
12350,train/fps,45539.07487482644
12360,train/reward,1.3707243204116821
12360,train/actor_loss,0.011437555775046349
12360,train/critic_loss,0.054860301315784454
12360,train/entropy,-9.688902854919434
12360,train/episode_length_steps,1073.207643669909
12360,train/fps,45541.19092309533
12370,train/reward,1.366629719734192
12370,train/actor_loss,0.015725726261734962
12370,train/critic_loss,0.022653069347143173
12370,train/entropy,-9.646578788757324
12370,train/episode_length_steps,948.8958429280851
12370,train/fps,45543.303855444916
12380,train/reward,1.3700381517410278
12380,train/actor_loss,0.016144471243023872
12380,train/critic_loss,0.01951035112142563
12380,train/entropy,-9.689757347106934
12380,train/episode_length_steps,1158.5853265847247
12380,train/fps,45545.39827258031
12390,train/reward,1.3719247579574585
12390,train/actor_loss,0.013314156793057919
12390,train/critic_loss,0.03682494908571243
12390,train/entropy,-9.74285888671875
12390,train/episode_length_steps,962.8367577976614
12390,train/fps,45547.59204430006
12400,train/reward,1.3699361085891724
12400,train/actor_loss,0.022014359012246132
12400,train/critic_loss,0.08631180971860886
12400,train/entropy,-9.729206085205078
12400,train/episode_length_steps,878.9046993506491
12400,train/fps,45549.46154397557
12410,train/reward,1.3704473972320557
12410,train/actor_loss,0.013041798956692219
12410,train/critic_loss,0.039502643048763275
12410,train/entropy,-9.700772285461426
12410,train/episode_length_steps,884.8379899660755
12410,train/fps,45551.50625275057
12420,train/reward,1.3711082935333252
12420,train/actor_loss,0.012225663289427757
12420,train/critic_loss,0.021769985556602478
12420,train/entropy,-9.706877708435059
12420,train/episode_length_steps,1015.0306813839508
12420,train/fps,45553.366501151526
12430,train/reward,1.3697463274002075
12430,train/actor_loss,0.011509137228131294
12430,train/critic_loss,0.02221912145614624
12430,train/entropy,-9.794697761535645
12430,train/episode_length_steps,969.9619640403653
12430,train/fps,45555.41545553439
12440,train/reward,1.3706822395324707
12440,train/actor_loss,0.013715462759137154
12440,train/critic_loss,0.04107502102851868
12440,train/entropy,-9.816141128540039
12440,train/episode_length_steps,935.352867349791
12440,train/fps,45557.27876839178
12450,train/reward,1.3716068267822266
12450,train/actor_loss,0.013786323368549347
12450,train/critic_loss,0.06065477803349495
12450,train/entropy,-9.827895164489746
12450,train/episode_length_steps,955.8154697427
12450,train/fps,45559.25363292262
12460,train/reward,1.371045708656311
12460,train/actor_loss,0.01566353812813759
12460,train/critic_loss,0.025567326694726944
12460,train/entropy,-9.847625732421875
12460,train/episode_length_steps,948.8958429280851
12460,train/fps,45561.56344194722
12470,train/reward,1.3712337017059326
12470,train/actor_loss,0.016672030091285706
12470,train/critic_loss,0.04662945494055748
12470,train/entropy,-9.916481018066406
12470,train/episode_length_steps,1039.1729644539928
12470,train/fps,45563.60939406876
12480,train/reward,1.3701097965240479
12480,train/actor_loss,0.02102058194577694
12480,train/critic_loss,0.03639714792370796
12480,train/entropy,-9.939249992370605
12480,train/episode_length_steps,999.549519430452
12480,train/fps,45565.86931052306
12490,train/reward,1.3729557991027832
12490,train/actor_loss,0.013832597993314266
12490,train/critic_loss,0.02234344184398651
12490,train/entropy,-9.945113182067871
12490,train/episode_length_steps,942.0756852933614
12490,train/fps,45568.13913997465
12500,train/reward,1.3743399381637573
12500,train/actor_loss,0.012726904824376106
12500,train/critic_loss,0.022510487586259842
12500,train/entropy,-10.017950057983398
12500,train/episode_length_steps,1039.1729644539928
12500,train/fps,45570.28685041865
12510,train/reward,1.369858980178833
12510,train/actor_loss,0.01745223067700863
12510,train/critic_loss,0.013761639595031738
12510,train/entropy,-10.101086616516113
12510,train/episode_length_steps,1007.2306174500739
12510,train/fps,45571.98162057534
12520,train/reward,1.3703235387802124
12520,train/actor_loss,0.013216218911111355
12520,train/critic_loss,0.02508750557899475
12520,train/entropy,-10.107836723327637
12520,train/episode_length_steps,984.5334979350276
12520,train/fps,45574.204520639476
12530,train/reward,1.370749831199646
12530,train/actor_loss,0.017217326909303665
12530,train/critic_loss,0.02747933566570282
12530,train/entropy,-10.157610893249512
12530,train/episode_length_steps,1082.0675309469727
12530,train/fps,45575.85876279587
12540,train/reward,1.3727149963378906
12540,train/actor_loss,0.013735751621425152
12540,train/critic_loss,0.011257139034569263
12540,train/entropy,-10.196617126464844
12540,train/episode_length_steps,928.7253199635585
12540,train/fps,45577.63615771567
12550,train/reward,1.3706333637237549
12550,train/actor_loss,0.013310779817402363
12550,train/critic_loss,0.017905309796333313
12550,train/entropy,-10.23893928527832
12550,train/episode_length_steps,991.9846862364063
12550,train/fps,45579.37634079095
12560,train/reward,1.3720614910125732
12560,train/actor_loss,0.015391825698316097
12560,train/critic_loss,0.013452552258968353
12560,train/entropy,-10.26867389678955
12560,train/episode_length_steps,1073.207643669909
12560,train/fps,45581.134458418084
12570,train/reward,1.3755388259887695
12570,train/actor_loss,0.01534747239202261
12570,train/critic_loss,0.01708163321018219
12570,train/entropy,-10.313091278076172
12570,train/episode_length_steps,1119.0198959333352
12570,train/fps,45583.15123282636
12580,train/reward,1.3731588125228882
12580,train/actor_loss,0.014852185733616352
12580,train/critic_loss,0.008052248507738113
12580,train/entropy,-10.352484703063965
12580,train/episode_length_steps,942.0756852933614
12580,train/fps,45585.17096224345
12590,train/reward,1.3710355758666992
12590,train/actor_loss,0.010489732958376408
12590,train/critic_loss,0.021616866812109947
12590,train/entropy,-10.410197257995605
12590,train/episode_length_steps,1055.9161206631647
12590,train/fps,45591.41570153202
12600,train/reward,1.3734285831451416
12600,train/actor_loss,0.016443774104118347
12600,train/critic_loss,0.00719873933121562
12600,train/entropy,-10.47337818145752
12600,train/episode_length_steps,1190.1455022611601
12600,train/fps,45602.76054402429
12610,train/reward,1.3734519481658936
12610,train/actor_loss,0.01684843935072422
12610,train/critic_loss,0.016306675970554352
12610,train/entropy,-10.544109344482422
12610,train/episode_length_steps,1091.074921898641
12610,train/fps,45614.041929383624
12620,train/reward,1.3694612979888916
12620,train/actor_loss,0.018063252791762352
12620,train/critic_loss,0.010575245134532452
12620,train/entropy,-10.523653984069824
12620,train/episode_length_steps,915.7480494521833
12620,train/fps,45625.33711588444
12630,train/reward,1.3699448108673096
12630,train/actor_loss,0.015501782298088074
12630,train/critic_loss,0.04274724796414375
12630,train/entropy,-10.562411308288574
12630,train/episode_length_steps,1190.1455022611601
12630,train/fps,45636.543882051694
12640,train/reward,1.3703534603118896
12640,train/actor_loss,0.016520557925105095
12640,train/critic_loss,0.011321877129375935
12640,train/entropy,-10.574006080627441
12640,train/episode_length_steps,955.8154697427
12640,train/fps,45647.79218111605
12650,train/reward,1.3727073669433594
12650,train/actor_loss,0.017517874017357826
12650,train/critic_loss,0.013428333215415478
12650,train/entropy,-10.574423789978027
12650,train/episode_length_steps,903.12844929582
12650,train/fps,45659.0296926775
12660,train/reward,1.3703843355178833
12660,train/actor_loss,0.01552844513207674
12660,train/critic_loss,0.023833608254790306
12660,train/entropy,-10.596022605895996
12660,train/episode_length_steps,884.8379899660755
12660,train/fps,45670.24617266546
12670,train/reward,1.372976303100586
12670,train/actor_loss,0.014982575550675392
12670,train/critic_loss,0.023560022935271263
12670,train/entropy,-10.562736511230469
12670,train/episode_length_steps,1007.2306174500739
12670,train/fps,45681.4473293809
12680,train/reward,1.3711763620376587
12680,train/actor_loss,0.012268426828086376
12680,train/critic_loss,0.025299150496721268
12680,train/entropy,-10.5758695602417
12680,train/episode_length_steps,969.9619640403653
12680,train/fps,45692.73377447827
12690,train/reward,1.3723559379577637
12690,train/actor_loss,0.015867536887526512
12690,train/critic_loss,0.02123972959816456
12690,train/entropy,-10.634285926818848
12690,train/episode_length_steps,942.0756852933614
12690,train/fps,45704.06077190636
12700,train/reward,1.371663212776184
12700,train/actor_loss,0.02201233245432377
12700,train/critic_loss,0.03291856124997139
12700,train/entropy,-10.644133567810059
12700,train/episode_length_steps,942.0756852933614
12700,train/fps,45715.3457732229
12710,train/reward,1.3718905448913574
12710,train/actor_loss,0.010771703906357288
12710,train/critic_loss,0.035103537142276764
12710,train/entropy,-10.589015007019043
12710,train/episode_length_steps,942.0756852933614
12710,train/fps,45718.767855612394
12720,train/reward,1.3737668991088867
12720,train/actor_loss,0.014928728342056274
12720,train/critic_loss,0.008579923771321774
12720,train/entropy,-10.596903800964355
12720,train/episode_length_steps,1047.4776400860692
12720,train/fps,45720.7338368082
12730,train/reward,1.3740200996398926
12730,train/actor_loss,0.013428590260446072
12730,train/critic_loss,0.028982702642679214
12730,train/entropy,-10.663836479187012
12730,train/episode_length_steps,1007.2306174500739
12730,train/fps,45722.710793901584
12740,train/reward,1.3740489482879639
12740,train/actor_loss,0.013600780628621578
12740,train/critic_loss,0.03444495424628258
12740,train/entropy,-10.65051555633545
12740,train/episode_length_steps,942.0756852933614
12740,train/fps,45725.03491701242
12750,train/reward,1.375627040863037
12750,train/actor_loss,0.018349383026361465
12750,train/critic_loss,0.013815455138683319
12750,train/entropy,-10.582977294921875
12750,train/episode_length_steps,1022.9524966434373
12750,train/fps,45727.17205095298
12760,train/reward,1.3703944683074951
12760,train/actor_loss,0.01580926589667797
12760,train/critic_loss,0.028711849823594093
12760,train/entropy,-10.543397903442383
12760,train/episode_length_steps,991.9846862364063
12760,train/fps,45729.131224447934
12770,train/reward,1.3707715272903442
12770,train/actor_loss,0.016218576580286026
12770,train/critic_loss,0.020303478464484215
12770,train/entropy,-10.473459243774414
12770,train/episode_length_steps,984.5334979350276
12770,train/fps,45731.41324424829
12780,train/reward,1.3703498840332031
12780,train/actor_loss,0.018634742125868797
12780,train/critic_loss,0.02270706556737423
12780,train/entropy,-10.416288375854492
12780,train/episode_length_steps,1082.0675309469727
12780,train/fps,45733.20116075859
12790,train/reward,1.3729181289672852
12790,train/actor_loss,0.014926520176231861
12790,train/critic_loss,0.07403718680143356
12790,train/entropy,-10.35200309753418
12790,train/episode_length_steps,955.8154697427
12790,train/fps,45735.28822650501
12800,train/reward,1.3697187900543213
12800,train/actor_loss,0.023537948727607727
12800,train/critic_loss,0.04959047585725784
12800,train/entropy,-10.248407363891602
12800,train/episode_length_steps,969.9619640403653
12800,train/fps,45737.35683651283
12810,train/reward,1.3722162246704102
12810,train/actor_loss,0.015489742159843445
12810,train/critic_loss,0.0564737394452095
12810,train/entropy,-10.177220344543457
12810,train/episode_length_steps,1047.4776400860692
12810,train/fps,45739.369214209495
12820,train/reward,1.3728824853897095
12820,train/actor_loss,0.021437009796500206
12820,train/critic_loss,0.03280673548579216
12820,train/entropy,-10.150575637817383
12820,train/episode_length_steps,1082.0675309469727
12820,train/fps,45741.426332108385
12830,train/reward,1.3742494583129883
12830,train/actor_loss,0.013005800545215607
12830,train/critic_loss,0.01771397329866886
12830,train/entropy,-10.156159400939941
12830,train/episode_length_steps,935.352867349791
12830,train/fps,45743.55346727419
12840,train/reward,1.3716543912887573
12840,train/actor_loss,0.028337985277175903
12840,train/critic_loss,0.01318271178752184
12840,train/entropy,-10.136104583740234
12840,train/episode_length_steps,1039.1729644539928
12840,train/fps,45745.375475580215
12850,train/reward,1.3727269172668457
12850,train/actor_loss,0.015855086967349052
12850,train/critic_loss,0.016958314925432205
12850,train/entropy,-10.164972305297852
12850,train/episode_length_steps,1158.5853265847247
12850,train/fps,45747.082252644876
12860,train/reward,1.3718090057373047
12860,train/actor_loss,0.014600418508052826
12860,train/critic_loss,0.06198844313621521
12860,train/entropy,-10.204886436462402
12860,train/episode_length_steps,1073.207643669909
12860,train/fps,45748.59740476074
12870,train/reward,1.366647481918335
12870,train/actor_loss,0.014568199403584003
12870,train/critic_loss,0.036905206739902496
12870,train/entropy,-10.20303726196289
12870,train/episode_length_steps,890.8519337098286
12870,train/fps,45750.331175464016
12880,train/reward,1.3708786964416504
12880,train/actor_loss,0.01958485320210457
12880,train/critic_loss,0.021783171221613884
12880,train/entropy,-10.188211441040039
12880,train/episode_length_steps,1212.1585181362116
12880,train/fps,45752.27946278543
12890,train/reward,1.370683193206787
12890,train/actor_loss,0.014521454460918903
12890,train/critic_loss,0.017531609162688255
12890,train/entropy,-10.238494873046875
12890,train/episode_length_steps,999.549519430452
12890,train/fps,45754.17176322169
12900,train/reward,1.3709949254989624
12900,train/actor_loss,0.015040372498333454
12900,train/critic_loss,0.021508490666747093
12900,train/entropy,-10.240676879882812
12900,train/episode_length_steps,935.352867349791
12900,train/fps,45756.05977694399
12910,train/reward,1.3703742027282715
12910,train/actor_loss,0.01958836056292057
12910,train/critic_loss,0.02451419271528721
12910,train/entropy,-10.279297828674316
12910,train/episode_length_steps,884.8379899660755
12910,train/fps,45757.57852953128
12920,train/reward,1.3724043369293213
12920,train/actor_loss,0.012990701012313366
12920,train/critic_loss,0.038306452333927155
12920,train/entropy,-10.329097747802734
12920,train/episode_length_steps,1030.9989362789295
12920,train/fps,45759.2642677533
12930,train/reward,1.3689048290252686
12930,train/actor_loss,0.01838846690952778
12930,train/critic_loss,0.027771586552262306
12930,train/entropy,-10.327978134155273
12930,train/episode_length_steps,935.352867349791
12930,train/fps,45761.137875528075
12940,train/reward,1.3720000982284546
12940,train/actor_loss,0.015540977008640766
12940,train/critic_loss,0.012275963090360165
12940,train/entropy,-10.29804515838623
12940,train/episode_length_steps,903.12844929582
12940,train/fps,45762.99350660943
12950,train/reward,1.3714377880096436
12950,train/actor_loss,0.01330095250159502
12950,train/critic_loss,0.046780988574028015
12950,train/entropy,-10.335017204284668
12950,train/episode_length_steps,942.0756852933614
12950,train/fps,45764.808853863535
12960,train/reward,1.3707537651062012
12960,train/actor_loss,0.015673262998461723
12960,train/critic_loss,0.01550556905567646
12960,train/entropy,-10.347798347473145
12960,train/episode_length_steps,915.7480494521833
12960,train/fps,45770.488943595636
12970,train/reward,1.372563362121582
12970,train/actor_loss,0.014431865885853767
12970,train/critic_loss,0.02915959432721138
12970,train/entropy,-10.388386726379395
12970,train/episode_length_steps,1047.4776400860692
12970,train/fps,45781.29142165266
12980,train/reward,1.3718335628509521
12980,train/actor_loss,0.01711752824485302
12980,train/critic_loss,0.01302067469805479
12980,train/entropy,-10.382010459899902
12980,train/episode_length_steps,969.9619640403653
12980,train/fps,45792.181553418224
12990,train/reward,1.371586561203003
12990,train/actor_loss,0.015377803705632687
12990,train/critic_loss,0.02779068984091282
12990,train/entropy,-10.414969444274902
12990,train/episode_length_steps,969.9619640403653
12990,train/fps,45803.085738746246
13000,train/reward,1.3732216358184814
13000,train/actor_loss,0.021644745022058487
13000,train/critic_loss,0.024844946339726448
13000,train/entropy,-10.418551445007324
13000,train/episode_length_steps,1022.9524966434373
13000,train/fps,45813.88713013555
13000,eval/med_figure8_normal,0.06620913743972778
13010,train/reward,1.3705942630767822
13010,train/actor_loss,0.014586682431399822
13010,train/critic_loss,0.028888985514640808
13010,train/entropy,-10.419638633728027
13010,train/episode_length_steps,991.9846862364063
13010,train/fps,45002.59349802793
13020,train/reward,1.3717678785324097
13020,train/actor_loss,0.015253597870469093
13020,train/critic_loss,0.023996105417609215
13020,train/entropy,-10.410428047180176
13020,train/episode_length_steps,991.9846862364063
13020,train/fps,45014.52032938143
13030,train/reward,1.369952917098999
13030,train/actor_loss,0.017248962074518204
13030,train/critic_loss,0.0674021765589714
13030,train/entropy,-10.387788772583008
13030,train/episode_length_steps,1119.0198959333352
13030,train/fps,45026.44452574762
13040,train/reward,1.3734313249588013
13040,train/actor_loss,0.018527885898947716
13040,train/critic_loss,0.02831418812274933
13040,train/entropy,-10.356231689453125
13040,train/episode_length_steps,955.8154697427
13040,train/fps,45038.391049611426
13050,train/reward,1.3702878952026367
13050,train/actor_loss,0.01876693032681942
13050,train/critic_loss,0.07886739075183868
13050,train/entropy,-10.297931671142578
13050,train/episode_length_steps,1015.0306813839508
13050,train/fps,45050.2470721598
13060,train/reward,1.3715087175369263
13060,train/actor_loss,0.01888068951666355
13060,train/critic_loss,0.04143692925572395
13060,train/entropy,-10.264490127563477
13060,train/episode_length_steps,1039.1729644539928
13060,train/fps,45062.007378542425
13070,train/reward,1.3763108253479004
13070,train/actor_loss,0.015795975923538208
13070,train/critic_loss,0.020921899005770683
13070,train/entropy,-10.270442008972168
13070,train/episode_length_steps,1091.074921898641
13070,train/fps,45071.7554301529
13080,train/reward,1.3727798461914062
13080,train/actor_loss,0.016251830384135246
13080,train/critic_loss,0.016176342964172363
13080,train/entropy,-10.311883926391602
13080,train/episode_length_steps,955.8154697427
13080,train/fps,45073.42060733213
13090,train/reward,1.3715217113494873
13090,train/actor_loss,0.014506617560982704
13090,train/critic_loss,0.02363492362201214
13090,train/entropy,-10.252447128295898
13090,train/episode_length_steps,1007.2306174500739
13090,train/fps,45075.63856909865
13100,train/reward,1.371138095855713
13100,train/actor_loss,0.01702856831252575
13100,train/critic_loss,0.07973390072584152
13100,train/entropy,-10.205878257751465
13100,train/episode_length_steps,1128.6557313446654
13100,train/fps,45078.18356298572
13110,train/reward,1.3727285861968994
13110,train/actor_loss,0.012357198633253574
13110,train/critic_loss,0.03864690288901329
13110,train/entropy,-10.16316032409668
13110,train/episode_length_steps,1073.207643669909
13110,train/fps,45080.28560538711
13120,train/reward,1.3665705919265747
13120,train/actor_loss,0.018408557400107384
13120,train/critic_loss,0.018920492380857468
13120,train/entropy,-10.155622482299805
13120,train/episode_length_steps,873.0504502092679
13120,train/fps,45082.448625052486
13130,train/reward,1.3708244562149048
13130,train/actor_loss,0.01795848272740841
13130,train/critic_loss,0.055753182619810104
13130,train/entropy,-10.116357803344727
13130,train/episode_length_steps,1235.0011879650099
13130,train/fps,45084.2820499872
13140,train/reward,1.3689039945602417
13140,train/actor_loss,0.018188945949077606
13140,train/critic_loss,0.045164357870817184
13140,train/entropy,-10.031048774719238
13140,train/episode_length_steps,984.5334979350276
13140,train/fps,45086.42097386883
13150,train/reward,1.3688946962356567
13150,train/actor_loss,0.01613866724073887
13150,train/critic_loss,0.03648299351334572
13150,train/entropy,-9.978222846984863
13150,train/episode_length_steps,928.7253199635585
13150,train/fps,45088.5531243903
13160,train/reward,1.3688604831695557
13160,train/actor_loss,0.017522504553198814
13160,train/critic_loss,0.06137210875749588
13160,train/entropy,-9.955798149108887
13160,train/episode_length_steps,909.3944711658012
13160,train/fps,45090.711341467104
13170,train/reward,1.3702332973480225
13170,train/actor_loss,0.019235877320170403
13170,train/critic_loss,0.09208022803068161
13170,train/entropy,-9.882179260253906
13170,train/episode_length_steps,1030.9989362789295
13170,train/fps,45092.60008663011
13180,train/reward,1.367344617843628
13180,train/actor_loss,0.015910236164927483
13180,train/critic_loss,0.03173046186566353
13180,train/entropy,-9.80144214630127
13180,train/episode_length_steps,903.12844929582
13180,train/fps,45094.78439640283
13190,train/reward,1.3684183359146118
13190,train/actor_loss,0.01832001470029354
13190,train/critic_loss,0.08042710274457932
13190,train/entropy,-9.703727722167969
13190,train/episode_length_steps,915.7480494521833
13190,train/fps,45097.20890120634
13200,train/reward,1.3700307607650757
13200,train/actor_loss,0.014631993137300014
13200,train/critic_loss,0.03613987937569618
13200,train/entropy,-9.677337646484375
13200,train/episode_length_steps,948.8958429280851
13200,train/fps,45099.54083230656
13210,train/reward,1.3681942224502563
13210,train/actor_loss,0.014351906254887581
13210,train/critic_loss,0.055525314062833786
13210,train/entropy,-9.646151542663574
13210,train/episode_length_steps,915.7480494521833
13210,train/fps,45101.80120412124
13220,train/reward,1.3710496425628662
13220,train/actor_loss,0.014165008440613747
13220,train/critic_loss,0.07193625718355179
13220,train/entropy,-9.64505672454834
13220,train/episode_length_steps,1082.0675309469727
13220,train/fps,45104.02213750756
13230,train/reward,1.3718655109405518
13230,train/actor_loss,0.01580226980149746
13230,train/critic_loss,0.014622068963944912
13230,train/entropy,-9.646089553833008
13230,train/episode_length_steps,984.5334979350276
13230,train/fps,45106.13653507266
13240,train/reward,1.3702938556671143
13240,train/actor_loss,0.013204574584960938
13240,train/critic_loss,0.02461722493171692
13240,train/entropy,-9.688990592956543
13240,train/episode_length_steps,922.191032232558
13240,train/fps,45108.428608420036
13250,train/reward,1.3713815212249756
13250,train/actor_loss,0.013704550452530384
13250,train/critic_loss,0.016955383121967316
13250,train/entropy,-9.754043579101562
13250,train/episode_length_steps,1007.2306174500739
13250,train/fps,45110.88632167481
13260,train/reward,1.3701252937316895
13260,train/actor_loss,0.013340458273887634
13260,train/critic_loss,0.024696914479136467
13260,train/entropy,-9.760446548461914
13260,train/episode_length_steps,1022.9524966434373
13260,train/fps,45113.22644052446
13270,train/reward,1.3689002990722656
13270,train/actor_loss,0.0129434484988451
13270,train/critic_loss,0.032061316072940826
13270,train/entropy,-9.81618595123291
13270,train/episode_length_steps,1007.2306174500739
13270,train/fps,45115.81435609264
13280,train/reward,1.3707802295684814
13280,train/actor_loss,0.0140614602714777
13280,train/critic_loss,0.03192528337240219
13280,train/entropy,-9.838249206542969
13280,train/episode_length_steps,1158.5853265847247
13280,train/fps,45118.25474583367
13290,train/reward,1.3697293996810913
13290,train/actor_loss,0.012521879747509956
13290,train/critic_loss,0.0406772755086422
13290,train/entropy,-9.841556549072266
13290,train/episode_length_steps,922.191032232558
13290,train/fps,45120.43035392638
13300,train/reward,1.3691620826721191
13300,train/actor_loss,0.01580236479640007
13300,train/critic_loss,0.027546176686882973
13300,train/entropy,-9.858104705810547
13300,train/episode_length_steps,1047.4776400860692
13300,train/fps,45122.45543197595
13310,train/reward,1.3708829879760742
13310,train/actor_loss,0.013923716731369495
13310,train/critic_loss,0.03135155886411667
13310,train/entropy,-9.872293472290039
13310,train/episode_length_steps,1039.1729644539928
13310,train/fps,45124.459371478646
13320,train/reward,1.3731844425201416
13320,train/actor_loss,0.011808785609900951
13320,train/critic_loss,0.021368177607655525
13320,train/entropy,-9.86548900604248
13320,train/episode_length_steps,1073.207643669909
13320,train/fps,45126.70176821676
13330,train/reward,1.3720598220825195
13330,train/actor_loss,0.01563289202749729
13330,train/critic_loss,0.03486880660057068
13330,train/entropy,-9.867532730102539
13330,train/episode_length_steps,942.0756852933614
13330,train/fps,45128.98546079394
13340,train/reward,1.3694812059402466
13340,train/actor_loss,0.013887564651668072
13340,train/critic_loss,0.04309676215052605
13340,train/entropy,-9.861891746520996
13340,train/episode_length_steps,1047.4776400860692
13340,train/fps,45131.14862044237
13350,train/reward,1.370586633682251
13350,train/actor_loss,0.013258096762001514
13350,train/critic_loss,0.03152264282107353
13350,train/entropy,-9.879167556762695
13350,train/episode_length_steps,1100.2335310136384
13350,train/fps,45133.21386047071
13360,train/reward,1.3731091022491455
13360,train/actor_loss,0.017148332670331
13360,train/critic_loss,0.024915359914302826
13360,train/entropy,-9.913264274597168
13360,train/episode_length_steps,1047.4776400860692
13360,train/fps,45135.40354575249
13370,train/reward,1.3647531270980835
13370,train/actor_loss,0.013099448755383492
13370,train/critic_loss,0.058592941612005234
13370,train/entropy,-9.943950653076172
13370,train/episode_length_steps,850.393099192874
13370,train/fps,45137.74778485986
13380,train/reward,1.3701235055923462
13380,train/actor_loss,0.01429660152643919
13380,train/critic_loss,0.033056169748306274
13380,train/entropy,-9.909430503845215
13380,train/episode_length_steps,1283.3704516486423
13380,train/fps,45139.926821729765
13390,train/reward,1.3695011138916016
13390,train/actor_loss,0.012710178270936012
13390,train/critic_loss,0.05361758545041084
13390,train/entropy,-9.900240898132324
13390,train/episode_length_steps,977.1934127239363
13390,train/fps,45142.038627865935
13400,train/reward,1.3691580295562744
13400,train/actor_loss,0.017373252660036087
13400,train/critic_loss,0.08189358562231064
13400,train/entropy,-9.917431831359863
13400,train/episode_length_steps,922.191032232558
13400,train/fps,45144.28645327539
13410,train/reward,1.3673388957977295
13410,train/actor_loss,0.01361773069947958
13410,train/critic_loss,0.021093804389238358
13410,train/entropy,-9.922035217285156
13410,train/episode_length_steps,935.352867349791
13410,train/fps,45146.58999909734
13420,train/reward,1.3715600967407227
13420,train/actor_loss,0.013038075529038906
13420,train/critic_loss,0.043264444917440414
13420,train/entropy,-9.961736679077148
13420,train/episode_length_steps,1082.0675309469727
13420,train/fps,45148.738468855125
13430,train/reward,1.3688443899154663
13430,train/actor_loss,0.01566428504884243
13430,train/critic_loss,0.06018347665667534
13430,train/entropy,-9.998478889465332
13430,train/episode_length_steps,922.191032232558
13430,train/fps,45151.30204794251
13440,train/reward,1.3694841861724854
13440,train/actor_loss,0.017224660143256187
13440,train/critic_loss,0.031554240733385086
13440,train/entropy,-9.924422264099121
13440,train/episode_length_steps,855.9464665668899
13440,train/fps,45158.34396146565
13450,train/reward,1.370530605316162
13450,train/actor_loss,0.018333790823817253
13450,train/critic_loss,0.03132592886686325
13450,train/entropy,-9.906274795532227
13450,train/episode_length_steps,948.8958429280851
13450,train/fps,45162.00885427147
13460,train/reward,1.3681946992874146
13460,train/actor_loss,0.01586599461734295
13460,train/critic_loss,0.03569302335381508
13460,train/entropy,-9.892454147338867
13460,train/episode_length_steps,896.9481863514969
13460,train/fps,45171.297086261
13470,train/reward,1.3720347881317139
13470,train/actor_loss,0.012804338708519936
13470,train/critic_loss,0.02346596121788025
13470,train/entropy,-9.895597457885742
13470,train/episode_length_steps,1055.9161206631647
13470,train/fps,45180.32687516038
13480,train/reward,1.370273470878601
13480,train/actor_loss,0.012776213698089123
13480,train/critic_loss,0.012690563686192036
13480,train/entropy,-9.925981521606445
13480,train/episode_length_steps,1047.4776400860692
13480,train/fps,45188.38832629283
13490,train/reward,1.3710367679595947
13490,train/actor_loss,0.01348347868770361
13490,train/critic_loss,0.02722248248755932
13490,train/entropy,-9.965505599975586
13490,train/episode_length_steps,969.9619640403653
13490,train/fps,45196.87839074875
13500,train/reward,1.3721277713775635
13500,train/actor_loss,0.014092469587922096
13500,train/critic_loss,0.05073339864611626
13500,train/entropy,-10.04898452758789
13500,train/episode_length_steps,999.549519430452
13500,train/fps,45206.120664832735
13510,train/reward,1.370175838470459
13510,train/actor_loss,0.012610088102519512
13510,train/critic_loss,0.011160478927195072
13510,train/entropy,-10.062410354614258
13510,train/episode_length_steps,1030.9989362789295
13510,train/fps,45207.6685938453
13520,train/reward,1.369765043258667
13520,train/actor_loss,0.013842329382896423
13520,train/critic_loss,0.016504833474755287
13520,train/entropy,-10.152567863464355
13520,train/episode_length_steps,1039.1729644539928
13520,train/fps,45213.56998610162
13530,train/reward,1.369842290878296
13530,train/actor_loss,0.017345964908599854
13530,train/critic_loss,0.02790394239127636
13530,train/entropy,-10.210501670837402
13530,train/episode_length_steps,1138.4589557196166
13530,train/fps,45220.012895306914
13540,train/reward,1.3700220584869385
13540,train/actor_loss,0.013748600147664547
13540,train/critic_loss,0.016033504158258438
13540,train/entropy,-10.21353816986084
13540,train/episode_length_steps,948.8958429280851
13540,train/fps,45226.669505116064
13550,train/reward,1.3716627359390259
13550,train/actor_loss,0.014619237743318081
13550,train/critic_loss,0.022818533703684807
13550,train/entropy,-10.23107624053955
13550,train/episode_length_steps,1073.207643669909
13550,train/fps,45233.22628991353
13560,train/reward,1.3692498207092285
13560,train/actor_loss,0.016438882797956467
13560,train/critic_loss,0.05031011626124382
13560,train/entropy,-10.177491188049316
13560,train/episode_length_steps,1015.0306813839508
13560,train/fps,45240.10506889578
13570,train/reward,1.3723647594451904
13570,train/actor_loss,0.017408868297934532
13570,train/critic_loss,0.03001498058438301
13570,train/entropy,-10.100520133972168
13570,train/episode_length_steps,1030.9989362789295
13570,train/fps,45246.707483029146
13580,train/reward,1.3704177141189575
13580,train/actor_loss,0.016128672286868095
13580,train/critic_loss,0.019177719950675964
13580,train/entropy,-10.075370788574219
13580,train/episode_length_steps,942.0756852933614
13580,train/fps,45253.23250933449
13590,train/reward,1.3694462776184082
13590,train/actor_loss,0.01258708443492651
13590,train/critic_loss,0.04360640048980713
13590,train/entropy,-10.115179061889648
13590,train/episode_length_steps,1022.9524966434373
13590,train/fps,45259.48454190591
13600,train/reward,1.3719792366027832
13600,train/actor_loss,0.010175435803830624
13600,train/critic_loss,0.038813069462776184
13600,train/entropy,-10.142329216003418
13600,train/episode_length_steps,1109.547198555855
13600,train/fps,45266.27833463549
13610,train/reward,1.3707654476165771
13610,train/actor_loss,0.015478210523724556
13610,train/critic_loss,0.05708794668316841
13610,train/entropy,-10.154768943786621
13610,train/episode_length_steps,1109.547198555855
13610,train/fps,45272.62985905363
13620,train/reward,1.3661243915557861
13620,train/actor_loss,0.017120420932769775
13620,train/critic_loss,0.09739039093255997
13620,train/entropy,-10.086387634277344
13620,train/episode_length_steps,861.5728416085835
13620,train/fps,45279.20214003166
13630,train/reward,1.3705852031707764
13630,train/actor_loss,0.015427663922309875
13630,train/critic_loss,0.03245081380009651
13630,train/entropy,-10.07010555267334
13630,train/episode_length_steps,1246.7484398903493
13630,train/fps,45285.77540153681
13640,train/reward,1.3669542074203491
13640,train/actor_loss,0.01773357391357422
13640,train/critic_loss,0.16312280297279358
13640,train/entropy,-10.038935661315918
13640,train/episode_length_steps,915.7480494521833
13640,train/fps,45292.35437582727
13650,train/reward,1.369323492050171
13650,train/actor_loss,0.014231021516025066
13650,train/critic_loss,0.053720053285360336
13650,train/entropy,-9.987088203430176
13650,train/episode_length_steps,969.9619640403653
13650,train/fps,45298.90536263573
13660,train/reward,1.3701757192611694
13660,train/actor_loss,0.012678833678364754
13660,train/critic_loss,0.03005216084420681
13660,train/entropy,-9.993531227111816
13660,train/episode_length_steps,984.5334979350276
13660,train/fps,45305.404696026155
13670,train/reward,1.3720999956130981
13670,train/actor_loss,0.01748942956328392
13670,train/critic_loss,0.029024852439761162
13670,train/entropy,-10.046813011169434
13670,train/episode_length_steps,1091.074921898641
13670,train/fps,45311.794455423165
13680,train/reward,1.365931749343872
13680,train/actor_loss,0.017517942935228348
13680,train/critic_loss,0.06460928916931152
13680,train/entropy,-9.990493774414062
13680,train/episode_length_steps,890.8519337098286
13680,train/fps,45318.289122692375
13690,train/reward,1.369276523590088
13690,train/actor_loss,0.014288044534623623
13690,train/critic_loss,0.05787285789847374
13690,train/entropy,-9.956547737121582
13690,train/episode_length_steps,890.8519337098286
13690,train/fps,45324.96764930853
13700,train/reward,1.370948076248169
13700,train/actor_loss,0.0154964504763484
13700,train/critic_loss,0.035504501312971115
13700,train/entropy,-9.902104377746582
13700,train/episode_length_steps,969.9619640403653
13700,train/fps,45331.7134458712
13710,train/reward,1.3703207969665527
13710,train/actor_loss,0.01791193149983883
13710,train/critic_loss,0.03312210366129875
13710,train/entropy,-9.838113784790039
13710,train/episode_length_steps,903.12844929582
13710,train/fps,45337.60561002803
13720,train/reward,1.3705133199691772
13720,train/actor_loss,0.0148814981803298
13720,train/critic_loss,0.036610089242458344
13720,train/entropy,-9.845263481140137
13720,train/episode_length_steps,1055.9161206631647
13720,train/fps,45343.784036515535
13730,train/reward,1.3718631267547607
13730,train/actor_loss,0.01284879632294178
13730,train/critic_loss,0.015227535739541054
13730,train/entropy,-9.887112617492676
13730,train/episode_length_steps,1030.9989362789295
13730,train/fps,45350.48389067048
13740,train/reward,1.369206190109253
13740,train/actor_loss,0.012914294376969337
13740,train/critic_loss,0.08583780378103256
13740,train/entropy,-9.8599271774292
13740,train/episode_length_steps,962.8367577976614
13740,train/fps,45356.77367602523
13750,train/reward,1.3700708150863647
13750,train/actor_loss,0.026184717193245888
13750,train/critic_loss,0.10860679298639297
13750,train/entropy,-9.840569496154785
13750,train/episode_length_steps,909.3944711658012
13750,train/fps,45362.741610344354
13760,train/reward,1.3696269989013672
13760,train/actor_loss,0.015735311433672905
13760,train/critic_loss,0.07853147387504578
13760,train/entropy,-9.765741348266602
13760,train/episode_length_steps,1015.0306813839508
13760,train/fps,45369.13619377651
13770,train/reward,1.3719482421875
13770,train/actor_loss,0.012112653814256191
13770,train/critic_loss,0.05411697179079056
13770,train/entropy,-9.749842643737793
13770,train/episode_length_steps,991.9846862364063
13770,train/fps,45375.47413256091
13780,train/reward,1.3711985349655151
13780,train/actor_loss,0.020536698400974274
13780,train/critic_loss,0.11609973013401031
13780,train/entropy,-9.691617012023926
13780,train/episode_length_steps,1015.0306813839508
13780,train/fps,45381.886108512605
13790,train/reward,1.3725357055664062
13790,train/actor_loss,0.013352460227906704
13790,train/critic_loss,0.10817790031433105
13790,train/entropy,-9.663698196411133
13790,train/episode_length_steps,922.191032232558
13790,train/fps,45388.24891880728
13800,train/reward,1.3695282936096191
13800,train/actor_loss,0.01912541687488556
13800,train/critic_loss,0.07134290784597397
13800,train/entropy,-9.597006797790527
13800,train/episode_length_steps,1022.9524966434373
13800,train/fps,45394.39512498232
13810,train/reward,1.3695263862609863
13810,train/actor_loss,0.020090511068701744
13810,train/critic_loss,0.17264987528324127
13810,train/entropy,-9.511247634887695
13810,train/episode_length_steps,1015.0306813839508
13810,train/fps,45400.8151012357
13820,train/reward,1.3710885047912598
13820,train/actor_loss,0.013665257953107357
13820,train/critic_loss,0.24020493030548096
13820,train/entropy,-9.409472465515137
13820,train/episode_length_steps,955.8154697427
13820,train/fps,45407.23757705985
13830,train/reward,1.3673887252807617
13830,train/actor_loss,0.016391325742006302
13830,train/critic_loss,0.25821301341056824
13830,train/entropy,-9.336370468139648
13830,train/episode_length_steps,850.393099192874
13830,train/fps,45413.83062170178
13840,train/reward,1.3686764240264893
13840,train/actor_loss,0.016665128991007805
13840,train/critic_loss,0.2296590805053711
13840,train/entropy,-9.231123924255371
13840,train/episode_length_steps,977.1934127239363
13840,train/fps,45420.018534223054
13850,train/reward,1.3711133003234863
13850,train/actor_loss,0.015978073701262474
13850,train/critic_loss,0.13161230087280273
13850,train/entropy,-9.167485237121582
13850,train/episode_length_steps,1030.9989362789295
13850,train/fps,45426.70404859844
13860,train/reward,1.3718292713165283
13860,train/actor_loss,0.011744520626962185
13860,train/critic_loss,0.09819736331701279
13860,train/entropy,-9.145501136779785
13860,train/episode_length_steps,903.12844929582
13860,train/fps,45433.08609265843
13870,train/reward,1.3643865585327148
13870,train/actor_loss,0.01590857282280922
13870,train/critic_loss,0.3229905068874359
13870,train/entropy,-9.11108112335205
13870,train/episode_length_steps,719.6575442107978
13870,train/fps,45439.267159118885
13880,train/reward,1.3701303005218506
13880,train/actor_loss,0.015730736777186394
13880,train/critic_loss,0.27649879455566406
13880,train/entropy,-9.018339157104492
13880,train/episode_length_steps,1073.207643669909
13880,train/fps,45445.72939762669
13890,train/reward,1.3687758445739746
13890,train/actor_loss,0.013912367634475231
13890,train/critic_loss,0.23874185979366302
13890,train/entropy,-8.943285942077637
13890,train/episode_length_steps,873.0504502092679
13890,train/fps,45452.35399041402
13900,train/reward,1.3688907623291016
13900,train/actor_loss,0.013061014004051685
13900,train/critic_loss,0.2149692326784134
13900,train/entropy,-8.863813400268555
13900,train/episode_length_steps,896.9481863514969
13900,train/fps,45458.469761884524
13910,train/reward,1.3677881956100464
13910,train/actor_loss,0.013434655964374542
13910,train/critic_loss,0.18626205623149872
13910,train/entropy,-8.781007766723633
13910,train/episode_length_steps,761.4662389368028
13910,train/fps,45464.89026925614
13920,train/reward,1.3677456378936768
13920,train/actor_loss,0.01349572278559208
13920,train/critic_loss,0.17931102216243744
13920,train/entropy,-8.703139305114746
13920,train/episode_length_steps,884.8379899660755
13920,train/fps,45471.2481216998
13930,train/reward,1.366805076599121
13930,train/actor_loss,0.013461305759847164
13930,train/critic_loss,0.30326977372169495
13930,train/entropy,-8.627348899841309
13930,train/episode_length_steps,867.2736735434524
13930,train/fps,45477.65405687852
13940,train/reward,1.365846037864685
13940,train/actor_loss,0.010967894457280636
13940,train/critic_loss,0.34063228964805603
13940,train/entropy,-8.545307159423828
13940,train/episode_length_steps,844.9113276288067
13940,train/fps,45483.95036942668
13950,train/reward,1.3694508075714111
13950,train/actor_loss,0.010268141515552998
13950,train/critic_loss,0.11006326973438263
13950,train/entropy,-8.501269340515137
13950,train/episode_length_steps,928.7253199635585
13950,train/fps,45490.31987335334
13960,train/reward,1.3684089183807373
13960,train/actor_loss,0.014389020390808582
13960,train/critic_loss,0.4048624038696289
13960,train/entropy,-8.46924114227295
13960,train/episode_length_steps,748.4223016690037
13960,train/fps,45496.89193735186
13970,train/reward,1.3627437353134155
13970,train/actor_loss,0.020384250208735466
13970,train/critic_loss,0.3129422664642334
13970,train/entropy,-8.449150085449219
13970,train/episode_length_steps,839.499776188048
13970,train/fps,45503.42165456467
13980,train/reward,1.367767572402954
13980,train/actor_loss,0.013230985961854458
13980,train/critic_loss,0.28197985887527466
13980,train/entropy,-8.39376163482666
13980,train/episode_length_steps,984.5334979350276
13980,train/fps,45509.86160956313
13990,train/reward,1.3674073219299316
13990,train/actor_loss,0.01147885899990797
13990,train/critic_loss,0.2697080373764038
13990,train/entropy,-8.37048625946045
13990,train/episode_length_steps,1039.1729644539928
13990,train/fps,45516.493467070715
14000,train/reward,1.3669447898864746
14000,train/actor_loss,0.014668555930256844
14000,train/critic_loss,0.3079732358455658
14000,train/entropy,-8.313125610351562
14000,train/episode_length_steps,793.7452256108409
14000,train/fps,45522.85362603781
14000,eval/med_figure8_normal,0.07821819186210632
14010,train/reward,1.3677213191986084
14010,train/actor_loss,0.01130315288901329
14010,train/critic_loss,0.2451447993516922
14010,train/entropy,-8.3174467086792
14010,train/episode_length_steps,903.12844929582
14010,train/fps,44704.50286973703
14020,train/reward,1.3662173748016357
14020,train/actor_loss,0.011341869831085205
14020,train/critic_loss,0.171269029378891
14020,train/entropy,-8.275198936462402
14020,train/episode_length_steps,1039.1729644539928
14020,train/fps,44713.05474827644
14030,train/reward,1.367082118988037
14030,train/actor_loss,0.01018394436687231
14030,train/critic_loss,0.2118007242679596
14030,train/entropy,-8.271964073181152
14030,train/episode_length_steps,1015.0306813839508
14030,train/fps,44721.5394669533
14040,train/reward,1.3677257299423218
14040,train/actor_loss,0.011792152188718319
14040,train/critic_loss,0.20411725342273712
14040,train/entropy,-8.243769645690918
14040,train/episode_length_steps,1015.0306813839508
14040,train/fps,44729.97660174034
14050,train/reward,1.369826316833496
14050,train/actor_loss,0.014692765660583973
14050,train/critic_loss,0.30691996216773987
14050,train/entropy,-8.350323677062988
14050,train/episode_length_steps,909.3944711658012
14050,train/fps,44738.272859936566
14060,train/reward,1.3655459880828857
14060,train/actor_loss,0.01098750438541174
14060,train/critic_loss,0.12179151922464371
14060,train/entropy,-8.322081565856934
14060,train/episode_length_steps,977.1934127239363
14060,train/fps,44746.429125550356
14070,train/reward,1.3688316345214844
14070,train/actor_loss,0.011292516253888607
14070,train/critic_loss,0.289294570684433
14070,train/entropy,-8.3214693069458
14070,train/episode_length_steps,977.1934127239363
14070,train/fps,44754.61681353716
14080,train/reward,1.3703603744506836
14080,train/actor_loss,0.01335590984672308
14080,train/critic_loss,0.09152986854314804
14080,train/entropy,-8.316926956176758
14080,train/episode_length_steps,1030.9989362789295
14080,train/fps,44762.963637540255
14090,train/reward,1.3643594980239868
14090,train/actor_loss,0.010649575851857662
14090,train/critic_loss,0.4820035398006439
14090,train/entropy,-8.275385856628418
14090,train/episode_length_steps,962.8367577976614
14090,train/fps,44771.21505120198
14100,train/reward,1.369135856628418
14100,train/actor_loss,0.012257939204573631
14100,train/critic_loss,0.10529308766126633
14100,train/entropy,-8.290714263916016
14100,train/episode_length_steps,1082.0675309469727
14100,train/fps,44779.15163675083
14110,train/reward,1.3684781789779663
14110,train/actor_loss,0.008960122242569923
14110,train/critic_loss,0.17171186208724976
14110,train/entropy,-8.365991592407227
14110,train/episode_length_steps,1091.074921898641
14110,train/fps,44787.247687142706
14120,train/reward,1.3665549755096436
14120,train/actor_loss,0.009648422710597515
14120,train/critic_loss,0.28562772274017334
14120,train/entropy,-8.405051231384277
14120,train/episode_length_steps,922.191032232558
14120,train/fps,44795.51093140943
14130,train/reward,1.364164113998413
14130,train/actor_loss,0.010892922058701515
14130,train/critic_loss,0.2160930633544922
14130,train/entropy,-8.408500671386719
14130,train/episode_length_steps,915.7480494521833
14130,train/fps,44803.46782393411
14140,train/reward,1.3653979301452637
14140,train/actor_loss,0.012569782324135303
14140,train/critic_loss,0.1700291931629181
14140,train/entropy,-8.363471984863281
14140,train/episode_length_steps,873.0504502092679
14140,train/fps,44811.515240178545
14150,train/reward,1.3645561933517456
14150,train/actor_loss,0.011489247903227806
14150,train/critic_loss,0.0955493375658989
14150,train/entropy,-8.33831787109375
14150,train/episode_length_steps,909.3944711658012
14150,train/fps,44819.526794407015
14160,train/reward,1.3625013828277588
14160,train/actor_loss,0.015217415988445282
14160,train/critic_loss,0.35331371426582336
14160,train/entropy,-8.366521835327148
14160,train/episode_length_steps,850.393099192874
14160,train/fps,44827.151686632955
14170,train/reward,1.3676700592041016
14170,train/actor_loss,0.014068416319787502
14170,train/critic_loss,0.15304885804653168
14170,train/entropy,-8.372634887695312
14170,train/episode_length_steps,1073.207643669909
14170,train/fps,44835.08797974495
14180,train/reward,1.3659471273422241
14180,train/actor_loss,0.011742821894586086
14180,train/critic_loss,0.11469946056604385
14180,train/entropy,-8.390678405761719
14180,train/episode_length_steps,834.1571042040623
14180,train/fps,44845.09975544676
14190,train/reward,1.3633637428283691
14190,train/actor_loss,0.010373956523835659
14190,train/critic_loss,0.194356307387352
14190,train/entropy,-8.37485122680664
14190,train/episode_length_steps,844.9113276288067
14190,train/fps,44855.23404640419
14200,train/reward,1.367638349533081
14200,train/actor_loss,0.013270390219986439
14200,train/critic_loss,0.08722464740276337
14200,train/entropy,-8.384142875671387
14200,train/episode_length_steps,867.2736735434524
14200,train/fps,44865.79320367494
14210,train/reward,1.3685638904571533
14210,train/actor_loss,0.012624633498489857
14210,train/critic_loss,0.1537284255027771
14210,train/entropy,-8.405451774597168
14210,train/episode_length_steps,928.7253199635585
14210,train/fps,44875.51222671611
14220,train/reward,1.3672503232955933
14220,train/actor_loss,0.012027228251099586
14220,train/critic_loss,0.22933080792427063
14220,train/entropy,-8.385507583618164
14220,train/episode_length_steps,942.0756852933614
14220,train/fps,44886.24714985655
14230,train/reward,1.36745285987854
14230,train/actor_loss,0.013345097191631794
14230,train/critic_loss,0.33907753229141235
14230,train/entropy,-8.350976943969727
14230,train/episode_length_steps,955.8154697427
14230,train/fps,44896.6623217261
14240,train/reward,1.369471549987793
14240,train/actor_loss,0.012447881512343884
14240,train/critic_loss,0.22666382789611816
14240,train/entropy,-8.343123435974121
14240,train/episode_length_steps,948.8958429280851
14240,train/fps,44905.8648977468
14250,train/reward,1.3677620887756348
14250,train/actor_loss,0.01074306946247816
14250,train/critic_loss,0.20452725887298584
14250,train/entropy,-8.358599662780762
14250,train/episode_length_steps,955.8154697427
14250,train/fps,44915.619701643314
14260,train/reward,1.3650544881820679
14260,train/actor_loss,0.017094017937779427
14260,train/critic_loss,0.3007363975048065
14260,train/entropy,-8.2827730178833
14260,train/episode_length_steps,813.4495623538085
14260,train/fps,44920.02204971358
14270,train/reward,1.3638728857040405
14270,train/actor_loss,0.013629289343953133
14270,train/critic_loss,0.20038168132305145
14270,train/entropy,-8.250055313110352
14270,train/episode_length_steps,955.8154697427
14270,train/fps,44929.63379786156
14280,train/reward,1.3642032146453857
14280,train/actor_loss,0.01055954024195671
14280,train/critic_loss,0.27139440178871155
14280,train/entropy,-8.236098289489746
14280,train/episode_length_steps,839.499776188048
14280,train/fps,44939.81184633501
14290,train/reward,1.3697071075439453
14290,train/actor_loss,0.012141267769038677
14290,train/critic_loss,0.18150629103183746
14290,train/entropy,-8.247705459594727
14290,train/episode_length_steps,999.549519430452
14290,train/fps,44948.071514947216
14300,train/reward,1.3678412437438965
14300,train/actor_loss,0.017374519258737564
14300,train/critic_loss,0.26707541942596436
14300,train/entropy,-8.262178421020508
14300,train/episode_length_steps,896.9481863514969
14300,train/fps,44958.39740979926
14310,train/reward,1.3661388158798218
14310,train/actor_loss,0.011639053001999855
14310,train/critic_loss,0.20513907074928284
14310,train/entropy,-8.219695091247559
14310,train/episode_length_steps,1064.4916662465182
14310,train/fps,44961.82427283277
14320,train/reward,1.3663582801818848
14320,train/actor_loss,0.010429604910314083
14320,train/critic_loss,0.19255885481834412
14320,train/entropy,-8.174715042114258
14320,train/episode_length_steps,1007.2306174500739
14320,train/fps,44969.26599045739
14330,train/reward,1.3685293197631836
14330,train/actor_loss,0.012616326101124287
14330,train/critic_loss,0.12248191982507706
14330,train/entropy,-8.20837688446045
14330,train/episode_length_steps,1015.0306813839508
14330,train/fps,44980.289808671405
14340,train/reward,1.3678781986236572
14340,train/actor_loss,0.010860848240554333
14340,train/critic_loss,0.25579962134361267
14340,train/entropy,-8.217291831970215
14340,train/episode_length_steps,1030.9989362789295
14340,train/fps,44991.37033655991
14350,train/reward,1.3672938346862793
14350,train/actor_loss,0.011857814155519009
14350,train/critic_loss,0.20329220592975616
14350,train/entropy,-8.231045722961426
14350,train/episode_length_steps,922.191032232558
14350,train/fps,45002.65331145165
14360,train/reward,1.3651435375213623
14360,train/actor_loss,0.01078492309898138
14360,train/critic_loss,0.2600991725921631
14360,train/entropy,-8.214144706726074
14360,train/episode_length_steps,955.8154697427
14360,train/fps,45013.7241468148
14370,train/reward,1.3643219470977783
14370,train/actor_loss,0.013864184729754925
14370,train/critic_loss,0.30339527130126953
14370,train/entropy,-8.219675064086914
14370,train/episode_length_steps,873.0504502092679
14370,train/fps,45024.958117028
14380,train/reward,1.3621196746826172
14380,train/actor_loss,0.01252737082540989
14380,train/critic_loss,0.39273199439048767
14380,train/entropy,-8.235156059265137
14380,train/episode_length_steps,909.3944711658012
14380,train/fps,45034.63902194695
14390,train/reward,1.3660054206848145
14390,train/actor_loss,0.010826604440808296
14390,train/critic_loss,0.38505369424819946
14390,train/entropy,-8.198172569274902
14390,train/episode_length_steps,955.8154697427
14390,train/fps,45038.392594355806
14400,train/reward,1.3637099266052246
14400,train/actor_loss,0.010785693302750587
14400,train/critic_loss,0.40284228324890137
14400,train/entropy,-8.198893547058105
14400,train/episode_length_steps,834.1571042040623
14400,train/fps,45042.51223005081
14410,train/reward,1.3633286952972412
14410,train/actor_loss,0.011176474392414093
14410,train/critic_loss,0.3556402325630188
14410,train/entropy,-8.16183853149414
14410,train/episode_length_steps,855.9464665668899
14410,train/fps,45046.73194357616
14420,train/reward,1.366453766822815
14420,train/actor_loss,0.012059581466019154
14420,train/critic_loss,0.3101274371147156
14420,train/entropy,-8.115742683410645
14420,train/episode_length_steps,948.8958429280851
14420,train/fps,45050.67272823685
14430,train/reward,1.3684322834014893
14430,train/actor_loss,0.009730534628033638
14430,train/critic_loss,0.1616528183221817
14430,train/entropy,-8.118525505065918
14430,train/episode_length_steps,955.8154697427
14430,train/fps,45054.669713641604
14440,train/reward,1.3670456409454346
14440,train/actor_loss,0.01047519501298666
14440,train/critic_loss,0.2136934995651245
14440,train/entropy,-8.123204231262207
14440,train/episode_length_steps,839.499776188048
14440,train/fps,45058.3682325843
14450,train/reward,1.366708517074585
14450,train/actor_loss,0.012317490763962269
14450,train/critic_loss,0.20619070529937744
14450,train/entropy,-8.11893081665039
14450,train/episode_length_steps,878.9046993506491
14450,train/fps,45062.306868729174
14460,train/reward,1.3676031827926636
14460,train/actor_loss,0.011892869137227535
14460,train/critic_loss,0.17950546741485596
14460,train/entropy,-8.13397216796875
14460,train/episode_length_steps,969.9619640403653
14460,train/fps,45066.2052748128
14470,train/reward,1.3654674291610718
14470,train/actor_loss,0.012849322520196438
14470,train/critic_loss,0.16522270441055298
14470,train/entropy,-8.160616874694824
14470,train/episode_length_steps,1030.9989362789295
14470,train/fps,45069.78445893565
14480,train/reward,1.3674806356430054
14480,train/actor_loss,0.012358378618955612
14480,train/critic_loss,0.13635580241680145
14480,train/entropy,-8.17973804473877
14480,train/episode_length_steps,1022.9524966434373
14480,train/fps,45073.36208987247
14490,train/reward,1.3631370067596436
14490,train/actor_loss,0.011398560367524624
14490,train/critic_loss,0.23278211057186127
14490,train/entropy,-8.200530052185059
14490,train/episode_length_steps,855.9464665668899
14490,train/fps,45077.22499368415
14500,train/reward,1.3622188568115234
14500,train/actor_loss,0.011309213005006313
14500,train/critic_loss,0.1482943296432495
14500,train/entropy,-8.197783470153809
14500,train/episode_length_steps,884.8379899660755
14500,train/fps,45080.99605433381
14510,train/reward,1.3647164106369019
14510,train/actor_loss,0.01528905052691698
14510,train/critic_loss,0.27554500102996826
14510,train/entropy,-8.211381912231445
14510,train/episode_length_steps,813.4495623538085
14510,train/fps,45084.2449054725
14520,train/reward,1.3685158491134644
14520,train/actor_loss,0.011333758011460304
14520,train/critic_loss,0.25732555985450745
14520,train/entropy,-8.216334342956543
14520,train/episode_length_steps,861.5728416085835
14520,train/fps,45087.78806290595
14530,train/reward,1.3637274503707886
14530,train/actor_loss,0.012334038503468037
14530,train/critic_loss,0.12173587083816528
14530,train/entropy,-8.21744441986084
14530,train/episode_length_steps,855.9464665668899
14530,train/fps,45091.21855722048
14540,train/reward,1.3635315895080566
14540,train/actor_loss,0.011072483845055103
14540,train/critic_loss,0.40268251299858093
14540,train/entropy,-8.191197395324707
14540,train/episode_length_steps,861.5728416085835
14540,train/fps,45094.878833336974
14550,train/reward,1.3688901662826538
14550,train/actor_loss,0.01150426547974348
14550,train/critic_loss,0.34510424733161926
14550,train/entropy,-8.147552490234375
14550,train/episode_length_steps,1064.4916662465182
14550,train/fps,45098.68794687354
14560,train/reward,1.3639487028121948
14560,train/actor_loss,0.012075281701982021
14560,train/critic_loss,0.28259000182151794
14560,train/entropy,-8.132529258728027
14560,train/episode_length_steps,984.5334979350276
14560,train/fps,45102.430259498506
14570,train/reward,1.3635311126708984
14570,train/actor_loss,0.009956235997378826
14570,train/critic_loss,0.26257896423339844
14570,train/entropy,-8.108238220214844
14570,train/episode_length_steps,1022.9524966434373
14570,train/fps,45106.07086053013
14580,train/reward,1.3629533052444458
14580,train/actor_loss,0.012140165083110332
14580,train/critic_loss,0.15831361711025238
14580,train/entropy,-8.10193920135498
14580,train/episode_length_steps,1055.9161206631647
14580,train/fps,45109.81016387263
14590,train/reward,1.362505555152893
14590,train/actor_loss,0.013457553461194038
14590,train/critic_loss,0.3012520670890808
14590,train/entropy,-8.074020385742188
14590,train/episode_length_steps,935.352867349791
14590,train/fps,45113.49040132077
14600,train/reward,1.3610241413116455
14600,train/actor_loss,0.009999562054872513
14600,train/critic_loss,0.23178735375404358
14600,train/entropy,-8.05801010131836
14600,train/episode_length_steps,850.393099192874
14600,train/fps,45117.54138395366
14610,train/reward,1.3623719215393066
14610,train/actor_loss,0.013548800721764565
14610,train/critic_loss,0.2127017229795456
14610,train/entropy,-8.067042350769043
14610,train/episode_length_steps,969.9619640403653
14610,train/fps,45124.35843956373
14620,train/reward,1.3600159883499146
14620,train/actor_loss,0.011309412308037281
14620,train/critic_loss,0.3252035081386566
14620,train/entropy,-8.040382385253906
14620,train/episode_length_steps,828.8820049231059
14620,train/fps,45127.757595231895
14630,train/reward,1.3617374897003174
14630,train/actor_loss,0.012018607929348946
14630,train/critic_loss,0.45003604888916016
14630,train/entropy,-8.031231880187988
14630,train/episode_length_steps,878.9046993506491
14630,train/fps,45131.232431072895
14640,train/reward,1.3624378442764282
14640,train/actor_loss,0.011701129376888275
14640,train/critic_loss,0.2720348536968231
14640,train/entropy,-7.99780797958374
14640,train/episode_length_steps,850.393099192874
14640,train/fps,45134.898888567244
14650,train/reward,1.3660025596618652
14650,train/actor_loss,0.009253250434994698
14650,train/critic_loss,0.252367228269577
14650,train/entropy,-7.978163242340088
14650,train/episode_length_steps,991.9846862364063
14650,train/fps,45138.21604562001
14660,train/reward,1.3642475605010986
14660,train/actor_loss,0.010298972018063068
14660,train/critic_loss,0.1791459619998932
14660,train/entropy,-8.005980491638184
14660,train/episode_length_steps,903.12844929582
14660,train/fps,45141.53559600654
14670,train/reward,1.3635541200637817
14670,train/actor_loss,0.011072610504925251
14670,train/critic_loss,0.2596016526222229
14670,train/entropy,-8.01207447052002
14670,train/episode_length_steps,873.0504502092679
14670,train/fps,45144.916731369165
14680,train/reward,1.3656373023986816
14680,train/actor_loss,0.011400418356060982
14680,train/critic_loss,0.2765268385410309
14680,train/entropy,-8.008818626403809
14680,train/episode_length_steps,955.8154697427
14680,train/fps,45148.56427055549
14690,train/reward,1.3638864755630493
14690,train/actor_loss,0.011403406038880348
14690,train/critic_loss,0.14752911031246185
14690,train/entropy,-8.00967788696289
14690,train/episode_length_steps,948.8958429280851
14690,train/fps,45152.10918368758
14700,train/reward,1.3654389381408691
14700,train/actor_loss,0.010456879623234272
14700,train/critic_loss,0.1533406525850296
14700,train/entropy,-8.017664909362793
14700,train/episode_length_steps,955.8154697427
14700,train/fps,45155.95387897085
14710,train/reward,1.3630495071411133
14710,train/actor_loss,0.011036227457225323
14710,train/critic_loss,0.2401941865682602
14710,train/entropy,-8.016459465026855
14710,train/episode_length_steps,1039.1729644539928
14710,train/fps,45159.48878414495
14720,train/reward,1.3634787797927856
14720,train/actor_loss,0.010646618902683258
14720,train/critic_loss,0.223530575633049
14720,train/entropy,-8.046000480651855
14720,train/episode_length_steps,948.8958429280851
14720,train/fps,45163.12177316249
14730,train/reward,1.3639931678771973
14730,train/actor_loss,0.010307115502655506
14730,train/critic_loss,0.20663762092590332
14730,train/entropy,-8.015101432800293
14730,train/episode_length_steps,1055.9161206631647
14730,train/fps,45166.67913691229
14740,train/reward,1.36307692527771
14740,train/actor_loss,0.010207961313426495
14740,train/critic_loss,0.10736749321222305
14740,train/entropy,-8.015273094177246
14740,train/episode_length_steps,896.9481863514969
14740,train/fps,45170.42250990721
14750,train/reward,1.3616009950637817
14750,train/actor_loss,0.01246213261038065
14750,train/critic_loss,0.2455175220966339
14750,train/entropy,-8.042827606201172
14750,train/episode_length_steps,942.0756852933614
14750,train/fps,45174.18061523994
14760,train/reward,1.3596372604370117
14760,train/actor_loss,0.014916774816811085
14760,train/critic_loss,0.22813168168067932
14760,train/entropy,-8.038847923278809
14760,train/episode_length_steps,844.9113276288067
14760,train/fps,45177.855525592364
14770,train/reward,1.3684196472167969
14770,train/actor_loss,0.010489588603377342
14770,train/critic_loss,0.13350306451320648
14770,train/entropy,-8.055238723754883
14770,train/episode_length_steps,1022.9524966434373
14770,train/fps,45181.31680086877
14780,train/reward,1.3650810718536377
14780,train/actor_loss,0.012972128577530384
14780,train/critic_loss,0.16185514628887177
14780,train/entropy,-8.101652145385742
14780,train/episode_length_steps,896.9481863514969
14780,train/fps,45185.00781357569
14790,train/reward,1.3640732765197754
14790,train/actor_loss,0.012809768319129944
14790,train/critic_loss,0.25864556431770325
14790,train/entropy,-8.12844181060791
14790,train/episode_length_steps,850.393099192874
14790,train/fps,45188.77399298177
14800,train/reward,1.3679749965667725
14800,train/actor_loss,0.01566677913069725
14800,train/critic_loss,0.09767389297485352
14800,train/entropy,-8.154029846191406
14800,train/episode_length_steps,1030.9989362789295
14800,train/fps,45192.4232652531
14810,train/reward,1.3637478351593018
14810,train/actor_loss,0.01126127876341343
14810,train/critic_loss,0.24572649598121643
14810,train/entropy,-8.145194053649902
14810,train/episode_length_steps,948.8958429280851
14810,train/fps,45195.782245956296
14820,train/reward,1.362603783607483
14820,train/actor_loss,0.013156204484403133
14820,train/critic_loss,0.19556216895580292
14820,train/entropy,-8.151753425598145
14820,train/episode_length_steps,962.8367577976614
14820,train/fps,45199.32441074319
14830,train/reward,1.365614891052246
14830,train/actor_loss,0.012684056535363197
14830,train/critic_loss,0.14003591239452362
14830,train/entropy,-8.197389602661133
14830,train/episode_length_steps,1138.4589557196166
14830,train/fps,45203.15599428676
14840,train/reward,1.359362006187439
14840,train/actor_loss,0.011824843473732471
14840,train/critic_loss,0.30923402309417725
14840,train/entropy,-8.232085227966309
14840,train/episode_length_steps,839.499776188048
14840,train/fps,45206.86994012809
14850,train/reward,1.3642419576644897
14850,train/actor_loss,0.014495007693767548
14850,train/critic_loss,0.1589471995830536
14850,train/entropy,-8.288179397583008
14850,train/episode_length_steps,896.9481863514969
14850,train/fps,45215.86363014188
14860,train/reward,1.3635886907577515
14860,train/actor_loss,0.014480735175311565
14860,train/critic_loss,0.20227718353271484
14860,train/entropy,-8.308270454406738
14860,train/episode_length_steps,818.5294606658226
14860,train/fps,45226.58282383626
14870,train/reward,1.3640443086624146
14870,train/actor_loss,0.014978865161538124
14870,train/critic_loss,0.15725378692150116
14870,train/entropy,-8.32751750946045
14870,train/episode_length_steps,942.0756852933614
14870,train/fps,45237.400169953915
14880,train/reward,1.3650596141815186
14880,train/actor_loss,0.016877546906471252
14880,train/critic_loss,0.11959399282932281
14880,train/entropy,-8.344635963439941
14880,train/episode_length_steps,984.5334979350276
14880,train/fps,45246.848912843176
14890,train/reward,1.3644394874572754
14890,train/actor_loss,0.011345920152962208
14890,train/critic_loss,0.19070029258728027
14890,train/entropy,-8.356545448303223
14890,train/episode_length_steps,850.393099192874
14890,train/fps,45250.331431971346
14900,train/reward,1.3667654991149902
14900,train/actor_loss,0.017939116805791855
14900,train/critic_loss,0.15237341821193695
14900,train/entropy,-8.329113960266113
14900,train/episode_length_steps,1039.1729644539928
14900,train/fps,45254.31585940951
14910,train/reward,1.3629260063171387
14910,train/actor_loss,0.020460182800889015
14910,train/critic_loss,0.12522000074386597
14910,train/entropy,-8.309682846069336
14910,train/episode_length_steps,977.1934127239363
14910,train/fps,45258.00734971095
14920,train/reward,1.364830493927002
14920,train/actor_loss,0.013848948292434216
14920,train/critic_loss,0.14874574542045593
14920,train/entropy,-8.334098815917969
14920,train/episode_length_steps,915.7480494521833
14920,train/fps,45261.67778497884
14930,train/reward,1.366344928741455
14930,train/actor_loss,0.012363418005406857
14930,train/critic_loss,0.19903422892093658
14930,train/entropy,-8.3330659866333
14930,train/episode_length_steps,948.8958429280851
14930,train/fps,45265.29905913667
14940,train/reward,1.3657763004302979
14940,train/actor_loss,0.012406270019710064
14940,train/critic_loss,0.17354603111743927
14940,train/entropy,-8.3864107131958
14940,train/episode_length_steps,844.9113276288067
14940,train/fps,45268.854076352814
14950,train/reward,1.3679252862930298
14950,train/actor_loss,0.015940874814987183
14950,train/critic_loss,0.18625913560390472
14950,train/entropy,-8.453818321228027
14950,train/episode_length_steps,1100.2335310136384
14950,train/fps,45272.474007356024
14960,train/reward,1.3682523965835571
14960,train/actor_loss,0.011813252232968807
14960,train/critic_loss,0.14278052747249603
14960,train/entropy,-8.485475540161133
14960,train/episode_length_steps,999.549519430452
14960,train/fps,45275.799286330526
14970,train/reward,1.3672798871994019
14970,train/actor_loss,0.010353528894484043
14970,train/critic_loss,0.09787656366825104
14970,train/entropy,-8.534210205078125
14970,train/episode_length_steps,962.8367577976614
14970,train/fps,45279.24853420065
14980,train/reward,1.3670399188995361
14980,train/actor_loss,0.014560944400727749
14980,train/critic_loss,0.12714950740337372
14980,train/entropy,-8.538869857788086
14980,train/episode_length_steps,1015.0306813839508
14980,train/fps,45282.716121641526
14990,train/reward,1.36781644821167
14990,train/actor_loss,0.016924908384680748
14990,train/critic_loss,0.22172962129116058
14990,train/entropy,-8.554679870605469
14990,train/episode_length_steps,928.7253199635585
14990,train/fps,45286.38863124337
