step,tag,value
0,train/reward,0.482582151889801
0,train/actor_loss,0.02090689353644848
0,train/critic_loss,2.8135640621185303
0,train/entropy,5.678746700286865
0,train/episode_length_steps,64.15251659390358
0,train/fps,3815.553730781221
10,train/reward,0.4673311114311218
10,train/actor_loss,-0.011246909387409687
10,train/critic_loss,0.6580175757408142
10,train/entropy,5.282989025115967
10,train/episode_length_steps,67.55832216267912
10,train/fps,27905.747119213444
20,train/reward,0.5355842709541321
20,train/actor_loss,-0.00706095714122057
20,train/critic_loss,1.5519261360168457
20,train/entropy,4.60782527923584
20,train/episode_length_steps,85.94146588864463
20,train/fps,38925.10787515411
30,train/reward,0.6028503179550171
30,train/actor_loss,-0.0045903995633125305
30,train/critic_loss,4.660436630249023
30,train/entropy,4.045229911804199
30,train/episode_length_steps,110.97159587721015
30,train/fps,46411.01133148441
40,train/reward,0.6844176054000854
40,train/actor_loss,-0.0020226554479449987
40,train/critic_loss,10.286277770996094
40,train/entropy,3.5726654529571533
40,train/episode_length_steps,161.19418444754746
40,train/fps,50022.96534531232
50,train/reward,0.7584381103515625
50,train/actor_loss,-0.001742078922688961
50,train/critic_loss,12.11636734008789
50,train/entropy,3.1324641704559326
50,train/episode_length_steps,208.33814420153135
50,train/fps,53861.691509209006
60,train/reward,0.8365131616592407
60,train/actor_loss,0.0003739136445801705
60,train/critic_loss,13.410120010375977
60,train/entropy,2.7569077014923096
60,train/episode_length_steps,259.9958766278941
60,train/fps,55513.007179541775
70,train/reward,0.901321291923523
70,train/actor_loss,-0.0012203293154016137
70,train/critic_loss,12.980196952819824
70,train/entropy,2.4339160919189453
70,train/episode_length_steps,339.44950174846326
70,train/fps,57304.956859267186
80,train/reward,0.9454928636550903
80,train/actor_loss,0.0006305375136435032
80,train/critic_loss,12.023086547851562
80,train/entropy,2.0964901447296143
80,train/episode_length_steps,373.2851076192995
80,train/fps,58233.89042436251
90,train/reward,0.9809339046478271
90,train/actor_loss,0.0006423741579055786
90,train/critic_loss,10.500540733337402
90,train/entropy,1.7438734769821167
90,train/episode_length_steps,436.71586259485986
90,train/fps,59631.30943762744
100,train/reward,1.0112226009368896
100,train/actor_loss,0.001656911219470203
100,train/critic_loss,9.352864265441895
100,train/entropy,1.4230384826660156
100,train/episode_length_steps,409.43229653134074
100,train/fps,60474.02651399819
110,train/reward,1.0636987686157227
110,train/actor_loss,0.0009581485064700246
110,train/critic_loss,7.65200662612915
110,train/entropy,1.0884956121444702
110,train/episode_length_steps,545.8352345172557
110,train/fps,61049.29220082555
120,train/reward,1.0929903984069824
120,train/actor_loss,0.004951184149831533
120,train/critic_loss,3.8486695289611816
120,train/entropy,0.790824294090271
120,train/episode_length_steps,515.7653449004457
120,train/fps,61936.29318254373
130,train/reward,1.1230034828186035
130,train/actor_loss,0.004755072761327028
130,train/critic_loss,2.8119354248046875
130,train/entropy,0.5080990195274353
130,train/episode_length_steps,595.4270735573396
130,train/fps,62402.324706677624
140,train/reward,1.138506531715393
140,train/actor_loss,0.0040617529302835464
140,train/critic_loss,2.7883822917938232
140,train/entropy,0.2073972225189209
140,train/episode_length_steps,592.734430374398
140,train/fps,63093.47785289102
150,train/reward,1.1664836406707764
150,train/actor_loss,0.002754699205979705
150,train/critic_loss,2.4003756046295166
150,train/entropy,-0.08787908405065536
150,train/episode_length_steps,614.9830654443479
150,train/fps,63399.598187928284
160,train/reward,1.1944785118103027
160,train/actor_loss,0.004775309469550848
160,train/critic_loss,0.9527021646499634
160,train/entropy,-0.35308489203453064
160,train/episode_length_steps,642.0972501432806
160,train/fps,63968.71930886196
170,train/reward,1.2147465944290161
170,train/actor_loss,0.0026954261120408773
170,train/critic_loss,0.8870177268981934
170,train/entropy,-0.6041391491889954
170,train/episode_length_steps,612.1110718578947
170,train/fps,64188.01496283143
180,train/reward,1.2375776767730713
180,train/actor_loss,0.008613228797912598
180,train/critic_loss,0.6171727776527405
180,train/entropy,-0.8927115797996521
180,train/episode_length_steps,774.9729156804493
180,train/fps,64624.28825285585
190,train/reward,1.2471556663513184
190,train/actor_loss,0.006728661712259054
190,train/critic_loss,0.4286685585975647
190,train/entropy,-1.165353775024414
190,train/episode_length_steps,1073.207643669909
190,train/fps,64800.6768389398
200,train/reward,1.2595863342285156
200,train/actor_loss,0.006425520870834589
200,train/critic_loss,0.2863592207431793
200,train/entropy,-1.435589075088501
200,train/episode_length_steps,1015.0306813839508
200,train/fps,64966.798236208066
210,train/reward,1.2631776332855225
210,train/actor_loss,0.012219551019370556
210,train/critic_loss,0.3210430145263672
210,train/entropy,-1.7213958501815796
210,train/episode_length_steps,942.0756852933614
210,train/fps,65339.05493980464
220,train/reward,1.285233736038208
220,train/actor_loss,0.008237018249928951
220,train/critic_loss,0.22875137627124786
220,train/entropy,-1.99484384059906
220,train/episode_length_steps,1007.2306174500739
220,train/fps,65467.84738977985
230,train/reward,1.2840237617492676
230,train/actor_loss,0.02552138641476631
230,train/critic_loss,0.691697895526886
230,train/entropy,-2.1241021156311035
230,train/episode_length_steps,678.6686297686992
230,train/fps,65700.89691630802
240,train/reward,1.284188985824585
240,train/actor_loss,0.01457733940333128
240,train/critic_loss,0.37376996874809265
240,train/entropy,-2.2208430767059326
240,train/episode_length_steps,784.2467497605712
240,train/fps,65823.39854599576
250,train/reward,1.294296145439148
250,train/actor_loss,0.015401676297187805
250,train/critic_loss,0.39774271845817566
250,train/entropy,-2.406646728515625
250,train/episode_length_steps,850.393099192874
250,train/fps,66144.98562430004
260,train/reward,1.307265281677246
260,train/actor_loss,0.013624900951981544
260,train/critic_loss,0.2638300359249115
260,train/entropy,-2.5946927070617676
260,train/episode_length_steps,1201.0511543403513
260,train/fps,66244.81395535509
270,train/reward,1.307937502861023
270,train/actor_loss,0.01567520759999752
270,train/critic_loss,0.23774504661560059
270,train/entropy,-2.825700521469116
270,train/episode_length_steps,1015.0306813839508
270,train/fps,66411.75855406508
280,train/reward,1.322199821472168
280,train/actor_loss,0.01222661416977644
280,train/critic_loss,0.17846815288066864
280,train/entropy,-3.0567452907562256
280,train/episode_length_steps,1190.1455022611601
280,train/fps,66370.09694335102
290,train/reward,1.3318891525268555
290,train/actor_loss,0.014571577310562134
290,train/critic_loss,0.09691115468740463
290,train/entropy,-3.332458257675171
290,train/episode_length_steps,1392.4413821612484
290,train/fps,66349.21259178211
300,train/reward,1.3314321041107178
300,train/actor_loss,0.013749045319855213
300,train/critic_loss,0.07002860307693481
300,train/entropy,-3.5571095943450928
300,train/episode_length_steps,1258.7213161504762
300,train/fps,66497.50841641681
310,train/reward,1.3338088989257812
310,train/actor_loss,0.019640790298581123
310,train/critic_loss,0.06370355933904648
310,train/entropy,-3.809054136276245
310,train/episode_length_steps,1407.392797969726
310,train/fps,66501.92919850053
320,train/reward,1.333641767501831
320,train/actor_loss,0.014516815543174744
320,train/critic_loss,0.06932898610830307
320,train/entropy,-4.0169196128845215
320,train/episode_length_steps,1539.6493538810364
320,train/fps,66626.69026028844
330,train/reward,1.3280448913574219
330,train/actor_loss,0.03755767643451691
330,train/critic_loss,0.06428880244493484
330,train/entropy,-4.209505558013916
330,train/episode_length_steps,1128.6557313446654
330,train/fps,66677.09211241403
340,train/reward,1.329779863357544
340,train/actor_loss,0.024721583351492882
340,train/critic_loss,0.18228165805339813
340,train/entropy,-4.3741068840026855
340,train/episode_length_steps,1022.9524966434373
340,train/fps,66881.73071942739
350,train/reward,1.330887794494629
350,train/actor_loss,0.028583167120814323
350,train/critic_loss,0.12569384276866913
350,train/entropy,-4.47656774520874
350,train/episode_length_steps,922.191032232558
350,train/fps,66949.25493956778
360,train/reward,1.3293206691741943
360,train/actor_loss,0.0806967243552208
360,train/critic_loss,0.3598705232143402
360,train/entropy,-4.4673919677734375
360,train/episode_length_steps,748.4223016690037
360,train/fps,67153.6054502287
370,train/reward,1.3259379863739014
370,train/actor_loss,0.039197761565446854
370,train/critic_loss,0.3361152112483978
370,train/entropy,-4.474026203155518
370,train/episode_length_steps,798.5812704616955
370,train/fps,67211.65769901116
380,train/reward,1.3321540355682373
380,train/actor_loss,0.015816181898117065
380,train/critic_loss,0.10521190613508224
380,train/entropy,-4.574767589569092
380,train/episode_length_steps,999.549519430452
380,train/fps,66893.54837652438
390,train/reward,1.335913896560669
390,train/actor_loss,0.02353162318468094
390,train/critic_loss,0.13126567006111145
390,train/entropy,-4.7090911865234375
390,train/episode_length_steps,896.9481863514969
390,train/fps,67006.81925948782
400,train/reward,1.3242771625518799
400,train/actor_loss,0.016370311379432678
400,train/critic_loss,0.22748422622680664
400,train/entropy,-4.740856647491455
400,train/episode_length_steps,696.70575204079
400,train/fps,67019.80295212005
410,train/reward,1.328132152557373
410,train/actor_loss,0.026794159784913063
410,train/critic_loss,0.22567503154277802
410,train/entropy,-4.849883556365967
410,train/episode_length_steps,654.9307845610301
410,train/fps,67195.86150463272
420,train/reward,1.3363900184631348
420,train/actor_loss,0.025457797572016716
420,train/critic_loss,0.23722992837429047
420,train/entropy,-4.94208288192749
420,train/episode_length_steps,803.4766056095065
420,train/fps,67219.82798036125
430,train/reward,1.3373491764068604
430,train/actor_loss,0.024449769407510757
430,train/critic_loss,0.2367309331893921
430,train/entropy,-5.010554313659668
430,train/episode_length_steps,770.4177635464497
430,train/fps,67381.87079609292
440,train/reward,1.342185616493225
440,train/actor_loss,0.029696285724639893
440,train/critic_loss,0.24172194302082062
440,train/entropy,-5.111964702606201
440,train/episode_length_steps,948.8958429280851
440,train/fps,67406.2202241711
450,train/reward,1.3448126316070557
450,train/actor_loss,0.02172793447971344
450,train/critic_loss,0.26488205790519714
450,train/entropy,-5.13165807723999
450,train/episode_length_steps,834.1571042040623
450,train/fps,67560.94445063281
460,train/reward,1.3402718305587769
460,train/actor_loss,0.02400074154138565
460,train/critic_loss,0.16357266902923584
460,train/entropy,-5.154310703277588
460,train/episode_length_steps,798.5812704616955
460,train/fps,67601.37831367383
470,train/reward,1.3434429168701172
470,train/actor_loss,0.020540757104754448
470,train/critic_loss,0.43699851632118225
470,train/entropy,-5.25167179107666
470,train/episode_length_steps,808.432328135103
470,train/fps,67591.97909443986
480,train/reward,1.3516782522201538
480,train/actor_loss,0.01471394021064043
480,train/critic_loss,0.26606184244155884
480,train/entropy,-5.241922378540039
480,train/episode_length_steps,942.0756852933614
480,train/fps,67712.12513958222
490,train/reward,1.3401111364364624
490,train/actor_loss,0.02450534701347351
490,train/critic_loss,0.32459014654159546
490,train/entropy,-5.238513946533203
490,train/episode_length_steps,813.4495623538085
490,train/fps,67718.35765463802
500,train/reward,1.3422819375991821
500,train/actor_loss,0.022634873166680336
500,train/critic_loss,0.5265346765518188
500,train/entropy,-5.1688313484191895
500,train/episode_length_steps,873.0504502092679
500,train/fps,67859.75436306013
510,train/reward,1.3484339714050293
510,train/actor_loss,0.02159823104739189
510,train/critic_loss,0.19705422222614288
510,train/entropy,-5.172142028808594
510,train/episode_length_steps,1190.1455022611601
510,train/fps,67439.63999467935
520,train/reward,1.348015308380127
520,train/actor_loss,0.01645798049867153
520,train/critic_loss,0.1233692318201065
520,train/entropy,-5.219559669494629
520,train/episode_length_steps,1082.0675309469727
520,train/fps,67588.55185957193
530,train/reward,1.3484995365142822
530,train/actor_loss,0.028262276202440262
530,train/critic_loss,0.5529399514198303
530,train/entropy,-5.271209716796875
530,train/episode_length_steps,935.352867349791
530,train/fps,67592.94405743734
540,train/reward,1.3488247394561768
540,train/actor_loss,0.017216341570019722
540,train/critic_loss,0.2571829557418823
540,train/entropy,-5.295844554901123
540,train/episode_length_steps,1201.0511543403513
540,train/fps,67606.65421227779
550,train/reward,1.3415733575820923
550,train/actor_loss,0.027629857882857323
550,train/critic_loss,0.6252120733261108
550,train/entropy,-5.37123441696167
550,train/episode_length_steps,671.7126014661571
550,train/fps,67739.23842923512
560,train/reward,1.3413704633712769
560,train/actor_loss,0.02710319496691227
560,train/critic_loss,0.28923118114471436
560,train/entropy,-5.269134521484375
560,train/episode_length_steps,977.1934127239363
560,train/fps,67726.51614492071
570,train/reward,1.3386974334716797
570,train/actor_loss,0.020507263019680977
570,train/critic_loss,0.3122595250606537
570,train/entropy,-5.243163585662842
570,train/episode_length_steps,867.2736735434524
570,train/fps,67858.13157548376
580,train/reward,1.3261358737945557
580,train/actor_loss,0.03279230743646622
580,train/critic_loss,0.8220111727714539
580,train/entropy,-5.201705455780029
580,train/episode_length_steps,467.89525726014426
580,train/fps,67849.22236322415
590,train/reward,1.3291488885879517
590,train/actor_loss,0.03172757104039192
590,train/critic_loss,0.2912212014198303
590,train/entropy,-5.091811656951904
590,train/episode_length_steps,603.6538151481149
590,train/fps,67986.6884836787
600,train/reward,1.3297085762023926
600,train/actor_loss,0.016825657337903976
600,train/critic_loss,0.347418874502182
600,train/entropy,-5.048360347747803
600,train/episode_length_steps,629.7570023566689
600,train/fps,67953.48070718662
610,train/reward,1.3433632850646973
610,train/actor_loss,0.01612004078924656
610,train/critic_loss,0.39253315329551697
610,train/entropy,-5.053564548492432
610,train/episode_length_steps,798.5812704616955
610,train/fps,68103.6126597
620,train/reward,1.338035225868225
620,train/actor_loss,0.017616745084524155
620,train/critic_loss,0.4034571349620819
620,train/entropy,-5.0795769691467285
620,train/episode_length_steps,735.817724153145
620,train/fps,68058.47037732977
630,train/reward,1.3421118259429932
630,train/actor_loss,0.013164837844669819
630,train/critic_loss,0.2847207486629486
630,train/entropy,-5.121556282043457
630,train/episode_length_steps,700.4288416623831
630,train/fps,68198.63052780983
640,train/reward,1.349212646484375
640,train/actor_loss,0.016174523159861565
640,train/critic_loss,0.11173029243946075
640,train/entropy,-5.235988616943359
640,train/episode_length_steps,1064.4916662465182
640,train/fps,68167.6260120701
650,train/reward,1.34370756149292
650,train/actor_loss,0.01512985210865736
650,train/critic_loss,0.23135490715503693
650,train/entropy,-5.308538913726807
650,train/episode_length_steps,757.0680322478452
650,train/fps,68292.84300583316
660,train/reward,1.3479982614517212
660,train/actor_loss,0.021144861355423927
660,train/critic_loss,0.18743865191936493
660,train/entropy,-5.409427642822266
660,train/episode_length_steps,890.8519337098286
660,train/fps,68266.94974005125
670,train/reward,1.3493086099624634
670,train/actor_loss,0.02385217323899269
670,train/critic_loss,0.21906745433807373
670,train/entropy,-5.446964740753174
670,train/episode_length_steps,962.8367577976614
670,train/fps,68252.82407847425
680,train/reward,1.3424817323684692
680,train/actor_loss,0.013438059948384762
680,train/critic_loss,0.3193156123161316
680,train/entropy,-5.436561107635498
680,train/episode_length_steps,948.8958429280851
680,train/fps,68342.36392311787
690,train/reward,1.3433414697647095
690,train/actor_loss,0.017968332394957542
690,train/critic_loss,0.3530893921852112
690,train/entropy,-5.4079508781433105
690,train/episode_length_steps,999.549519430452
690,train/fps,68332.0915526195
700,train/reward,1.3537033796310425
700,train/actor_loss,0.013772251084446907
700,train/critic_loss,0.14662691950798035
700,train/entropy,-5.415002346038818
700,train/episode_length_steps,1119.0198959333352
700,train/fps,68439.26854074906
710,train/reward,1.3513450622558594
710,train/actor_loss,0.01788022182881832
710,train/critic_loss,0.16699746251106262
710,train/entropy,-5.50642728805542
710,train/episode_length_steps,1039.1729644539928
710,train/fps,68401.64112678294
720,train/reward,1.3508830070495605
720,train/actor_loss,0.01758241094648838
720,train/critic_loss,0.33827412128448486
720,train/entropy,-5.579940319061279
720,train/episode_length_steps,1047.4776400860692
720,train/fps,68485.44210435334
730,train/reward,1.3529530763626099
730,train/actor_loss,0.014519873075187206
730,train/critic_loss,0.15564508736133575
730,train/entropy,-5.5853118896484375
730,train/episode_length_steps,1064.4916662465182
730,train/fps,68454.86792064233
740,train/reward,1.3511767387390137
740,train/actor_loss,0.019327055662870407
740,train/critic_loss,0.14352667331695557
740,train/entropy,-5.628803253173828
740,train/episode_length_steps,942.0756852933614
740,train/fps,68556.98369720633
750,train/reward,1.3471795320510864
750,train/actor_loss,0.03395186737179756
750,train/critic_loss,0.2390236109495163
750,train/entropy,-5.617223262786865
750,train/episode_length_steps,1082.0675309469727
750,train/fps,68542.91910931477
760,train/reward,1.3474748134613037
760,train/actor_loss,0.018789589405059814
760,train/critic_loss,0.1863601952791214
760,train/entropy,-5.576075553894043
760,train/episode_length_steps,1091.074921898641
760,train/fps,68640.51591331915
770,train/reward,1.348158597946167
770,train/actor_loss,0.0261768139898777
770,train/critic_loss,0.19458864629268646
770,train/entropy,-5.584996700286865
770,train/episode_length_steps,935.352867349791
770,train/fps,68633.52718577595
780,train/reward,1.3473421335220337
780,train/actor_loss,0.025830432772636414
780,train/critic_loss,0.26735901832580566
780,train/entropy,-5.543141841888428
780,train/episode_length_steps,922.191032232558
780,train/fps,68722.94264694201
790,train/reward,1.3488438129425049
790,train/actor_loss,0.017741870135068893
790,train/critic_loss,0.1176149770617485
790,train/entropy,-5.5974650382995605
790,train/episode_length_steps,977.1934127239363
790,train/fps,68712.79482932709
800,train/reward,1.3505101203918457
800,train/actor_loss,0.02053436078131199
800,train/critic_loss,0.1535080522298813
800,train/entropy,-5.656039714813232
800,train/episode_length_steps,984.5334979350276
800,train/fps,68796.73119217329
810,train/reward,1.3488315343856812
810,train/actor_loss,0.014404858462512493
810,train/critic_loss,0.07094554603099823
810,train/entropy,-5.710565090179443
810,train/episode_length_steps,1022.9524966434373
810,train/fps,68779.88280588847
820,train/reward,1.346501111984253
820,train/actor_loss,0.017385974526405334
820,train/critic_loss,0.0434781089425087
820,train/entropy,-5.868289947509766
820,train/episode_length_steps,984.5334979350276
820,train/fps,68774.07741636416
830,train/reward,1.3502180576324463
830,train/actor_loss,0.01665721833705902
830,train/critic_loss,0.07081989198923111
830,train/entropy,-6.001758098602295
830,train/episode_length_steps,855.9464665668899
830,train/fps,68857.7490102386
840,train/reward,1.3508156538009644
840,train/actor_loss,0.01983298920094967
840,train/critic_loss,0.0814724713563919
840,train/entropy,-6.0820770263671875
840,train/episode_length_steps,867.2736735434524
840,train/fps,68938.58270257359
850,train/reward,1.3517601490020752
850,train/actor_loss,0.016456784680485725
850,train/critic_loss,0.054853785783052444
850,train/entropy,-6.157203197479248
850,train/episode_length_steps,896.9481863514969
850,train/fps,68887.18926640328
860,train/reward,1.3597936630249023
860,train/actor_loss,0.021438928321003914
860,train/critic_loss,0.07104156166315079
860,train/entropy,-6.267739295959473
860,train/episode_length_steps,1082.0675309469727
860,train/fps,68963.19107133783
870,train/reward,1.3539527654647827
870,train/actor_loss,0.01524469442665577
870,train/critic_loss,0.06230400875210762
870,train/entropy,-6.340096950531006
870,train/episode_length_steps,861.5728416085835
870,train/fps,68947.36141046898
880,train/reward,1.3544167280197144
880,train/actor_loss,0.021162455901503563
880,train/critic_loss,0.06163506582379341
880,train/entropy,-6.336362838745117
880,train/episode_length_steps,808.432328135103
880,train/fps,69026.71004872175
890,train/reward,1.3597567081451416
890,train/actor_loss,0.017950644716620445
890,train/critic_loss,0.07364825904369354
890,train/entropy,-6.335839748382568
890,train/episode_length_steps,1082.0675309469727
890,train/fps,69016.09551136273
900,train/reward,1.3556801080703735
900,train/actor_loss,0.028012603521347046
900,train/critic_loss,0.2213846743106842
900,train/entropy,-6.354512691497803
900,train/episode_length_steps,765.9158472401787
900,train/fps,69094.18464104638
910,train/reward,1.3568120002746582
910,train/actor_loss,0.025590835139155388
910,train/critic_loss,0.2396887093782425
910,train/entropy,-6.219230651855469
910,train/episode_length_steps,878.9046993506491
910,train/fps,69084.78507876408
920,train/reward,1.3545048236846924
920,train/actor_loss,0.019466383382678032
920,train/critic_loss,0.16748952865600586
920,train/entropy,-6.179599285125732
920,train/episode_length_steps,935.352867349791
920,train/fps,69160.48284453525
930,train/reward,1.356034278869629
930,train/actor_loss,0.022214440628886223
930,train/critic_loss,0.0948057770729065
930,train/entropy,-6.223389625549316
930,train/episode_length_steps,1073.207643669909
930,train/fps,69149.81881441739
940,train/reward,1.35362708568573
940,train/actor_loss,0.017040347680449486
940,train/critic_loss,0.07029605656862259
940,train/entropy,-6.263352394104004
940,train/episode_length_steps,1082.0675309469727
940,train/fps,69222.48341980498
950,train/reward,1.3587584495544434
950,train/actor_loss,0.029245516285300255
950,train/critic_loss,0.06287597864866257
950,train/entropy,-6.257883548736572
950,train/episode_length_steps,1138.4589557196166
950,train/fps,69208.59707018921
960,train/reward,1.360601782798767
960,train/actor_loss,0.01901397295296192
960,train/critic_loss,0.09089718014001846
960,train/entropy,-6.2949957847595215
960,train/episode_length_steps,1138.4589557196166
960,train/fps,69282.09481967083
970,train/reward,1.355931043624878
970,train/actor_loss,0.01942761242389679
970,train/critic_loss,0.16454358398914337
970,train/entropy,-6.27288818359375
970,train/episode_length_steps,977.1934127239363
970,train/fps,69266.97832334804
980,train/reward,1.356945514678955
980,train/actor_loss,0.01488475687801838
980,train/critic_loss,0.08583305776119232
980,train/entropy,-6.2561936378479
980,train/episode_length_steps,1128.6557313446654
980,train/fps,69261.90848559471
990,train/reward,1.353826642036438
990,train/actor_loss,0.014616544358432293
990,train/critic_loss,0.0907127857208252
990,train/entropy,-6.2900919914245605
990,train/episode_length_steps,1039.1729644539928
990,train/fps,69325.86832235119
1000,train/reward,1.3602063655853271
1000,train/actor_loss,0.016006849706172943
1000,train/critic_loss,0.10772757977247238
1000,train/entropy,-6.410621643066406
1000,train/episode_length_steps,1030.9989362789295
1000,train/fps,69320.46703269855
1000,eval/med_figure8_normal,0.09944959729909897
1010,train/reward,1.3625950813293457
1010,train/actor_loss,0.01485496200621128
1010,train/critic_loss,0.041524745523929596
1010,train/entropy,-6.500518321990967
1010,train/episode_length_steps,1190.1455022611601
1010,train/fps,54554.263511675934
1020,train/reward,1.3569504022598267
1020,train/actor_loss,0.02139335684478283
1020,train/critic_loss,0.055676352232694626
1020,train/entropy,-6.640834808349609
1020,train/episode_length_steps,935.352867349791
1020,train/fps,54668.76151582204
1030,train/reward,1.3574347496032715
1030,train/actor_loss,0.029138395562767982
1030,train/critic_loss,0.11430761963129044
1030,train/entropy,-6.712381839752197
1030,train/episode_length_steps,928.7253199635585
1030,train/fps,54829.53828152819
1040,train/reward,1.3609875440597534
1040,train/actor_loss,0.018786614760756493
1040,train/critic_loss,0.05434126406908035
1040,train/entropy,-6.8147783279418945
1040,train/episode_length_steps,984.5334979350276
1040,train/fps,54940.94437444029
1050,train/reward,1.359229326248169
1050,train/actor_loss,0.017847953364253044
1050,train/critic_loss,0.03812010958790779
1050,train/entropy,-6.9059319496154785
1050,train/episode_length_steps,999.549519430452
1050,train/fps,55099.895340092444
1060,train/reward,1.3577473163604736
1060,train/actor_loss,0.026060650125145912
1060,train/critic_loss,0.09206908196210861
1060,train/entropy,-6.979859828948975
1060,train/episode_length_steps,1015.0306813839508
1060,train/fps,55200.49352609851
1070,train/reward,1.3557214736938477
1070,train/actor_loss,0.019657855853438377
1070,train/critic_loss,0.0585070364177227
1070,train/entropy,-7.018825054168701
1070,train/episode_length_steps,1030.9989362789295
1070,train/fps,55357.39137551878
1080,train/reward,1.361545443534851
1080,train/actor_loss,0.021441390737891197
1080,train/critic_loss,0.047491785138845444
1080,train/entropy,-7.0182623863220215
1080,train/episode_length_steps,873.0504502092679
1080,train/fps,55458.85171574222
1090,train/reward,1.3562259674072266
1090,train/actor_loss,0.0258770938962698
1090,train/critic_loss,0.0825517475605011
1090,train/entropy,-6.928826808929443
1090,train/episode_length_steps,942.0756852933614
1090,train/fps,55612.09744394407
1100,train/reward,1.3509222269058228
1100,train/actor_loss,0.027535835281014442
1100,train/critic_loss,0.09575702995061874
1100,train/entropy,-6.865998268127441
1100,train/episode_length_steps,969.9619640403653
1100,train/fps,55710.728544891586
1110,train/reward,1.3418062925338745
1110,train/actor_loss,0.05545492842793465
1110,train/critic_loss,0.7889429330825806
1110,train/entropy,-6.823067665100098
1110,train/episode_length_steps,850.393099192874
1110,train/fps,55811.767419558106
1120,train/reward,1.3346142768859863
1120,train/actor_loss,0.044177211821079254
1120,train/critic_loss,0.4348072111606598
1120,train/entropy,-6.646050453186035
1120,train/episode_length_steps,661.5418706259259
1120,train/fps,55946.01937395877
1130,train/reward,1.33591890335083
1130,train/actor_loss,0.0402553454041481
1130,train/critic_loss,0.29654502868652344
1130,train/entropy,-6.487668037414551
1130,train/episode_length_steps,693.0220328894451
1130,train/fps,56048.449247714096
1140,train/reward,1.338700532913208
1140,train/actor_loss,0.025942841544747353
1140,train/critic_loss,0.3137550950050354
1140,train/entropy,-6.36924409866333
1140,train/episode_length_steps,828.8820049231059
1140,train/fps,56192.42466608865
1150,train/reward,1.3342689275741577
1150,train/actor_loss,0.024755049496889114
1150,train/critic_loss,0.37279823422431946
1150,train/entropy,-6.279730796813965
1150,train/episode_length_steps,689.3770629978882
1150,train/fps,56270.7854116183
1160,train/reward,1.329362154006958
1160,train/actor_loss,0.027698278427124023
1160,train/critic_loss,0.5103592872619629
1160,train/entropy,-6.211833953857422
1160,train/episode_length_steps,574.5468990738798
1160,train/fps,56411.368201632715
1170,train/reward,1.340596318244934
1170,train/actor_loss,0.01745382323861122
1170,train/critic_loss,0.37900325655937195
1170,train/entropy,-6.1377482414245605
1170,train/episode_length_steps,788.9674003909396
1170,train/fps,56488.39858048006
1180,train/reward,1.3384095430374146
1180,train/actor_loss,0.019151929765939713
1180,train/critic_loss,0.25719961524009705
1180,train/entropy,-6.109842777252197
1180,train/episode_length_steps,803.4766056095065
1180,train/fps,56626.88420187308
1190,train/reward,1.3297783136367798
1190,train/actor_loss,0.012115558609366417
1190,train/critic_loss,0.3316507339477539
1190,train/entropy,-6.040205478668213
1190,train/episode_length_steps,723.6306755806095
1190,train/fps,56701.06958064533
1200,train/reward,1.3407599925994873
1200,train/actor_loss,0.01801302284002304
1200,train/critic_loss,0.24062474071979523
1200,train/entropy,-6.02916145324707
1200,train/episode_length_steps,839.499776188048
1200,train/fps,56836.20671291779
1210,train/reward,1.339205026626587
1210,train/actor_loss,0.02054622583091259
1210,train/critic_loss,0.2648361325263977
1210,train/entropy,-5.9909796714782715
1210,train/episode_length_steps,922.191032232558
1210,train/fps,56907.39785301736
1220,train/reward,1.3379013538360596
1220,train/actor_loss,0.01703280583024025
1220,train/critic_loss,0.2802700400352478
1220,train/entropy,-5.990298271179199
1220,train/episode_length_steps,808.432328135103
1220,train/fps,57040.412381867245
1230,train/reward,1.3437424898147583
1230,train/actor_loss,0.012860042043030262
1230,train/critic_loss,0.18511870503425598
1230,train/entropy,-5.996265411376953
1230,train/episode_length_steps,962.8367577976614
1230,train/fps,57111.61247767674
1240,train/reward,1.3433656692504883
1240,train/actor_loss,0.01290295459330082
1240,train/critic_loss,0.2827155292034149
1240,train/entropy,-6.029372692108154
1240,train/episode_length_steps,890.8519337098286
1240,train/fps,57239.29997816346
1250,train/reward,1.3473231792449951
1250,train/actor_loss,0.015297106467187405
1250,train/critic_loss,0.13890157639980316
1250,train/entropy,-6.0721659660339355
1250,train/episode_length_steps,915.7480494521833
1250,train/fps,57308.4630032612
1260,train/reward,1.3389583826065063
1260,train/actor_loss,0.01179773174226284
1260,train/critic_loss,0.19943997263908386
1260,train/entropy,-6.115954875946045
1260,train/episode_length_steps,922.191032232558
1260,train/fps,57430.154299379006
1270,train/reward,1.334108591079712
1270,train/actor_loss,0.015334215946495533
1270,train/critic_loss,0.29276078939437866
1270,train/entropy,-6.146923542022705
1270,train/episode_length_steps,948.8958429280851
1270,train/fps,57500.742724274736
1280,train/reward,1.3342081308364868
1280,train/actor_loss,0.013028125278651714
1280,train/critic_loss,0.23676514625549316
1280,train/entropy,-6.161073207855225
1280,train/episode_length_steps,839.499776188048
1280,train/fps,57617.19524731717
1290,train/reward,1.3339089155197144
1290,train/actor_loss,0.01376914419233799
1290,train/critic_loss,0.19811050593852997
1290,train/entropy,-6.175289154052734
1290,train/episode_length_steps,896.9481863514969
1290,train/fps,57687.61142711977
1300,train/reward,1.3421725034713745
1300,train/actor_loss,0.015333822928369045
1300,train/critic_loss,0.17463533580303192
1300,train/entropy,-6.204133987426758
1300,train/episode_length_steps,1055.9161206631647
1300,train/fps,57799.04852935993
1310,train/reward,1.3435022830963135
1310,train/actor_loss,0.01658535934984684
1310,train/critic_loss,0.19619624316692352
1310,train/entropy,-6.1483330726623535
1310,train/episode_length_steps,984.5334979350276
1310,train/fps,57871.35284825502
1320,train/reward,1.3473782539367676
1320,train/actor_loss,0.01615518145263195
1320,train/critic_loss,0.19911335408687592
1320,train/entropy,-6.212062358856201
1320,train/episode_length_steps,844.9113276288067
1320,train/fps,57933.83799498313
1330,train/reward,1.3496737480163574
1330,train/actor_loss,0.014542566612362862
1330,train/critic_loss,0.10987712442874908
1330,train/entropy,-6.296566009521484
1330,train/episode_length_steps,928.7253199635585
1330,train/fps,58050.62218167392
1340,train/reward,1.3488314151763916
1340,train/actor_loss,0.020786546170711517
1340,train/critic_loss,0.15416336059570312
1340,train/entropy,-6.377656936645508
1340,train/episode_length_steps,977.1934127239363
1340,train/fps,58109.76426249837
1350,train/reward,1.3510979413986206
1350,train/actor_loss,0.013334685936570168
1350,train/critic_loss,0.12343642860651016
1350,train/entropy,-6.409585475921631
1350,train/episode_length_steps,834.1571042040623
1350,train/fps,58215.48915852499
1360,train/reward,1.355956792831421
1360,train/actor_loss,0.01296947430819273
1360,train/critic_loss,0.09031455963850021
1360,train/entropy,-6.458176612854004
1360,train/episode_length_steps,855.9464665668899
1360,train/fps,58279.302317977956
1370,train/reward,1.3571853637695312
1370,train/actor_loss,0.012591540813446045
1370,train/critic_loss,0.055504947900772095
1370,train/entropy,-6.52077054977417
1370,train/episode_length_steps,896.9481863514969
1370,train/fps,58382.38774238781
1380,train/reward,1.3526639938354492
1380,train/actor_loss,0.016425881534814835
1380,train/critic_loss,0.05937153846025467
1380,train/entropy,-6.634761333465576
1380,train/episode_length_steps,834.1571042040623
1380,train/fps,58443.638847990354
1390,train/reward,1.3601446151733398
1390,train/actor_loss,0.019989855587482452
1390,train/critic_loss,0.06564077734947205
1390,train/entropy,-6.68226957321167
1390,train/episode_length_steps,1039.1729644539928
1390,train/fps,58544.77281550941
1400,train/reward,1.3576056957244873
1400,train/actor_loss,0.014524060301482677
1400,train/critic_loss,0.04489361122250557
1400,train/entropy,-6.705692291259766
1400,train/episode_length_steps,999.549519430452
1400,train/fps,58603.92358306209
1410,train/reward,1.353344440460205
1410,train/actor_loss,0.0173939298838377
1410,train/critic_loss,0.04274117574095726
1410,train/entropy,-6.748650550842285
1410,train/episode_length_steps,788.9674003909396
1410,train/fps,58702.942757806886
1420,train/reward,1.3599697351455688
1420,train/actor_loss,0.015180460177361965
1420,train/critic_loss,0.051639970391988754
1420,train/entropy,-6.81232213973999
1420,train/episode_length_steps,1109.547198555855
1420,train/fps,58761.832000714676
1430,train/reward,1.3595948219299316
1430,train/actor_loss,0.016004011034965515
1430,train/critic_loss,0.044331956654787064
1430,train/entropy,-6.865043640136719
1430,train/episode_length_steps,1064.4916662465182
1430,train/fps,58858.81652479023
1440,train/reward,1.356335163116455
1440,train/actor_loss,0.014473283663392067
1440,train/critic_loss,0.07886636257171631
1440,train/entropy,-6.864196300506592
1440,train/episode_length_steps,890.8519337098286
1440,train/fps,58916.61177474892
1450,train/reward,1.3611528873443604
1450,train/actor_loss,0.019064370542764664
1450,train/critic_loss,0.04486497864127159
1450,train/entropy,-6.929806709289551
1450,train/episode_length_steps,1073.207643669909
1450,train/fps,59013.1789794412
1460,train/reward,1.3607053756713867
1460,train/actor_loss,0.01785084418952465
1460,train/critic_loss,0.03244474157691002
1460,train/entropy,-6.991240978240967
1460,train/episode_length_steps,1082.0675309469727
1460,train/fps,59068.33663934833
1470,train/reward,1.3590977191925049
1470,train/actor_loss,0.014294194057583809
1470,train/critic_loss,0.04547528550028801
1470,train/entropy,-7.054450988769531
1470,train/episode_length_steps,942.0756852933614
1470,train/fps,59162.729274952144
1480,train/reward,1.3632895946502686
1480,train/actor_loss,0.02355443872511387
1480,train/critic_loss,0.09191346168518066
1480,train/entropy,-7.15985631942749
1480,train/episode_length_steps,1168.9177465457567
1480,train/fps,59216.592534201394
1490,train/reward,1.35988450050354
1490,train/actor_loss,0.016210414469242096
1490,train/critic_loss,0.07158517092466354
1490,train/entropy,-7.235984802246094
1490,train/episode_length_steps,915.7480494521833
1490,train/fps,59308.25562073234
1500,train/reward,1.3605000972747803
1500,train/actor_loss,0.012988418340682983
1500,train/critic_loss,0.03920154646039009
1500,train/entropy,-7.270991802215576
1500,train/episode_length_steps,969.9619640403653
1500,train/fps,59360.926894721626
1510,train/reward,1.3609864711761475
1510,train/actor_loss,0.02063746564090252
1510,train/critic_loss,0.12144290655851364
1510,train/entropy,-7.319465637207031
1510,train/episode_length_steps,1091.074921898641
1510,train/fps,59409.70337400411
1520,train/reward,1.3646392822265625
1520,train/actor_loss,0.019949784502387047
1520,train/critic_loss,0.03556012734770775
1520,train/entropy,-7.317103862762451
1520,train/episode_length_steps,1100.2335310136384
1520,train/fps,59499.5658427927
1530,train/reward,1.361165165901184
1530,train/actor_loss,0.013977768830955029
1530,train/critic_loss,0.05114826187491417
1530,train/entropy,-7.3734965324401855
1530,train/episode_length_steps,977.1934127239363
1530,train/fps,59550.03285534472
1540,train/reward,1.3598482608795166
1540,train/actor_loss,0.014098879881203175
1540,train/critic_loss,0.05298606678843498
1540,train/entropy,-7.348389625549316
1540,train/episode_length_steps,991.9846862364063
1540,train/fps,59638.38806628691
1550,train/reward,1.3604592084884644
1550,train/actor_loss,0.019628120586276054
1550,train/critic_loss,0.05162479355931282
1550,train/entropy,-7.325572490692139
1550,train/episode_length_steps,1128.6557313446654
1550,train/fps,59687.3384625236
1560,train/reward,1.3600564002990723
1560,train/actor_loss,0.018722137436270714
1560,train/critic_loss,0.08082538098096848
1560,train/entropy,-7.320540904998779
1560,train/episode_length_steps,948.8958429280851
1560,train/fps,59773.07832601721
1570,train/reward,1.361401915550232
1570,train/actor_loss,0.014781436882913113
1570,train/critic_loss,0.05229886993765831
1570,train/entropy,-7.364556312561035
1570,train/episode_length_steps,873.0504502092679
1570,train/fps,59820.90561950345
1580,train/reward,1.3605411052703857
1580,train/actor_loss,0.02229250781238079
1580,train/critic_loss,0.03911938890814781
1580,train/entropy,-7.442544460296631
1580,train/episode_length_steps,977.1934127239363
1580,train/fps,59910.52604902236
1590,train/reward,1.3614134788513184
1590,train/actor_loss,0.02699536457657814
1590,train/critic_loss,0.08728440850973129
1590,train/entropy,-7.449406623840332
1590,train/episode_length_steps,1082.0675309469727
1590,train/fps,59943.68949219568
1600,train/reward,1.3572858572006226
1600,train/actor_loss,0.018224963918328285
1600,train/critic_loss,0.061233896762132645
1600,train/entropy,-7.498047828674316
1600,train/episode_length_steps,884.8379899660755
1600,train/fps,60025.349474665476
1610,train/reward,1.3615243434906006
1610,train/actor_loss,0.01858660951256752
1610,train/critic_loss,0.05319087579846382
1610,train/entropy,-7.556530952453613
1610,train/episode_length_steps,878.9046993506491
1610,train/fps,60077.425293956876
1620,train/reward,1.3612617254257202
1620,train/actor_loss,0.02179756760597229
1620,train/critic_loss,0.08579175174236298
1620,train/entropy,-7.612379550933838
1620,train/episode_length_steps,922.191032232558
1620,train/fps,60160.99267031913
1630,train/reward,1.3547685146331787
1630,train/actor_loss,0.033158671110868454
1630,train/critic_loss,0.12213529646396637
1630,train/entropy,-7.550593852996826
1630,train/episode_length_steps,828.8820049231059
1630,train/fps,60204.694717257466
1640,train/reward,1.365858793258667
1640,train/actor_loss,0.01955169066786766
1640,train/critic_loss,0.05775129422545433
1640,train/entropy,-7.5283203125
1640,train/episode_length_steps,1055.9161206631647
1640,train/fps,60285.5418767231
1650,train/reward,1.3598500490188599
1650,train/actor_loss,0.034515004605054855
1650,train/critic_loss,0.051965322345495224
1650,train/entropy,-7.486327648162842
1650,train/episode_length_steps,1030.9989362789295
1650,train/fps,60328.72313061891
1660,train/reward,1.3592705726623535
1660,train/actor_loss,0.03598817065358162
1660,train/critic_loss,0.02175626903772354
1660,train/entropy,-7.445897102355957
1660,train/episode_length_steps,774.9729156804493
1660,train/fps,60408.17420082288
1670,train/reward,1.3657667636871338
1670,train/actor_loss,0.028255729004740715
1670,train/critic_loss,0.03309469670057297
1670,train/entropy,-7.543037414550781
1670,train/episode_length_steps,1168.9177465457567
1670,train/fps,60450.032800731846
1680,train/reward,1.353653907775879
1680,train/actor_loss,0.03010103665292263
1680,train/critic_loss,0.2736443877220154
1680,train/entropy,-7.456790447235107
1680,train/episode_length_steps,922.191032232558
1680,train/fps,60491.99091922204
1690,train/reward,1.3518927097320557
1690,train/actor_loss,0.03224802762269974
1690,train/critic_loss,0.1222350150346756
1690,train/entropy,-7.2438554763793945
1690,train/episode_length_steps,896.9481863514969
1690,train/fps,60569.98337722449
1700,train/reward,1.3600929975509644
1700,train/actor_loss,0.022725483402609825
1700,train/critic_loss,0.05824730545282364
1700,train/entropy,-7.16897439956665
1700,train/episode_length_steps,1047.4776400860692
1700,train/fps,60610.764520281584
1710,train/reward,1.3616735935211182
1710,train/actor_loss,0.024309854954481125
1710,train/critic_loss,0.05583467707037926
1710,train/entropy,-7.233600616455078
1710,train/episode_length_steps,1119.0198959333352
1710,train/fps,60687.20449411626
1720,train/reward,1.3592720031738281
1720,train/actor_loss,0.022522451356053352
1720,train/critic_loss,0.03453187271952629
1720,train/entropy,-7.287463665008545
1720,train/episode_length_steps,928.7253199635585
1720,train/fps,60726.88121403033
1730,train/reward,1.361825942993164
1730,train/actor_loss,0.02313854731619358
1730,train/critic_loss,0.09350212663412094
1730,train/entropy,-7.330410003662109
1730,train/episode_length_steps,1168.9177465457567
1730,train/fps,60803.595768801904
1740,train/reward,1.3564152717590332
1740,train/actor_loss,0.02276344783604145
1740,train/critic_loss,0.08944404125213623
1740,train/entropy,-7.280147552490234
1740,train/episode_length_steps,948.8958429280851
1740,train/fps,60840.7424706156
1750,train/reward,1.3540785312652588
1750,train/actor_loss,0.0153533099219203
1750,train/critic_loss,0.06124080345034599
1750,train/entropy,-7.251965522766113
1750,train/episode_length_steps,969.9619640403653
1750,train/fps,60916.45483736084
1760,train/reward,1.35577392578125
1760,train/actor_loss,0.018614744767546654
1760,train/critic_loss,0.042868297547101974
1760,train/entropy,-7.239644527435303
1760,train/episode_length_steps,1128.6557313446654
1760,train/fps,60950.15913739522
1770,train/reward,1.360408067703247
1770,train/actor_loss,0.020658103749155998
1770,train/critic_loss,0.05587399750947952
1770,train/entropy,-7.309296607971191
1770,train/episode_length_steps,1055.9161206631647
1770,train/fps,61026.24920128967
1780,train/reward,1.3596124649047852
1780,train/actor_loss,0.03282379359006882
1780,train/critic_loss,0.023259175941348076
1780,train/entropy,-7.447157382965088
1780,train/episode_length_steps,928.7253199635585
1780,train/fps,61055.57547032275
1790,train/reward,1.3616583347320557
1790,train/actor_loss,0.021565882489085197
1790,train/critic_loss,0.020191622897982597
1790,train/entropy,-7.545894622802734
1790,train/episode_length_steps,1030.9989362789295
1790,train/fps,61129.4171439346
1800,train/reward,1.3626000881195068
1800,train/actor_loss,0.03188697621226311
1800,train/critic_loss,0.025411522015929222
1800,train/entropy,-7.624043941497803
1800,train/episode_length_steps,1212.1585181362116
1800,train/fps,61163.18181510302
1810,train/reward,1.3651105165481567
1810,train/actor_loss,0.013158813118934631
1810,train/critic_loss,0.0541311576962471
1810,train/entropy,-7.737372875213623
1810,train/episode_length_steps,1022.9524966434373
1810,train/fps,61236.472056250605
1820,train/reward,1.3588013648986816
1820,train/actor_loss,0.030528774484992027
1820,train/critic_loss,0.07725789397954941
1820,train/entropy,-7.769992351531982
1820,train/episode_length_steps,828.8820049231059
1820,train/fps,61268.51669497526
1830,train/reward,1.3610502481460571
1830,train/actor_loss,0.02159513346850872
1830,train/critic_loss,0.08975233137607574
1830,train/entropy,-7.756317138671875
1830,train/episode_length_steps,1007.2306174500739
1830,train/fps,61342.19052602089
1840,train/reward,1.3574696779251099
1840,train/actor_loss,0.020591402426362038
1840,train/critic_loss,0.16174432635307312
1840,train/entropy,-7.563430309295654
1840,train/episode_length_steps,1039.1729644539928
1840,train/fps,61369.04297010156
1850,train/reward,1.3514528274536133
1850,train/actor_loss,0.025745650753378868
1850,train/critic_loss,0.14813615381717682
1850,train/entropy,-7.428706645965576
1850,train/episode_length_steps,793.7452256108409
1850,train/fps,61442.06547463847
1860,train/reward,1.3608145713806152
1860,train/actor_loss,0.029515553265810013
1860,train/critic_loss,0.12471949309110641
1860,train/entropy,-7.304418087005615
1860,train/episode_length_steps,948.8958429280851
1860,train/fps,61475.723382791046
1870,train/reward,1.357037901878357
1870,train/actor_loss,0.019969744607806206
1870,train/critic_loss,0.086322121322155
1870,train/entropy,-7.221585273742676
1870,train/episode_length_steps,884.8379899660755
1870,train/fps,61510.011188464014
1880,train/reward,1.3498519659042358
1880,train/actor_loss,0.020468441769480705
1880,train/critic_loss,0.17433780431747437
1880,train/entropy,-7.081981658935547
1880,train/episode_length_steps,798.5812704616955
1880,train/fps,61579.102634548304
1890,train/reward,1.3626515865325928
1890,train/actor_loss,0.01891411282122135
1890,train/critic_loss,0.08787598460912704
1890,train/entropy,-6.998116493225098
1890,train/episode_length_steps,1047.4776400860692
1890,train/fps,61606.996995162495
1900,train/reward,1.3576240539550781
1900,train/actor_loss,0.023921210318803787
1900,train/critic_loss,0.058419909328222275
1900,train/entropy,-6.988622188568115
1900,train/episode_length_steps,1055.9161206631647
1900,train/fps,61678.638038344754
1910,train/reward,1.3586291074752808
1910,train/actor_loss,0.016264421865344048
1910,train/critic_loss,0.1304018795490265
1910,train/entropy,-6.923326015472412
1910,train/episode_length_steps,761.4662389368028
1910,train/fps,61705.019022769775
1920,train/reward,1.3607611656188965
1920,train/actor_loss,0.01804591529071331
1920,train/critic_loss,0.11198029667139053
1920,train/entropy,-6.928752422332764
1920,train/episode_length_steps,1119.0198959333352
1920,train/fps,61776.21021651383
1930,train/reward,1.3600012063980103
1930,train/actor_loss,0.016527652740478516
1930,train/critic_loss,0.21001198887825012
1930,train/entropy,-6.857890605926514
1930,train/episode_length_steps,1039.1729644539928
1930,train/fps,61800.639385084345
1940,train/reward,1.3572956323623657
1940,train/actor_loss,0.024112317711114883
1940,train/critic_loss,0.18879194557666779
1940,train/entropy,-6.820948123931885
1940,train/episode_length_steps,873.0504502092679
1940,train/fps,61872.01668333583
1950,train/reward,1.3617571592330933
1950,train/actor_loss,0.02328072115778923
1950,train/critic_loss,0.11490163952112198
1950,train/entropy,-6.810518741607666
1950,train/episode_length_steps,1064.4916662465182
1950,train/fps,61895.29349383343
1960,train/reward,1.36021888256073
1960,train/actor_loss,0.01544404961168766
1960,train/critic_loss,0.0918746367096901
1960,train/entropy,-6.851410865783691
1960,train/episode_length_steps,999.549519430452
1960,train/fps,61965.08847502034
1970,train/reward,1.3622510433197021
1970,train/actor_loss,0.019445305690169334
1970,train/critic_loss,0.06835740059614182
1970,train/entropy,-6.91973352432251
1970,train/episode_length_steps,935.352867349791
1970,train/fps,61987.7665447109
1980,train/reward,1.3626022338867188
1980,train/actor_loss,0.01765848509967327
1980,train/critic_loss,0.10027878731489182
1980,train/entropy,-6.919859409332275
1980,train/episode_length_steps,1158.5853265847247
1980,train/fps,62053.90060998704
1990,train/reward,1.3631104230880737
1990,train/actor_loss,0.02210964262485504
1990,train/critic_loss,0.09577088803052902
1990,train/entropy,-6.8945465087890625
1990,train/episode_length_steps,955.8154697427
1990,train/fps,62077.06859034985
2000,train/reward,1.3607631921768188
2000,train/actor_loss,0.014936047606170177
2000,train/critic_loss,0.09209226816892624
2000,train/entropy,-6.887383460998535
2000,train/episode_length_steps,977.1934127239363
2000,train/fps,62142.05772807226
2000,eval/med_figure8_normal,0.08498527109622955
2010,train/reward,1.3588976860046387
2010,train/actor_loss,0.018134592100977898
2010,train/critic_loss,0.22364239394664764
2010,train/entropy,-6.875155925750732
2010,train/episode_length_steps,1047.4776400860692
2010,train/fps,56046.72629396003
2020,train/reward,1.363701343536377
2020,train/actor_loss,0.01569393463432789
2020,train/critic_loss,0.08472727984189987
2020,train/entropy,-6.874660491943359
2020,train/episode_length_steps,1073.207643669909
2020,train/fps,56090.19431230882
2030,train/reward,1.3604648113250732
2030,train/actor_loss,0.016071531921625137
2030,train/critic_loss,0.17066554725170135
2030,train/entropy,-6.853917121887207
2030,train/episode_length_steps,935.352867349791
2030,train/fps,56165.51863196199
2040,train/reward,1.356774091720581
2040,train/actor_loss,0.016096480190753937
2040,train/critic_loss,0.16940371692180634
2040,train/entropy,-6.835044860839844
2040,train/episode_length_steps,861.5728416085835
2040,train/fps,56210.34287254528
2050,train/reward,1.3630197048187256
2050,train/actor_loss,0.013557249680161476
2050,train/critic_loss,0.1667572557926178
2050,train/entropy,-6.798999786376953
2050,train/episode_length_steps,1158.5853265847247
2050,train/fps,56282.87133596558
2060,train/reward,1.3587758541107178
2060,train/actor_loss,0.019160589203238487
2060,train/critic_loss,0.11880826950073242
2060,train/entropy,-6.822255611419678
2060,train/episode_length_steps,1022.9524966434373
2060,train/fps,56332.19671664901
2070,train/reward,1.356003761291504
2070,train/actor_loss,0.014468950219452381
2070,train/critic_loss,0.26201534271240234
2070,train/entropy,-6.788041591644287
2070,train/episode_length_steps,969.9619640403653
2070,train/fps,56381.39860367074
2080,train/reward,1.3618963956832886
2080,train/actor_loss,0.012037028558552265
2080,train/critic_loss,0.09676028043031693
2080,train/entropy,-6.826206207275391
2080,train/episode_length_steps,922.191032232558
2080,train/fps,56457.16790127569
2090,train/reward,1.3613864183425903
2090,train/actor_loss,0.012343810871243477
2090,train/critic_loss,0.06070791557431221
2090,train/entropy,-6.849239349365234
2090,train/episode_length_steps,977.1934127239363
2090,train/fps,56505.08574886922
2100,train/reward,1.3577598333358765
2100,train/actor_loss,0.013195988722145557
2100,train/critic_loss,0.15706175565719604
2100,train/entropy,-6.90380334854126
2100,train/episode_length_steps,828.8820049231059
2100,train/fps,56577.83207185388
2110,train/reward,1.3652045726776123
2110,train/actor_loss,0.01362532377243042
2110,train/critic_loss,0.06061038002371788
2110,train/entropy,-6.914587497711182
2110,train/episode_length_steps,1128.6557313446654
2110,train/fps,56621.27862401999
2120,train/reward,1.3626673221588135
2120,train/actor_loss,0.018383732065558434
2120,train/critic_loss,0.038984283804893494
2120,train/entropy,-7.013751983642578
2120,train/episode_length_steps,977.1934127239363
2120,train/fps,56691.408646684584
2130,train/reward,1.355588436126709
2130,train/actor_loss,0.019303971901535988
2130,train/critic_loss,0.03880840167403221
2130,train/entropy,-7.126068115234375
2130,train/episode_length_steps,798.5812704616955
2130,train/fps,56733.97197915743
2140,train/reward,1.3658783435821533
2140,train/actor_loss,0.014561960473656654
2140,train/critic_loss,0.04225842282176018
2140,train/entropy,-7.184906959533691
2140,train/episode_length_steps,1047.4776400860692
2140,train/fps,56803.16300716305
2150,train/reward,1.3634178638458252
2150,train/actor_loss,0.016323233023285866
2150,train/critic_loss,0.05063559487462044
2150,train/entropy,-7.257336616516113
2150,train/episode_length_steps,1073.207643669909
2150,train/fps,56844.17992552006
2160,train/reward,1.3611482381820679
2160,train/actor_loss,0.014404512010514736
2160,train/critic_loss,0.05270582437515259
2160,train/entropy,-7.323661804199219
2160,train/episode_length_steps,818.5294606658226
2160,train/fps,56911.91497369603
2170,train/reward,1.3629887104034424
2170,train/actor_loss,0.01538913231343031
2170,train/critic_loss,0.07422270625829697
2170,train/entropy,-7.345727443695068
2170,train/episode_length_steps,1007.2306174500739
2170,train/fps,56952.7685335914
2180,train/reward,1.3641893863677979
2180,train/actor_loss,0.021846383810043335
2180,train/critic_loss,0.058526791632175446
2180,train/entropy,-7.360507965087891
2180,train/episode_length_steps,1055.9161206631647
2180,train/fps,57018.849017226115
2190,train/reward,1.362417459487915
2190,train/actor_loss,0.03145604953169823
2190,train/critic_loss,0.07701962441205978
2190,train/entropy,-7.368976593017578
2190,train/episode_length_steps,896.9481863514969
2190,train/fps,57058.18597070037
2200,train/reward,1.3624660968780518
2200,train/actor_loss,0.014568251557648182
2200,train/critic_loss,0.044106774032115936
2200,train/entropy,-7.401359558105469
2200,train/episode_length_steps,969.9619640403653
2200,train/fps,57123.74300672645
2210,train/reward,1.365616798400879
2210,train/actor_loss,0.015994710847735405
2210,train/critic_loss,0.06285899132490158
2210,train/entropy,-7.466534614562988
2210,train/episode_length_steps,1064.4916662465182
2210,train/fps,57162.22093394091
2220,train/reward,1.3653616905212402
2220,train/actor_loss,0.017705051228404045
2220,train/critic_loss,0.04721157252788544
2220,train/entropy,-7.484860897064209
2220,train/episode_length_steps,969.9619640403653
2220,train/fps,57225.932585912524
2230,train/reward,1.365443468093872
2230,train/actor_loss,0.019307320937514305
2230,train/critic_loss,0.11891891807317734
2230,train/entropy,-7.523815155029297
2230,train/episode_length_steps,1128.6557313446654
2230,train/fps,57264.67774048812
2240,train/reward,1.363688588142395
2240,train/actor_loss,0.01863420009613037
2240,train/critic_loss,0.07423050701618195
2240,train/entropy,-7.525618076324463
2240,train/episode_length_steps,984.5334979350276
2240,train/fps,57302.39408776009
2250,train/reward,1.3617161512374878
2250,train/actor_loss,0.01686912216246128
2250,train/critic_loss,0.09228534996509552
2250,train/entropy,-7.536146640777588
2250,train/episode_length_steps,1015.0306813839508
2250,train/fps,57366.468064820554
2260,train/reward,1.3644092082977295
2260,train/actor_loss,0.017902998253703117
2260,train/critic_loss,0.04367586597800255
2260,train/entropy,-7.556951999664307
2260,train/episode_length_steps,1047.4776400860692
2260,train/fps,57401.01997955874
2270,train/reward,1.3649381399154663
2270,train/actor_loss,0.03353385254740715
2270,train/critic_loss,0.08496499061584473
2270,train/entropy,-7.569268226623535
2270,train/episode_length_steps,1064.4916662465182
2270,train/fps,57462.72661783779
2280,train/reward,1.361891746520996
2280,train/actor_loss,0.01684573106467724
2280,train/critic_loss,0.07966327667236328
2280,train/entropy,-7.486736297607422
2280,train/episode_length_steps,969.9619640403653
2280,train/fps,57497.95502092154
2290,train/reward,1.3591008186340332
2290,train/actor_loss,0.023529483005404472
2290,train/critic_loss,0.0817023366689682
2290,train/entropy,-7.380635738372803
2290,train/episode_length_steps,884.8379899660755
2290,train/fps,57564.27324209292
2300,train/reward,1.3629076480865479
2300,train/actor_loss,0.015722205862402916
2300,train/critic_loss,0.14964652061462402
2300,train/entropy,-7.327742099761963
2300,train/episode_length_steps,1082.0675309469727
2300,train/fps,57591.54287097935
2310,train/reward,1.3613266944885254
2310,train/actor_loss,0.024223076179623604
2310,train/critic_loss,0.07060660421848297
2310,train/entropy,-7.253648281097412
2310,train/episode_length_steps,948.8958429280851
2310,train/fps,57657.18101090883
2320,train/reward,1.3572921752929688
2320,train/actor_loss,0.014873932115733624
2320,train/critic_loss,0.07830622047185898
2320,train/entropy,-7.254277229309082
2320,train/episode_length_steps,991.9846862364063
2320,train/fps,57685.099438624464
2330,train/reward,1.360390305519104
2330,train/actor_loss,0.01737203076481819
2330,train/critic_loss,0.09036713093519211
2330,train/entropy,-7.237241268157959
2330,train/episode_length_steps,1055.9161206631647
2330,train/fps,57748.07669069801
2340,train/reward,1.3577669858932495
2340,train/actor_loss,0.019934002310037613
2340,train/critic_loss,0.11094504594802856
2340,train/entropy,-7.2176947593688965
2340,train/episode_length_steps,909.3944711658012
2340,train/fps,57780.11100495933
2350,train/reward,1.3567123413085938
2350,train/actor_loss,0.013957284390926361
2350,train/critic_loss,0.04556208848953247
2350,train/entropy,-7.212166786193848
2350,train/episode_length_steps,867.2736735434524
2350,train/fps,57841.551307667
2360,train/reward,1.3624367713928223
2360,train/actor_loss,0.022878646850585938
2360,train/critic_loss,0.06269439309835434
2360,train/entropy,-7.224910736083984
2360,train/episode_length_steps,1064.4916662465182
2360,train/fps,57874.12136548467
2370,train/reward,1.361481785774231
2370,train/actor_loss,0.018662257120013237
2370,train/critic_loss,0.0831940695643425
2370,train/entropy,-7.2119975090026855
2370,train/episode_length_steps,1022.9524966434373
2370,train/fps,57932.737437038035
2380,train/reward,1.3540961742401123
2380,train/actor_loss,0.019678590819239616
2380,train/critic_loss,0.07871108502149582
2380,train/entropy,-7.214760780334473
2380,train/episode_length_steps,839.499776188048
2380,train/fps,57966.264457871745
2390,train/reward,1.363330364227295
2390,train/actor_loss,0.013640510849654675
2390,train/critic_loss,0.08340665698051453
2390,train/entropy,-7.201943397521973
2390,train/episode_length_steps,991.9846862364063
2390,train/fps,57995.30058954356
2400,train/reward,1.3627228736877441
2400,train/actor_loss,0.016810495406389236
2400,train/critic_loss,0.08395795524120331
2400,train/entropy,-7.199672698974609
2400,train/episode_length_steps,1055.9161206631647
2400,train/fps,58055.59594494126
2410,train/reward,1.3562381267547607
2410,train/actor_loss,0.01346379704773426
2410,train/critic_loss,0.09023106098175049
2410,train/entropy,-7.180882453918457
2410,train/episode_length_steps,757.0680322478452
2410,train/fps,58084.29210616613
2420,train/reward,1.3586463928222656
2420,train/actor_loss,0.04172267019748688
2420,train/critic_loss,0.10645698755979538
2420,train/entropy,-7.126656532287598
2420,train/episode_length_steps,896.9481863514969
2420,train/fps,58145.75313076637
2430,train/reward,1.358168601989746
2430,train/actor_loss,0.023399723693728447
2430,train/critic_loss,0.10460741817951202
2430,train/entropy,-7.109899997711182
2430,train/episode_length_steps,1030.9989362789295
2430,train/fps,58174.707742135375
2440,train/reward,1.3591406345367432
2440,train/actor_loss,0.025296717882156372
2440,train/critic_loss,0.17341503500938416
2440,train/entropy,-7.12386417388916
2440,train/episode_length_steps,844.9113276288067
2440,train/fps,58230.82665735358
2450,train/reward,1.3579165935516357
2450,train/actor_loss,0.027426768094301224
2450,train/critic_loss,0.06191388890147209
2450,train/entropy,-7.026386260986328
2450,train/episode_length_steps,861.5728416085835
2450,train/fps,58262.83136918461
2460,train/reward,1.3566762208938599
2460,train/actor_loss,0.030059581622481346
2460,train/critic_loss,0.057933319360017776
2460,train/entropy,-6.979624271392822
2460,train/episode_length_steps,890.8519337098286
2460,train/fps,58319.01062329259
2470,train/reward,1.360140323638916
2470,train/actor_loss,0.013795754872262478
2470,train/critic_loss,0.06932221353054047
2470,train/entropy,-6.93403959274292
2470,train/episode_length_steps,922.191032232558
2470,train/fps,58348.660596888425
2480,train/reward,1.3583747148513794
2480,train/actor_loss,0.02154228463768959
2480,train/critic_loss,0.13342046737670898
2480,train/entropy,-6.9855852127075195
2480,train/episode_length_steps,1082.0675309469727
2480,train/fps,58405.630941000134
2490,train/reward,1.3597040176391602
2490,train/actor_loss,0.019368216395378113
2490,train/critic_loss,0.055179644376039505
2490,train/entropy,-6.9984941482543945
2490,train/episode_length_steps,834.1571042040623
2490,train/fps,58430.39800140964
2500,train/reward,1.357048749923706
2500,train/actor_loss,0.016857443377375603
2500,train/critic_loss,0.13053490221500397
2500,train/entropy,-6.978318691253662
2500,train/episode_length_steps,942.0756852933614
2500,train/fps,58482.374106354735
2510,train/reward,1.3560523986816406
2510,train/actor_loss,0.020554451271891594
2510,train/critic_loss,0.10328362137079239
2510,train/entropy,-6.901954650878906
2510,train/episode_length_steps,915.7480494521833
2510,train/fps,58512.00346864343
2520,train/reward,1.3605563640594482
2520,train/actor_loss,0.014916508458554745
2520,train/critic_loss,0.06824036687612534
2520,train/entropy,-6.908596038818359
2520,train/episode_length_steps,948.8958429280851
2520,train/fps,58540.93971659861
2530,train/reward,1.3563745021820068
2530,train/actor_loss,0.016134364530444145
2530,train/critic_loss,0.0950172021985054
2530,train/entropy,-6.940422058105469
2530,train/episode_length_steps,915.7480494521833
2530,train/fps,58592.2051809637
2540,train/reward,1.3577845096588135
2540,train/actor_loss,0.014444730244576931
2540,train/critic_loss,0.04642397537827492
2540,train/entropy,-6.963565349578857
2540,train/episode_length_steps,991.9846862364063
2540,train/fps,58620.367172468345
2550,train/reward,1.3587108850479126
2550,train/actor_loss,0.02379547618329525
2550,train/critic_loss,0.036646198481321335
2550,train/entropy,-7.0338897705078125
2550,train/episode_length_steps,1148.4339689720955
2550,train/fps,58671.22791062503
2560,train/reward,1.3587911128997803
2560,train/actor_loss,0.014197918586432934
2560,train/critic_loss,0.04874793440103531
2560,train/entropy,-7.119275093078613
2560,train/episode_length_steps,1100.2335310136384
2560,train/fps,58700.61621619642
2570,train/reward,1.3589205741882324
2570,train/actor_loss,0.015347120352089405
2570,train/critic_loss,0.049800243228673935
2570,train/entropy,-7.150352478027344
2570,train/episode_length_steps,948.8958429280851
2570,train/fps,58752.48904076626
2580,train/reward,1.359926700592041
2580,train/actor_loss,0.012889859266579151
2580,train/critic_loss,0.08209766447544098
2580,train/entropy,-7.158689022064209
2580,train/episode_length_steps,884.8379899660755
2580,train/fps,58780.833020777216
2590,train/reward,1.36043119430542
2590,train/actor_loss,0.012694090604782104
2590,train/critic_loss,0.061400026082992554
2590,train/entropy,-7.135908603668213
2590,train/episode_length_steps,890.8519337098286
2590,train/fps,58830.58707788725
2600,train/reward,1.3561307191848755
2600,train/actor_loss,0.014753756113350391
2600,train/critic_loss,0.12167754024267197
2600,train/entropy,-7.106913089752197
2600,train/episode_length_steps,896.9481863514969
2600,train/fps,58858.36735075606
2610,train/reward,1.3563162088394165
2610,train/actor_loss,0.018193399533629417
2610,train/critic_loss,0.07099837064743042
2610,train/entropy,-7.0314555168151855
2610,train/episode_length_steps,991.9846862364063
2610,train/fps,58907.92188231262
2620,train/reward,1.35858952999115
2620,train/actor_loss,0.018010037019848824
2620,train/critic_loss,0.09326303005218506
2620,train/entropy,-7.0390753746032715
2620,train/episode_length_steps,928.7253199635585
2620,train/fps,58934.450450288685
2630,train/reward,1.3486088514328003
2630,train/actor_loss,0.02329252101480961
2630,train/critic_loss,0.08761974424123764
2630,train/entropy,-7.03170919418335
2630,train/episode_length_steps,808.432328135103
2630,train/fps,58984.407389172455
2640,train/reward,1.3566327095031738
2640,train/actor_loss,0.023159435018897057
2640,train/critic_loss,0.12689566612243652
2640,train/entropy,-7.021450996398926
2640,train/episode_length_steps,909.3944711658012
2640,train/fps,59010.59711451686
2650,train/reward,1.3532631397247314
2650,train/actor_loss,0.02219822071492672
2650,train/critic_loss,0.07565002888441086
2650,train/entropy,-7.002208709716797
2650,train/episode_length_steps,1082.0675309469727
2650,train/fps,59035.5375506093
2660,train/reward,1.3527376651763916
2660,train/actor_loss,0.017590787261724472
2660,train/critic_loss,0.09317398816347122
2660,train/entropy,-7.010319709777832
2660,train/episode_length_steps,798.5812704616955
2660,train/fps,59084.07942142406
2670,train/reward,1.3566678762435913
2670,train/actor_loss,0.019449060782790184
2670,train/critic_loss,0.04930600896477699
2670,train/entropy,-6.970461368560791
2670,train/episode_length_steps,962.8367577976614
2670,train/fps,59109.97921109224
2680,train/reward,1.3561640977859497
2680,train/actor_loss,0.013628857210278511
2680,train/critic_loss,0.101041279733181
2680,train/entropy,-6.9885573387146
2680,train/episode_length_steps,935.352867349791
2680,train/fps,59157.19380943009
2690,train/reward,1.3580894470214844
2690,train/actor_loss,0.017534682527184486
2690,train/critic_loss,0.07806076854467392
2690,train/entropy,-7.003359317779541
2690,train/episode_length_steps,942.0756852933614
2690,train/fps,59182.60911787245
2700,train/reward,1.3564765453338623
2700,train/actor_loss,0.01791425608098507
2700,train/critic_loss,0.06848300993442535
2700,train/entropy,-6.994819641113281
2700,train/episode_length_steps,903.12844929582
2700,train/fps,59233.291150877885
2710,train/reward,1.3578410148620605
2710,train/actor_loss,0.020742518827319145
2710,train/critic_loss,0.06317092478275299
2710,train/entropy,-7.024779796600342
2710,train/episode_length_steps,948.8958429280851
2710,train/fps,59250.63264883388
2720,train/reward,1.3633320331573486
2720,train/actor_loss,0.023776015266776085
2720,train/critic_loss,0.0724068209528923
2720,train/entropy,-7.064570903778076
2720,train/episode_length_steps,948.8958429280851
2720,train/fps,59302.30567540493
2730,train/reward,1.3605685234069824
2730,train/actor_loss,0.014321619644761086
2730,train/critic_loss,0.04544306918978691
2730,train/entropy,-7.081360816955566
2730,train/episode_length_steps,1015.0306813839508
2730,train/fps,59324.45567217484
2740,train/reward,1.3574821949005127
2740,train/actor_loss,0.019412530586123466
2740,train/critic_loss,0.08310910314321518
2740,train/entropy,-7.102067470550537
2740,train/episode_length_steps,909.3944711658012
2740,train/fps,59371.75419457618
2750,train/reward,1.3631365299224854
2750,train/actor_loss,0.014495792798697948
2750,train/critic_loss,0.08553499728441238
2750,train/entropy,-7.1324687004089355
2750,train/episode_length_steps,1039.1729644539928
2750,train/fps,59396.22715155501
2760,train/reward,1.3602635860443115
2760,train/actor_loss,0.015451492741703987
2760,train/critic_loss,0.06381405889987946
2760,train/entropy,-7.14504861831665
2760,train/episode_length_steps,909.3944711658012
2760,train/fps,59442.80323348142
2770,train/reward,1.362925410270691
2770,train/actor_loss,0.015112295746803284
2770,train/critic_loss,0.053898461163043976
2770,train/entropy,-7.165865421295166
2770,train/episode_length_steps,873.0504502092679
2770,train/fps,59465.17026898563
2780,train/reward,1.360347032546997
2780,train/actor_loss,0.017193183302879333
2780,train/critic_loss,0.10945598036050797
2780,train/entropy,-7.155747890472412
2780,train/episode_length_steps,955.8154697427
2780,train/fps,59487.33591647364
2790,train/reward,1.357386589050293
2790,train/actor_loss,0.01580207608640194
2790,train/critic_loss,0.07156416028738022
2790,train/entropy,-7.146958351135254
2790,train/episode_length_steps,909.3944711658012
2790,train/fps,59533.92900731887
2800,train/reward,1.3586678504943848
2800,train/actor_loss,0.02712228335440159
2800,train/critic_loss,0.07199513167142868
2800,train/entropy,-7.174123287200928
2800,train/episode_length_steps,1190.1455022611601
2800,train/fps,59557.15740023167
2810,train/reward,1.3619763851165771
2810,train/actor_loss,0.02637731097638607
2810,train/critic_loss,0.03777492791414261
2810,train/entropy,-7.158574104309082
2810,train/episode_length_steps,1138.4589557196166
2810,train/fps,59602.907216617314
2820,train/reward,1.3604000806808472
2820,train/actor_loss,0.016889063641428947
2820,train/critic_loss,0.06088384613394737
2820,train/entropy,-7.193963527679443
2820,train/episode_length_steps,855.9464665668899
2820,train/fps,59625.99912266201
2830,train/reward,1.3635197877883911
2830,train/actor_loss,0.01950269192457199
2830,train/critic_loss,0.05557350069284439
2830,train/entropy,-7.205380439758301
2830,train/episode_length_steps,873.0504502092679
2830,train/fps,59669.604189357844
2840,train/reward,1.3618342876434326
2840,train/actor_loss,0.01663518324494362
2840,train/critic_loss,0.06765878945589066
2840,train/entropy,-7.216092586517334
2840,train/episode_length_steps,909.3944711658012
2840,train/fps,59692.95496791362
2850,train/reward,1.3595393896102905
2850,train/actor_loss,0.015624773688614368
2850,train/critic_loss,0.06040917709469795
2850,train/entropy,-7.238430976867676
2850,train/episode_length_steps,867.2736735434524
2850,train/fps,59738.14916086518
2860,train/reward,1.3662782907485962
2860,train/actor_loss,0.02032271958887577
2860,train/critic_loss,0.04557914659380913
2860,train/entropy,-7.213887691497803
2860,train/episode_length_steps,991.9846862364063
2860,train/fps,59761.78169765188
2870,train/reward,1.3660718202590942
2870,train/actor_loss,0.027152031660079956
2870,train/critic_loss,0.09951191395521164
2870,train/entropy,-7.239978313446045
2870,train/episode_length_steps,984.5334979350276
2870,train/fps,59804.95906518763
2880,train/reward,1.3623933792114258
2880,train/actor_loss,0.020915266126394272
2880,train/critic_loss,0.11703477054834366
2880,train/entropy,-7.195674419403076
2880,train/episode_length_steps,962.8367577976614
2880,train/fps,59819.319010269035
2890,train/reward,1.3664135932922363
2890,train/actor_loss,0.016661709174513817
2890,train/critic_loss,0.06777594983577728
2890,train/entropy,-7.177030086517334
2890,train/episode_length_steps,1179.4361166605142
2890,train/fps,59831.609528396046
2900,train/reward,1.3631242513656616
2900,train/actor_loss,0.01531118806451559
2900,train/critic_loss,0.035801492631435394
2900,train/entropy,-7.241980075836182
2900,train/episode_length_steps,1138.4589557196166
2900,train/fps,59814.10163629754
2910,train/reward,1.36319100856781
2910,train/actor_loss,0.016024058684706688
2910,train/critic_loss,0.04351305961608887
2910,train/entropy,-7.308616638183594
2910,train/episode_length_steps,909.3944711658012
2910,train/fps,59752.83491277846
2920,train/reward,1.3662023544311523
2920,train/actor_loss,0.017148176208138466
2920,train/critic_loss,0.07841861248016357
2920,train/entropy,-7.316638469696045
2920,train/episode_length_steps,1007.2306174500739
2920,train/fps,59654.81863092463
2930,train/reward,1.3648295402526855
2930,train/actor_loss,0.01518250536173582
2930,train/critic_loss,0.08506020158529282
2930,train/entropy,-7.298962593078613
2930,train/episode_length_steps,962.8367577976614
2930,train/fps,59611.84404191165
2940,train/reward,1.361405849456787
2940,train/actor_loss,0.021059144288301468
2940,train/critic_loss,0.0697392001748085
2940,train/entropy,-7.286945343017578
2940,train/episode_length_steps,1007.2306174500739
2940,train/fps,59624.3367031248
2950,train/reward,1.3611671924591064
2950,train/actor_loss,0.017455337569117546
2950,train/critic_loss,0.07625216245651245
2950,train/entropy,-7.3134355545043945
2950,train/episode_length_steps,1022.9524966434373
2950,train/fps,59642.11694014869
2960,train/reward,1.3641471862792969
2960,train/actor_loss,0.018856925889849663
2960,train/critic_loss,0.07459022849798203
2960,train/entropy,-7.371293544769287
2960,train/episode_length_steps,1082.0675309469727
2960,train/fps,59681.338096864354
2970,train/reward,1.3661998510360718
2970,train/actor_loss,0.01794414408504963
2970,train/critic_loss,0.0214244332164526
2970,train/entropy,-7.4662604331970215
2970,train/episode_length_steps,928.7253199635585
2970,train/fps,59694.86251688538
2980,train/reward,1.3656814098358154
2980,train/actor_loss,0.015501481480896473
2980,train/critic_loss,0.0714137926697731
2980,train/entropy,-7.55132532119751
2980,train/episode_length_steps,1179.4361166605142
2980,train/fps,59708.674461213915
2990,train/reward,1.363715648651123
2990,train/actor_loss,0.020275002345442772
2990,train/critic_loss,0.03664695844054222
2990,train/entropy,-7.535451412200928
2990,train/episode_length_steps,1007.2306174500739
2990,train/fps,59746.391792234026
3000,train/reward,1.3628178834915161
3000,train/actor_loss,0.017338978126645088
3000,train/critic_loss,0.06888654828071594
3000,train/entropy,-7.494837284088135
3000,train/episode_length_steps,1055.9161206631647
3000,train/fps,59756.06549327509
2500,train/reward,0.8684872388839722
2500,train/actor_loss,0.1206456646323204
2500,train/critic_loss,1.4610426425933838
2500,train/entropy,-6.960515022277832
2500,train/episode_length_steps,587.4215492497611
2500,train/fps,7469239.149999603
2500,train/reward,0.8684871792793274
2500,train/actor_loss,0.12037856876850128
2500,train/critic_loss,1.459841251373291
2500,train/entropy,-6.960521221160889
2500,train/episode_length_steps,587.4215492497611
2500,train/fps,3088.0943008363306
2510,train/reward,1.3859145641326904
2510,train/actor_loss,0.011837932281196117
2510,train/critic_loss,0.02630845084786415
2510,train/entropy,-6.920373439788818
2510,train/episode_length_steps,61505.19550723767
2510,train/fps,15481.485049516023
2520,train/reward,1.3902788162231445
2520,train/actor_loss,0.025201544165611267
2520,train/critic_loss,0.42327091097831726
2520,train/entropy,-7.0319037437438965
2520,train/episode_length_steps,1000000.0
2520,train/fps,24310.967004975333
2530,train/reward,1.3908320665359497
2530,train/actor_loss,0.0424300916492939
2530,train/critic_loss,13.0230131149292
2530,train/entropy,-7.058287143707275
2530,train/episode_length_steps,115882.98534487636
2530,train/fps,30511.480913534575
2540,train/reward,1.3803627490997314
2540,train/actor_loss,0.013313204050064087
2540,train/critic_loss,0.28722912073135376
2540,train/entropy,-7.051827907562256
2540,train/episode_length_steps,12937.623975034428
2540,train/fps,35099.29113317949
2550,train/reward,1.3907443284988403
2550,train/actor_loss,0.01083342544734478
2550,train/critic_loss,0.9080772399902344
2550,train/entropy,-7.132971286773682
2550,train/episode_length_steps,41861.70104041044
2550,train/fps,38499.55186841479
2560,train/reward,1.3901472091674805
2560,train/actor_loss,0.025146007537841797
2560,train/critic_loss,9.53675365447998
2560,train/entropy,-7.152900218963623
2560,train/episode_length_steps,1000000.0
2560,train/fps,41170.8011759724
2570,train/reward,1.372652530670166
2570,train/actor_loss,0.02102573961019516
2570,train/critic_loss,0.08936432749032974
2570,train/entropy,-7.107621669769287
2570,train/episode_length_steps,6510.929969352849
2570,train/fps,43423.33994109008
2580,train/reward,1.3909473419189453
2580,train/actor_loss,0.01711762323975563
2580,train/critic_loss,0.13840870559215546
2580,train/entropy,-7.204869270324707
2580,train/episode_length_steps,61505.19550723767
2580,train/fps,45270.39114102794
2590,train/reward,1.39115309715271
2590,train/actor_loss,0.018786713480949402
2590,train/critic_loss,3.345479726791382
2590,train/entropy,-7.277462005615234
2590,train/episode_length_steps,1000000.0
2590,train/fps,46810.822370277434
2600,train/reward,1.3571672439575195
2600,train/actor_loss,0.032932985574007034
2600,train/critic_loss,0.12107536941766739
2600,train/entropy,-7.1892595291137695
2600,train/episode_length_steps,3038.9228443012034
2600,train/fps,48117.10839331292
2610,train/reward,1.3909991979599
2610,train/actor_loss,0.01428137719631195
2610,train/critic_loss,0.01851479709148407
2610,train/entropy,-7.267765998840332
2610,train/episode_length_steps,115882.98534487636
2610,train/fps,49241.83624631105
2620,train/reward,1.392181158065796
2620,train/actor_loss,0.02164771966636181
2620,train/critic_loss,0.2500567138195038
2620,train/entropy,-7.3933024406433105
2620,train/episode_length_steps,115882.98534487636
2620,train/fps,50235.21818293587
2630,train/reward,1.3537890911102295
2630,train/actor_loss,0.016041558235883713
2630,train/critic_loss,0.23407068848609924
2630,train/entropy,-7.37249755859375
2630,train/episode_length_steps,1656.391057105861
2630,train/fps,51083.306622378
2640,train/reward,1.3917981386184692
2640,train/actor_loss,0.02737601473927498
2640,train/critic_loss,0.009218676015734673
2640,train/entropy,-7.455450534820557
2640,train/episode_length_steps,61505.19550723767
2640,train/fps,51855.76112894105
2650,train/reward,1.3928390741348267
2650,train/actor_loss,0.018807951360940933
2650,train/critic_loss,0.03951944038271904
2650,train/entropy,-7.616519927978516
2650,train/episode_length_steps,1000000.0
2650,train/fps,52540.935883133876
2660,train/reward,1.330533742904663
2660,train/actor_loss,0.02145530842244625
2660,train/critic_loss,0.1741781383752823
2660,train/entropy,-7.589601039886475
2660,train/episode_length_steps,1363.4717399177655
2660,train/fps,53129.23379399766
2670,train/reward,1.3909443616867065
2670,train/actor_loss,0.015309475362300873
2670,train/critic_loss,0.005547218956053257
2670,train/entropy,-7.672429084777832
2670,train/episode_length_steps,61505.19550723767
2670,train/fps,53689.053488545214
2680,train/reward,1.3923723697662354
2680,train/actor_loss,0.015986543148756027
2680,train/critic_loss,0.046502724289894104
2680,train/entropy,-7.835975170135498
2680,train/episode_length_steps,1000000.0
2680,train/fps,54175.07447527878
2690,train/reward,1.305305004119873
2690,train/actor_loss,0.022721966728568077
2690,train/critic_loss,0.3843904137611389
2690,train/entropy,-7.839282989501953
2690,train/episode_length_steps,707.995684268495
2690,train/fps,54608.72369980881
2700,train/reward,1.3879427909851074
2700,train/actor_loss,0.015831345692276955
2700,train/critic_loss,0.011115343309938908
2700,train/entropy,-7.84166955947876
2700,train/episode_length_steps,12937.623975034428
2700,train/fps,55018.836458965045
2710,train/reward,1.3925120830535889
2710,train/actor_loss,0.013616527430713177
2710,train/critic_loss,0.013037832453846931
2710,train/entropy,-7.960315704345703
2710,train/episode_length_steps,1000000.0
2710,train/fps,55388.276126673496
2720,train/reward,1.2088985443115234
2720,train/actor_loss,0.0463750846683979
2720,train/critic_loss,0.6382161974906921
2720,train/entropy,-7.98555850982666
2720,train/episode_length_steps,1656.391057105861
2720,train/fps,55740.04025204907
2730,train/reward,1.3800883293151855
2730,train/actor_loss,0.014056408777832985
2730,train/critic_loss,0.07148926705121994
2730,train/entropy,-7.886510372161865
2730,train/episode_length_steps,14354.502954308104
2730,train/fps,56077.85815895568
2740,train/reward,1.3932079076766968
2740,train/actor_loss,0.01813175342977047
2740,train/critic_loss,0.010746878571808338
2740,train/entropy,-7.980935096740723
2740,train/episode_length_steps,41861.70104041044
2740,train/fps,56380.98942315616
2750,train/reward,1.0205148458480835
2750,train/actor_loss,0.11290723085403442
2750,train/critic_loss,1.0892566442489624
2750,train/entropy,-8.027228355407715
2750,train/episode_length_steps,297.80219652385733
2750,train/fps,56657.98680932246
2760,train/reward,1.3657978773117065
2760,train/actor_loss,0.015337514691054821
2760,train/critic_loss,0.1302051991224289
2760,train/entropy,-7.864346504211426
2760,train/episode_length_steps,5431.669177399164
2760,train/fps,56906.16518825893
2770,train/reward,1.3907344341278076
2770,train/actor_loss,0.01549484021961689
2770,train/critic_loss,0.016169102862477303
2770,train/entropy,-7.861749172210693
2770,train/episode_length_steps,41861.70104041044
2770,train/fps,57150.61234995997
2780,train/reward,1.3933401107788086
2780,train/actor_loss,0.02963945083320141
2780,train/critic_loss,0.19200550019741058
2780,train/entropy,-7.9417572021484375
2780,train/episode_length_steps,61505.19550723767
2780,train/fps,57382.69063035611
2790,train/reward,1.3457708358764648
2790,train/actor_loss,0.016446251422166824
2790,train/critic_loss,0.4326862394809723
2790,train/entropy,-7.833792209625244
2790,train/episode_length_steps,2012.4342495084372
2790,train/fps,57593.63606481558
2800,train/reward,1.388691782951355
2800,train/actor_loss,0.016836179420351982
2800,train/critic_loss,0.019194409251213074
2800,train/entropy,-7.767233371734619
2800,train/episode_length_steps,21378.31687509134
2800,train/fps,57787.73653768104
2810,train/reward,1.3912937641143799
2810,train/actor_loss,0.018656939268112183
2810,train/critic_loss,0.16374944150447845
2810,train/entropy,-7.842326641082764
2810,train/episode_length_steps,41861.70104041044
2810,train/fps,57965.239328774245
2820,train/reward,1.3239585161209106
2820,train/actor_loss,0.01376888807862997
2820,train/critic_loss,0.6103547215461731
2820,train/entropy,-7.72681188583374
2820,train/episode_length_steps,1168.9177465457567
2820,train/fps,58136.62660110512
2830,train/reward,1.3814834356307983
2830,train/actor_loss,0.017597241327166557
2830,train/critic_loss,0.0486893467605114
2830,train/entropy,-7.631346225738525
2830,train/episode_length_steps,11775.325862594367
2830,train/fps,58295.00152264083
2840,train/reward,1.391024112701416
2840,train/actor_loss,0.017935996875166893
2840,train/critic_loss,0.07338549941778183
2840,train/entropy,-7.719521999359131
2840,train/episode_length_steps,61505.19550723767
2840,train/fps,58445.44498612705
2850,train/reward,1.3156812191009521
2850,train/actor_loss,0.017683139070868492
2850,train/critic_loss,0.6328656077384949
2850,train/entropy,-7.592400550842285
2850,train/episode_length_steps,850.393099192874
2850,train/fps,58586.779883245414
2860,train/reward,1.3752789497375488
2860,train/actor_loss,0.013517475686967373
2860,train/critic_loss,0.03236733004450798
2860,train/entropy,-7.500651836395264
2860,train/episode_length_steps,8662.439779547676
2860,train/fps,58752.28345118087
2870,train/reward,1.387484073638916
2870,train/actor_loss,0.011673382483422756
2870,train/critic_loss,0.06277530640363693
2870,train/entropy,-7.592706203460693
2870,train/episode_length_steps,14354.502954308104
2870,train/fps,58900.15703797492
2880,train/reward,1.2528767585754395
2880,train/actor_loss,0.023451555520296097
2880,train/critic_loss,1.5292776823043823
2880,train/entropy,-7.580451965332031
2880,train/episode_length_steps,509.74780675281437
2880,train/fps,59043.367564460226
2890,train/reward,1.3607726097106934
2890,train/actor_loss,0.015895536169409752
2890,train/critic_loss,0.12723039090633392
2890,train/entropy,-7.46041202545166
2890,train/episode_length_steps,3730.9422268697062
2890,train/fps,59186.19387749074
2900,train/reward,1.3874082565307617
2900,train/actor_loss,0.01571444235742092
2900,train/critic_loss,0.023271573707461357
2900,train/entropy,-7.465510845184326
2900,train/episode_length_steps,25544.759457672786
2900,train/fps,59308.21159918954
2910,train/reward,1.2321865558624268
2910,train/actor_loss,0.017412737011909485
2910,train/critic_loss,1.6662739515304565
2910,train/entropy,-7.503245830535889
2910,train/episode_length_steps,642.0972501432806
2910,train/fps,59428.08960401377
2920,train/reward,1.3541362285614014
2920,train/actor_loss,0.01435794122517109
2920,train/critic_loss,0.16158555448055267
2920,train/entropy,-7.464324474334717
2920,train/episode_length_steps,3266.0976512164934
2920,train/fps,59540.065110636315
2930,train/reward,1.384792685508728
2930,train/actor_loss,0.012845749966800213
2930,train/critic_loss,0.01849975995719433
2930,train/entropy,-7.489091396331787
2930,train/episode_length_steps,21378.31687509134
2930,train/fps,59650.0061817927
2940,train/reward,1.2363231182098389
2940,train/actor_loss,0.021697428077459335
2940,train/critic_loss,2.094196319580078
2940,train/entropy,-7.537214756011963
2940,train/episode_length_steps,229.09435689589674
2940,train/fps,59764.5079702362
2950,train/reward,1.3389092683792114
2950,train/actor_loss,0.014007589779794216
2950,train/critic_loss,0.14694884419441223
2950,train/entropy,-7.45180082321167
2950,train/episode_length_steps,1677.5912149266298
2950,train/fps,59867.5424226246
2960,train/reward,1.3812839984893799
2960,train/actor_loss,0.013633142225444317
2960,train/critic_loss,0.015034380368888378
2960,train/entropy,-7.469804286956787
2960,train/episode_length_steps,16119.89169447768
2960,train/fps,59968.24781171098
2970,train/reward,1.2631590366363525
2970,train/actor_loss,0.02262529730796814
2970,train/critic_loss,0.5454759001731873
2970,train/entropy,-7.581065654754639
2970,train/episode_length_steps,2179.7715497239096
2970,train/fps,60072.193818827036
2980,train/reward,1.333937644958496
2980,train/actor_loss,0.015415171161293983
2980,train/critic_loss,0.15373888611793518
2980,train/entropy,-7.537415981292725
2980,train/episode_length_steps,1201.0511543403513
2980,train/fps,60157.249047875164
2990,train/reward,1.3823274374008179
2990,train/actor_loss,0.011695567518472672
2990,train/critic_loss,0.014300012961030006
2990,train/entropy,-7.559847354888916
2990,train/episode_length_steps,7229.136810002188
2990,train/fps,60246.28094694063
3000,train/reward,1.228749394416809
3000,train/actor_loss,0.0737304836511612
3000,train/critic_loss,0.2355356216430664
3000,train/entropy,-7.667633056640625
3000,train/episode_length_steps,485.2163026991578
3000,train/fps,60336.92071443391
3000,eval/med_figure8_normal,0.21453328430652618
3010,train/reward,1.3361139297485352
3010,train/actor_loss,0.015035468153655529
3010,train/critic_loss,0.20309339463710785
3010,train/entropy,-7.6448588371276855
3010,train/episode_length_steps,1007.2306174500739
3010,train/fps,38694.4896767558
3020,train/reward,1.3793210983276367
3020,train/actor_loss,0.01534825749695301
3020,train/critic_loss,0.019044144079089165
3020,train/entropy,-7.6566996574401855
3020,train/episode_length_steps,4831.066019064783
3020,train/fps,39004.46474999483
3030,train/reward,1.3897278308868408
3030,train/actor_loss,0.01198037713766098
3030,train/critic_loss,0.06088037043809891
3030,train/entropy,-7.755954265594482
3030,train/episode_length_steps,16119.89169447768
3030,train/fps,39312.383029605495
3040,train/reward,1.329132318496704
3040,train/actor_loss,0.015424029901623726
3040,train/critic_loss,0.21261750161647797
3040,train/entropy,-7.733442783355713
3040,train/episode_length_steps,813.4495623538085
3040,train/fps,39612.010136328296
3050,train/reward,1.3783469200134277
3050,train/actor_loss,0.014008382335305214
3050,train/critic_loss,0.022135568782687187
3050,train/entropy,-7.729351043701172
3050,train/episode_length_steps,4831.066019064783
3050,train/fps,39906.37654025597
3060,train/reward,1.3912057876586914
3060,train/actor_loss,0.0109031293541193
3060,train/critic_loss,0.09434368461370468
3060,train/entropy,-7.830066204071045
3060,train/episode_length_steps,18380.40619979717
3060,train/fps,40193.100986962905
3070,train/reward,1.3090119361877441
3070,train/actor_loss,0.02674504928290844
3070,train/critic_loss,0.5041399002075195
3070,train/entropy,-7.8112945556640625
3070,train/episode_length_steps,612.1110718578947
3070,train/fps,40469.395738061896
3080,train/reward,1.3713080883026123
3080,train/actor_loss,0.017749307677149773
3080,train/critic_loss,0.03322898969054222
3080,train/entropy,-7.725991725921631
3080,train/episode_length_steps,2667.802566978388
3080,train/fps,40738.63095756354
3090,train/reward,1.3889814615249634
3090,train/actor_loss,0.015601295046508312
3090,train/critic_loss,0.020765138790011406
3090,train/entropy,-7.760117530822754
3090,train/episode_length_steps,16119.89169447768
3090,train/fps,40998.34826082744
3100,train/reward,1.3084571361541748
3100,train/actor_loss,0.015486925840377808
3100,train/critic_loss,0.871791660785675
3100,train/entropy,-7.7083916664123535
3100,train/episode_length_steps,545.8352345172557
3100,train/fps,41255.164501586776
3110,train/reward,1.36845064163208
3110,train/actor_loss,0.014455786906182766
3110,train/critic_loss,0.07966888695955276
3110,train/entropy,-7.636096477508545
3110,train/episode_length_steps,2254.7666074350045
3110,train/fps,41504.69294463321
3120,train/reward,1.3882617950439453
3120,train/actor_loss,0.01395478006452322
3120,train/critic_loss,0.019636860117316246
3120,train/entropy,-7.68841552734375
3120,train/episode_length_steps,8125.436424807974
3120,train/fps,41747.50123594022
3130,train/reward,1.3260265588760376
3130,train/actor_loss,0.01817692629992962
3130,train/critic_loss,0.5181388854980469
3130,train/entropy,-7.686916351318359
3130,train/episode_length_steps,488.8355498015537
3130,train/fps,41986.2544716446
3140,train/reward,1.3642292022705078
3140,train/actor_loss,0.014692777767777443
3140,train/critic_loss,0.09771747887134552
3140,train/entropy,-7.6312150955200195
3140,train/episode_length_steps,2076.1884100431557
3140,train/fps,42218.81246046382
3150,train/reward,1.3879892826080322
3150,train/actor_loss,0.01529637910425663
3150,train/critic_loss,0.01134712528437376
3150,train/entropy,-7.680220127105713
3150,train/episode_length_steps,8662.439779547676
3150,train/fps,42446.394055959514
3160,train/reward,1.30892813205719
3160,train/actor_loss,0.016223587095737457
3160,train/critic_loss,0.5026149749755859
3160,train/entropy,-7.724907875061035
3160,train/episode_length_steps,642.0972501432806
3160,train/fps,42671.379616020975
3170,train/reward,1.3656227588653564
3170,train/actor_loss,0.017963727936148643
3170,train/critic_loss,0.06869588792324066
3170,train/entropy,-7.6957573890686035
3170,train/episode_length_steps,1595.8880945813053
3170,train/fps,42887.74275087254
3180,train/reward,1.3873600959777832
3180,train/actor_loss,0.012367776595056057
3180,train/critic_loss,0.01562993787229061
3180,train/entropy,-7.707817077636719
3180,train/episode_length_steps,8662.439779547676
3180,train/fps,43100.820637334386
3190,train/reward,1.3251454830169678
3190,train/actor_loss,0.020221758633852005
3190,train/critic_loss,0.7288431525230408
3190,train/entropy,-7.756103038787842
3190,train/episode_length_steps,271.85968217373056
3190,train/fps,43312.99613015428
3200,train/reward,1.3579410314559937
3200,train/actor_loss,0.015451433137059212
3200,train/critic_loss,0.1112019345164299
3200,train/entropy,-7.698195934295654
3200,train/episode_length_steps,1283.3704516486423
3200,train/fps,43518.18277142824
3210,train/reward,1.3838820457458496
3210,train/actor_loss,0.017009276896715164
3210,train/critic_loss,0.00923797395080328
3210,train/entropy,-7.728082180023193
3210,train/episode_length_steps,6510.929969352849
3210,train/fps,43718.500427863604
3220,train/reward,1.3333628177642822
3220,train/actor_loss,0.016483275219798088
3220,train/critic_loss,0.17777352035045624
3220,train/entropy,-7.8936944007873535
3220,train/episode_length_steps,2294.2331626474643
3220,train/fps,43917.47565840315
3230,train/reward,1.3561763763427734
3230,train/actor_loss,0.01894024759531021
3230,train/critic_loss,0.13491784036159515
3230,train/entropy,-7.8580002784729
3230,train/episode_length_steps,955.8154697427
3230,train/fps,44111.92034262077
3240,train/reward,1.3857585191726685
3240,train/actor_loss,0.018543666228652
3240,train/critic_loss,0.007678397931158543
3240,train/entropy,-7.932315349578857
3240,train/episode_length_steps,3627.6809057865757
3240,train/fps,44304.94632988582
3250,train/reward,1.272737741470337
3250,train/actor_loss,0.06655224412679672
3250,train/critic_loss,0.1719343066215515
3250,train/entropy,-8.108551025390625
3250,train/episode_length_steps,623.7630577547333
3250,train/fps,44491.355888558064
3260,train/reward,1.346015453338623
3260,train/actor_loss,0.022691145539283752
3260,train/critic_loss,0.17994877696037292
3260,train/entropy,-8.00927448272705
3260,train/episode_length_steps,850.393099192874
3260,train/fps,44676.65845273324
3270,train/reward,1.3844163417816162
3270,train/actor_loss,0.01825287938117981
3270,train/critic_loss,0.01430252380669117
3270,train/entropy,-7.947454929351807
3270,train/episode_length_steps,4210.327225480703
3270,train/fps,44859.488071474516
3280,train/reward,1.391376256942749
3280,train/actor_loss,0.014059101231396198
3280,train/critic_loss,0.033783208578825
3280,train/entropy,-8.10319995880127
3280,train/episode_length_steps,12937.623975034428
3280,train/fps,45038.0305206502
3290,train/reward,1.337890625
3290,train/actor_loss,0.05483226105570793
3290,train/critic_loss,0.24786637723445892
3290,train/entropy,-7.984355926513672
3290,train/episode_length_steps,700.4288416623831
3290,train/fps,45213.26781829577
3300,train/reward,1.3801367282867432
3300,train/actor_loss,0.017353860661387444
3300,train/critic_loss,0.026156524196267128
3300,train/entropy,-7.892320156097412
3300,train/episode_length_steps,3349.563232001413
3300,train/fps,45386.02365133908
3310,train/reward,1.3909225463867188
3310,train/actor_loss,0.016274109482765198
3310,train/critic_loss,0.017770014703273773
3310,train/entropy,-7.937722682952881
3310,train/episode_length_steps,12937.623975034428
3310,train/fps,45554.69390268614
3320,train/reward,1.3230297565460205
3320,train/actor_loss,0.03597354143857956
3320,train/critic_loss,0.4116414189338684
3320,train/entropy,-7.759189128875732
3320,train/episode_length_steps,559.8231746019597
3320,train/fps,45722.51773237208
3330,train/reward,1.368454933166504
3330,train/actor_loss,0.010271849110722542
3330,train/critic_loss,0.07535817474126816
3330,train/entropy,-7.650010108947754
3330,train/episode_length_steps,1576.6908431061734
3330,train/fps,45886.496120739874
3340,train/reward,1.3879990577697754
3340,train/actor_loss,0.013739794492721558
3340,train/critic_loss,0.021392066031694412
3340,train/entropy,-7.7328691482543945
3340,train/episode_length_steps,7651.1265611398985
3340,train/fps,46049.2709152932
3350,train/reward,1.3165733814239502
3350,train/actor_loss,0.03653896227478981
3350,train/critic_loss,0.39455926418304443
3350,train/entropy,-7.649765968322754
3350,train/episode_length_steps,519.8565926852523
3350,train/fps,46241.32085240453
3360,train/reward,1.3691635131835938
3360,train/actor_loss,0.029331445693969727
3360,train/critic_loss,0.041135963052511215
3360,train/entropy,-7.59032678604126
3360,train/episode_length_steps,2216.634936028219
3360,train/fps,46431.93778858091
3370,train/reward,1.3865282535552979
3370,train/actor_loss,0.020141828805208206
3370,train/critic_loss,0.008524860255420208
3370,train/entropy,-7.705277442932129
3370,train/episode_length_steps,8662.439779547676
3370,train/fps,46622.02664455591
3380,train/reward,1.3191759586334229
3380,train/actor_loss,0.019691722467541695
3380,train/critic_loss,0.46984416246414185
3380,train/entropy,-7.764443397521973
3380,train/episode_length_steps,490.6654962250142
3380,train/fps,46807.52699546279
3390,train/reward,1.3623583316802979
3390,train/actor_loss,0.022259818390011787
3390,train/critic_loss,0.07626607269048691
3390,train/entropy,-7.713520050048828
3390,train/episode_length_steps,1615.5585864808984
3390,train/fps,46991.99281043173
3400,train/reward,1.386264443397522
3400,train/actor_loss,0.013080345466732979
3400,train/critic_loss,0.029817679896950722
3400,train/entropy,-7.801210880279541
3400,train/episode_length_steps,5431.669177399164
3400,train/fps,47174.22984769037
3410,train/reward,1.3117444515228271
3410,train/actor_loss,0.04617394879460335
3410,train/critic_loss,1.087283730506897
3410,train/entropy,-7.8255534172058105
3410,train/episode_length_steps,505.8135212746698
3410,train/fps,47353.92380362957
3420,train/reward,1.3600013256072998
3420,train/actor_loss,0.027900507673621178
3420,train/critic_loss,0.3710481822490692
3420,train/entropy,-7.643993377685547
3420,train/episode_length_steps,1119.0198959333352
3420,train/fps,47532.342208409566
3430,train/reward,1.3857216835021973
3430,train/actor_loss,0.014843019656836987
3430,train/critic_loss,0.04542221873998642
3430,train/entropy,-7.558688640594482
3430,train/episode_length_steps,5666.490511118551
3430,train/fps,47706.827870015695
3440,train/reward,1.32144033908844
3440,train/actor_loss,0.030854959040880203
3440,train/critic_loss,0.7324199080467224
3440,train/entropy,-7.547048091888428
3440,train/episode_length_steps,302.61509384392537
3440,train/fps,47881.41106551166
3450,train/reward,1.3478361368179321
3450,train/actor_loss,0.030205292627215385
3450,train/critic_loss,0.13955296576023102
3450,train/entropy,-7.420325756072998
3450,train/episode_length_steps,828.8820049231059
3450,train/fps,48051.88449714549
3460,train/reward,1.3820083141326904
3460,train/actor_loss,0.008465400896966457
3460,train/critic_loss,0.01714986003935337
3460,train/entropy,-7.433520793914795
3460,train/episode_length_steps,3437.4066378202006
3460,train/fps,48222.60287769573
3470,train/reward,1.3250486850738525
3470,train/actor_loss,0.027868786826729774
3470,train/critic_loss,1.0930334329605103
3470,train/entropy,-7.51423978805542
3470,train/episode_length_steps,784.2467497605712
3470,train/fps,48388.419238590555
3480,train/reward,1.3389649391174316
3480,train/actor_loss,0.01651068590581417
3480,train/critic_loss,1.4483182430267334
3480,train/entropy,-7.394540309906006
3480,train/episode_length_steps,548.1178121427901
3480,train/fps,48553.35130297269
3490,train/reward,1.3782904148101807
3490,train/actor_loss,0.01625657267868519
3490,train/critic_loss,0.14526723325252533
3490,train/entropy,-7.292944431304932
3490,train/episode_length_steps,2514.2778571674103
3490,train/fps,48716.0186264353
3500,train/reward,1.3302595615386963
3500,train/actor_loss,0.03204341605305672
3500,train/critic_loss,0.8798232078552246
3500,train/entropy,-7.3229570388793945
3500,train/episode_length_steps,364.96981247002765
3500,train/fps,48875.84167127862
3510,train/reward,1.3298230171203613
3510,train/actor_loss,0.01781311444938183
3510,train/critic_loss,0.8870620131492615
3510,train/entropy,-7.185220241546631
3510,train/episode_length_steps,513.7437748076409
3510,train/fps,49026.80052034562
3520,train/reward,1.373739242553711
3520,train/actor_loss,0.016242695972323418
3520,train/critic_loss,0.08869027346372604
3520,train/entropy,-7.0984954833984375
3520,train/episode_length_steps,1699.341090449255
3520,train/fps,49179.93973451183
3530,train/reward,1.3850083351135254
3530,train/actor_loss,0.014074820093810558
3530,train/critic_loss,0.19219794869422913
3530,train/entropy,-7.100518226623535
3530,train/episode_length_steps,5431.669177399164
3530,train/fps,49332.51692951095
3540,train/reward,1.3097026348114014
3540,train/actor_loss,0.01541630644351244
3540,train/critic_loss,4.237179756164551
3540,train/entropy,-7.0139923095703125
3540,train/episode_length_steps,369.08063060165006
3540,train/fps,49483.4935717023
3550,train/reward,1.360590934753418
3550,train/actor_loss,0.014505311846733093
3550,train/critic_loss,0.7589001059532166
3550,train/entropy,-6.8993239402771
3550,train/episode_length_steps,1030.9989362789295
3550,train/fps,49633.80663323598
3560,train/reward,1.383619785308838
3560,train/actor_loss,0.017519978806376457
3560,train/critic_loss,0.12657469511032104
3560,train/entropy,-6.86370325088501
3560,train/episode_length_steps,3266.0976512164934
3560,train/fps,49779.53481355519
3570,train/reward,1.3132919073104858
3570,train/actor_loss,0.015134657733142376
3570,train/critic_loss,5.168590545654297
3570,train/entropy,-6.803460597991943
3570,train/episode_length_steps,279.98995973503764
3570,train/fps,49923.88647389309
3580,train/reward,1.3544697761535645
3580,train/actor_loss,0.014706931076943874
3580,train/critic_loss,1.5006601810455322
3580,train/entropy,-6.74043607711792
3580,train/episode_length_steps,671.7126014661571
3580,train/fps,50068.2830079883
3590,train/reward,1.3793551921844482
3590,train/actor_loss,0.011835712008178234
3590,train/critic_loss,0.24345898628234863
3590,train/entropy,-6.699082851409912
3590,train/episode_length_steps,2723.2304321000784
3590,train/fps,50208.107857260016
3600,train/reward,1.3170775175094604
3600,train/actor_loss,0.0172892939299345
3600,train/critic_loss,5.596568584442139
3600,train/entropy,-6.687936305999756
3600,train/episode_length_steps,302.61509384392537
3600,train/fps,50347.65585751038
3610,train/reward,1.3446087837219238
3610,train/actor_loss,0.017838504165410995
3610,train/critic_loss,2.294156312942505
3610,train/entropy,-6.596055507659912
3610,train/episode_length_steps,528.2369472856668
3610,train/fps,50484.972465603554
3620,train/reward,1.3739947080612183
3620,train/actor_loss,0.01099415123462677
3620,train/critic_loss,0.4110848903656006
3620,train/entropy,-6.518774509429932
3620,train/episode_length_steps,1615.5585864808984
3620,train/fps,50622.786060690225
3630,train/reward,1.3301897048950195
3630,train/actor_loss,0.012056954205036163
3630,train/critic_loss,2.565995931625366
3630,train/entropy,-6.517859935760498
3630,train/episode_length_steps,349.4032080605682
3630,train/fps,50756.04037811056
3640,train/reward,1.333404779434204
3640,train/actor_loss,0.019987743347883224
3640,train/critic_loss,2.4338529109954834
3640,train/entropy,-6.450982093811035
3640,train/episode_length_steps,429.55966149524096
3640,train/fps,50888.961150236486
3650,train/reward,1.3742839097976685
3650,train/actor_loss,0.0131890419870615
3650,train/critic_loss,0.3464517593383789
3650,train/entropy,-6.387084484100342
3650,train/episode_length_steps,1309.004261933798
3650,train/fps,51020.401634622125
3660,train/reward,1.3435684442520142
3660,train/actor_loss,0.012809926643967628
3660,train/critic_loss,1.5392189025878906
3660,train/entropy,-6.3621368408203125
3660,train/episode_length_steps,481.6502541833958
3660,train/fps,51149.87083034648
3670,train/reward,1.3342704772949219
3670,train/actor_loss,0.011986264027655125
3670,train/critic_loss,2.4140515327453613
3670,train/entropy,-6.313121318817139
3670,train/episode_length_steps,490.6654962250142
3670,train/fps,51271.257043608
3680,train/reward,1.3676754236221313
3680,train/actor_loss,0.014633819460868835
3680,train/critic_loss,0.7765894532203674
3680,train/entropy,-6.2374091148376465
3680,train/episode_length_steps,1119.0198959333352
3680,train/fps,51397.04885421527
3690,train/reward,1.356223225593567
3690,train/actor_loss,0.013668146915733814
3690,train/critic_loss,1.5293209552764893
3690,train/entropy,-6.222994327545166
3690,train/episode_length_steps,603.6538151481149
3690,train/fps,51525.99048679465
3700,train/reward,1.320106863975525
3700,train/actor_loss,0.012294045649468899
3700,train/critic_loss,4.642212867736816
3700,train/entropy,-6.184014320373535
3700,train/episode_length_steps,381.9881400889279
3700,train/fps,51650.54511996533
3710,train/reward,1.3584961891174316
3710,train/actor_loss,0.020347878336906433
3710,train/critic_loss,1.2851943969726562
3710,train/entropy,-6.140512943267822
3710,train/episode_length_steps,1073.207643669909
3710,train/fps,51774.045399621325
3720,train/reward,1.361039638519287
3720,train/actor_loss,0.01849985681474209
3720,train/critic_loss,0.6588113903999329
3720,train/entropy,-6.154448986053467
3720,train/episode_length_steps,765.9158472401787
3720,train/fps,51894.36143511809
3730,train/reward,1.3168692588806152
3730,train/actor_loss,0.01319801714271307
3730,train/critic_loss,3.1076772212982178
3730,train/entropy,-6.116597652435303
3730,train/episode_length_steps,388.78647174948026
3730,train/fps,52014.278587218134
3740,train/reward,1.350620150566101
3740,train/actor_loss,0.01095526572316885
3740,train/critic_loss,1.0326098203659058
3740,train/entropy,-6.104659557342529
3740,train/episode_length_steps,788.9674003909396
3740,train/fps,52136.04932453175
3750,train/reward,1.372910499572754
3750,train/actor_loss,0.010854999534785748
3750,train/critic_loss,0.3859504163265228
3750,train/entropy,-6.1760687828063965
3750,train/episode_length_steps,1246.7484398903493
3750,train/fps,52254.88032288555
3760,train/reward,1.3276418447494507
3760,train/actor_loss,0.016113217920064926
3760,train/critic_loss,1.7939348220825195
3760,train/entropy,-6.174735069274902
3760,train/episode_length_steps,404.3796208467172
3760,train/fps,52374.363969811464
3770,train/reward,1.3483469486236572
3770,train/actor_loss,0.010334447026252747
3770,train/critic_loss,0.589176595211029
3770,train/entropy,-6.1799492835998535
3770,train/episode_length_steps,693.0220328894451
3770,train/fps,52489.798502535305
3780,train/reward,1.377258539199829
3780,train/actor_loss,0.009959938935935497
3780,train/critic_loss,0.1665848344564438
3780,train/entropy,-6.235152721405029
3780,train/episode_length_steps,2614.586019624715
3780,train/fps,52606.75727588845
3790,train/reward,1.336617350578308
3790,train/actor_loss,0.01471945084631443
3790,train/critic_loss,0.8524153828620911
3790,train/entropy,-6.268826961517334
3790,train/episode_length_steps,445.62445956066824
3790,train/fps,52719.141644375275
3800,train/reward,1.3473567962646484
3800,train/actor_loss,0.015076755546033382
3800,train/critic_loss,0.5740687847137451
3800,train/entropy,-6.281460762023926
3800,train/episode_length_steps,564.6465114329891
3800,train/fps,52832.00767947913
3810,train/reward,1.3761255741119385
3810,train/actor_loss,0.014793507754802704
3810,train/critic_loss,0.13470952212810516
3810,train/entropy,-6.284054756164551
3810,train/episode_length_steps,1792.288782530085
3810,train/fps,52943.87297632456
3820,train/reward,1.343697190284729
3820,train/actor_loss,0.013607973232865334
3820,train/critic_loss,0.521020770072937
3820,train/entropy,-6.348378658294678
3820,train/episode_length_steps,511.73799014904364
3820,train/fps,53054.03881241844
3830,train/reward,1.3446706533432007
3830,train/actor_loss,0.014149283058941364
3830,train/critic_loss,0.38913843035697937
3830,train/entropy,-6.378457069396973
3830,train/episode_length_steps,707.995684268495
3830,train/fps,53163.7609817293
3840,train/reward,1.3693602085113525
3840,train/actor_loss,0.013703808188438416
3840,train/critic_loss,0.08325090259313583
3840,train/entropy,-6.444206237792969
3840,train/episode_length_steps,2179.7715497239096
3840,train/fps,53271.14768036315
3850,train/reward,1.3478899002075195
3850,train/actor_loss,0.013981133699417114
3850,train/critic_loss,0.34318360686302185
3850,train/entropy,-6.526639461517334
3850,train/episode_length_steps,696.70575204079
3850,train/fps,53378.45626625785
3860,train/reward,1.3318548202514648
3860,train/actor_loss,0.022201893851161003
3860,train/critic_loss,0.3830339014530182
3860,train/entropy,-6.483013153076172
3860,train/episode_length_steps,598.1442923804069
3860,train/fps,53483.40834088729
3870,train/reward,1.3597562313079834
3870,train/actor_loss,0.012509673833847046
3870,train/critic_loss,0.18275104463100433
3870,train/entropy,-6.507195949554443
3870,train/episode_length_steps,1407.392797969726
3870,train/fps,53589.094656542744
3880,train/reward,1.3520746231079102
3880,train/actor_loss,0.0253529604524374
3880,train/critic_loss,0.2555222511291504
3880,train/entropy,-6.569675445556641
3880,train/episode_length_steps,761.4662389368028
3880,train/fps,53691.31751035081
3890,train/reward,1.3274455070495605
3890,train/actor_loss,0.019899245351552963
3890,train/critic_loss,0.5344342589378357
3890,train/entropy,-6.539648532867432
3890,train/episode_length_steps,582.2030643553281
3890,train/fps,53793.80633031512
3900,train/reward,1.3574485778808594
3900,train/actor_loss,0.0125051811337471
3900,train/critic_loss,0.14632482826709747
3900,train/entropy,-6.561060428619385
3900,train/episode_length_steps,1487.2393700146981
3900,train/fps,53895.13384220874
3910,train/reward,1.3593108654022217
3910,train/actor_loss,0.014379394240677357
3910,train/critic_loss,0.17683614790439606
3910,train/entropy,-6.677317142486572
3910,train/episode_length_steps,984.5334979350276
3910,train/fps,53993.03626936416
3920,train/reward,1.3235931396484375
3920,train/actor_loss,0.01543216872960329
3920,train/critic_loss,0.3464864492416382
3920,train/entropy,-6.705140113830566
3920,train/episode_length_steps,579.6284377938119
3920,train/fps,54091.3714560938
3930,train/reward,1.3523921966552734
3930,train/actor_loss,0.02193758264183998
3930,train/critic_loss,0.21919210255146027
3930,train/entropy,-6.702160835266113
3930,train/episode_length_steps,1128.6557313446654
3930,train/fps,54187.69668669585
3940,train/reward,1.3644567728042603
3940,train/actor_loss,0.014249230735003948
3940,train/critic_loss,0.13004449009895325
3940,train/entropy,-6.771824836730957
3940,train/episode_length_steps,1335.6829526941272
3940,train/fps,54285.866882558694
3950,train/reward,1.3264813423156738
3950,train/actor_loss,0.019651414826512337
3950,train/critic_loss,0.49184393882751465
3950,train/entropy,-6.808615207672119
3950,train/episode_length_steps,456.4883872965166
3950,train/fps,54381.52013271323
3960,train/reward,1.349910020828247
3960,train/actor_loss,0.018725715577602386
3960,train/critic_loss,0.13638974726200104
3960,train/entropy,-6.809672832489014
3960,train/episode_length_steps,909.3944711658012
3960,train/fps,54477.92035483753
3970,train/reward,1.3686168193817139
3970,train/actor_loss,0.017129143700003624
3970,train/critic_loss,0.1011061891913414
3970,train/entropy,-6.8348069190979
3970,train/episode_length_steps,1363.4717399177655
3970,train/fps,54571.89753699545
3980,train/reward,1.3235533237457275
3980,train/actor_loss,0.020377470180392265
3980,train/critic_loss,0.3045220971107483
3980,train/entropy,-6.832300662994385
3980,train/episode_length_steps,488.8355498015537
3980,train/fps,54665.93890495978
3990,train/reward,1.3457694053649902
3990,train/actor_loss,0.013424654491245747
3990,train/critic_loss,0.2227679342031479
3990,train/entropy,-6.828650951385498
3990,train/episode_length_steps,915.7480494521833
3990,train/fps,54758.02865908014
4000,train/reward,1.3712713718414307
4000,train/actor_loss,0.019846895709633827
4000,train/critic_loss,0.07825654000043869
4000,train/entropy,-6.911708831787109
4000,train/episode_length_steps,2179.7715497239096
4000,train/fps,54849.044544373624
4000,eval/med_figure8_normal,0.1279219537973404
4010,train/reward,1.3464678525924683
4010,train/actor_loss,0.014548088423907757
4010,train/critic_loss,0.3130527436733246
4010,train/entropy,-6.907382488250732
4010,train/episode_length_steps,555.0815438639096
4010,train/fps,48278.27679297844
4020,train/reward,1.346686601638794
4020,train/actor_loss,0.017690103501081467
4020,train/critic_loss,0.16149984300136566
4020,train/entropy,-6.821258068084717
4020,train/episode_length_steps,719.6575442107978
4020,train/fps,48391.640417614355
4030,train/reward,1.3738794326782227
4030,train/actor_loss,0.01283672358840704
4030,train/critic_loss,0.05387277156114578
4030,train/entropy,-6.932823181152344
4030,train/episode_length_steps,1895.9925863727383
4030,train/fps,48501.672490220655
4040,train/reward,1.349078893661499
4040,train/actor_loss,0.019438549876213074
4040,train/critic_loss,0.20871873199939728
4040,train/entropy,-7.019730567932129
4040,train/episode_length_steps,765.9158472401787
4040,train/fps,48612.23028372619
4050,train/reward,1.3401072025299072
4050,train/actor_loss,0.020289499312639236
4050,train/critic_loss,0.19178041815757751
4050,train/entropy,-7.0525803565979
4050,train/episode_length_steps,664.8977184073752
4050,train/fps,48719.583436002904
4060,train/reward,1.3708035945892334
4060,train/actor_loss,0.015369640663266182
4060,train/critic_loss,0.04463178664445877
4060,train/entropy,-7.127443790435791
4060,train/episode_length_steps,1952.4788759518094
4060,train/fps,48829.16652255658
4070,train/reward,1.3537951707839966
4070,train/actor_loss,0.013750508427619934
4070,train/critic_loss,0.38743582367897034
4070,train/entropy,-7.240033149719238
4070,train/episode_length_steps,592.734430374398
4070,train/fps,48936.62635628424
4080,train/reward,1.3416402339935303
4080,train/actor_loss,0.015626966953277588
4080,train/critic_loss,0.2050883024930954
4080,train/entropy,-7.225276470184326
4080,train/episode_length_steps,689.3770629978882
4080,train/fps,49044.26286177285
4090,train/reward,1.3664106130599976
4090,train/actor_loss,0.008961296640336514
4090,train/critic_loss,0.07920365780591965
4090,train/entropy,-7.284194469451904
4090,train/episode_length_steps,1363.4717399177655
4090,train/fps,49148.91949869181
4100,train/reward,1.3588289022445679
4100,train/actor_loss,0.03041112795472145
4100,train/critic_loss,0.21082694828510284
4100,train/entropy,-7.328812599182129
4100,train/episode_length_steps,711.8407478776858
4100,train/fps,49253.659997453266
4110,train/reward,1.3404768705368042
4110,train/actor_loss,0.02347012422978878
4110,train/critic_loss,0.23892727494239807
4110,train/entropy,-7.294231414794922
4110,train/episode_length_steps,524.0132661327258
4110,train/fps,49357.26569473653
4120,train/reward,1.365182876586914
4120,train/actor_loss,0.012039225548505783
4120,train/critic_loss,0.13649551570415497
4120,train/entropy,-7.31866979598999
4120,train/episode_length_steps,984.5334979350276
4120,train/fps,49459.00014164033
4130,train/reward,1.364426612854004
4130,train/actor_loss,0.023643014952540398
4130,train/critic_loss,0.08923671394586563
4130,train/entropy,-7.380214691162109
4130,train/episode_length_steps,654.9307845610301
4130,train/fps,49559.84471670325
4140,train/reward,1.3393986225128174
4140,train/actor_loss,0.022914821282029152
4140,train/critic_loss,0.16057638823986053
4140,train/entropy,-7.337973117828369
4140,train/episode_length_steps,374.35123724180636
4140,train/fps,49658.986328217754
4150,train/reward,1.359371304512024
4150,train/actor_loss,0.017552290111780167
4150,train/critic_loss,0.21131651103496552
4150,train/entropy,-7.292702674865723
4150,train/episode_length_steps,696.70575204079
4150,train/fps,49758.802113604375
4160,train/reward,1.3704934120178223
4160,train/actor_loss,0.016175901517271996
4160,train/critic_loss,0.12485747784376144
4160,train/entropy,-7.266258239746094
4160,train/episode_length_steps,890.8519337098286
4160,train/fps,49855.938504753285
4170,train/reward,1.340369462966919
4170,train/actor_loss,0.020570438355207443
4170,train/critic_loss,0.326511949300766
4170,train/entropy,-7.232619762420654
4170,train/episode_length_steps,404.3796208467172
4170,train/fps,49954.11570379602
4180,train/reward,1.3537544012069702
4180,train/actor_loss,0.025382032617926598
4180,train/critic_loss,0.22128306329250336
4180,train/entropy,-7.186860084533691
4180,train/episode_length_steps,534.7016962419191
4180,train/fps,50049.7793359217
4190,train/reward,1.368114709854126
4190,train/actor_loss,0.02131682075560093
4190,train/critic_loss,0.11243107169866562
4190,train/entropy,-7.1920976638793945
4190,train/episode_length_steps,844.9113276288067
4190,train/fps,50145.30527240859
4200,train/reward,1.3366713523864746
4200,train/actor_loss,0.020612753927707672
4200,train/critic_loss,0.3600733280181885
4200,train/entropy,-7.140285015106201
4200,train/episode_length_steps,386.4936327627331
4200,train/fps,50239.41490286327
4210,train/reward,1.3479232788085938
4210,train/actor_loss,0.01685888133943081
4210,train/critic_loss,0.2585820257663727
4210,train/entropy,-7.115128517150879
4210,train/episode_length_steps,524.0132661327258
4210,train/fps,50333.11273398204
4220,train/reward,1.3709927797317505
4220,train/actor_loss,0.012193257920444012
4220,train/critic_loss,0.12472843378782272
4220,train/entropy,-7.145606994628906
4220,train/episode_length_steps,1022.9524966434373
4220,train/fps,50426.03689542466
4230,train/reward,1.340083360671997
4230,train/actor_loss,0.013790130615234375
4230,train/critic_loss,0.287607342004776
4230,train/entropy,-7.146707057952881
4230,train/episode_length_steps,318.03474405346464
4230,train/fps,50517.51626266469
4240,train/reward,1.3396666049957275
4240,train/actor_loss,0.01337997056543827
4240,train/critic_loss,0.24430151283740997
4240,train/entropy,-7.101047039031982
4240,train/episode_length_steps,313.47108305789817
4240,train/fps,50608.45604424658
4250,train/reward,1.370476484298706
4250,train/actor_loss,0.009215719997882843
4250,train/critic_loss,0.15228496491909027
4250,train/entropy,-7.053516387939453
4250,train/episode_length_steps,999.549519430452
4250,train/fps,50697.59820232347
4260,train/reward,1.3440638780593872
4260,train/actor_loss,0.01809013821184635
4260,train/critic_loss,0.34334486722946167
4260,train/entropy,-7.049323558807373
4260,train/episode_length_steps,326.75603848509644
4260,train/fps,50787.67177259885
4270,train/reward,1.3407634496688843
4270,train/actor_loss,0.013985677622258663
4270,train/critic_loss,0.22292779386043549
4270,train/entropy,-7.013280391693115
4270,train/episode_length_steps,328.3933754974606
4270,train/fps,50875.53030171209
4280,train/reward,1.3684413433074951
4280,train/actor_loss,0.010958372615277767
4280,train/critic_loss,0.12227346003055573
4280,train/entropy,-7.046423435211182
4280,train/episode_length_steps,850.393099192874
4280,train/fps,50964.51623706817
4290,train/reward,1.3550125360488892
4290,train/actor_loss,0.020852258428931236
4290,train/critic_loss,0.16601358354091644
4290,train/entropy,-7.130547523498535
4290,train/episode_length_steps,392.2771959382454
4290,train/fps,51051.81252861063
4300,train/reward,1.3426978588104248
4300,train/actor_loss,0.015886429697275162
4300,train/critic_loss,0.2525741159915924
4300,train/entropy,-7.099330425262451
4300,train/episode_length_steps,421.27582808572714
4300,train/fps,51139.31717952219
4310,train/reward,1.3643603324890137
4310,train/actor_loss,0.018977371975779533
4310,train/critic_loss,0.12585704028606415
4310,train/entropy,-7.145805358886719
4310,train/episode_length_steps,715.7278039632729
4310,train/fps,51226.49639198446
4320,train/reward,1.3559749126434326
4320,train/actor_loss,0.022294774651527405
4320,train/critic_loss,0.2797226905822754
4320,train/entropy,-7.181102275848389
4320,train/episode_length_steps,550.4195605351325
4320,train/fps,51312.14178902358
4330,train/reward,1.331385612487793
4330,train/actor_loss,0.028887001797556877
4330,train/critic_loss,0.37818512320518494
4330,train/entropy,-7.143300533294678
4330,train/episode_length_steps,304.72571858282305
4330,train/fps,51397.75687390537
4340,train/reward,1.3551313877105713
4340,train/actor_loss,0.015986664220690727
4340,train/critic_loss,0.09095167368650436
4340,train/entropy,-7.1350531578063965
4340,train/episode_length_steps,530.3744241436383
4340,train/fps,51481.87427057942
4350,train/reward,1.3614888191223145
4350,train/actor_loss,0.013270017690956593
4350,train/critic_loss,0.0545300729572773
4350,train/entropy,-7.231629848480225
4350,train/episode_length_steps,498.12437202399263
4350,train/fps,51566.81427268338
4360,train/reward,1.3333631753921509
4360,train/actor_loss,0.017234910279512405
4360,train/critic_loss,0.2029692679643631
4360,train/entropy,-7.252889156341553
4360,train/episode_length_steps,293.7970659887146
4360,train/fps,51648.882782437744
4370,train/reward,1.340649127960205
4370,train/actor_loss,0.028073597699403763
4370,train/critic_loss,0.14669202268123627
4370,train/entropy,-7.2522172927856445
4370,train/episode_length_steps,286.7273918321614
4370,train/fps,51732.45262161807
4380,train/reward,1.363661289215088
4380,train/actor_loss,0.011219128966331482
4380,train/critic_loss,0.17538122832775116
4380,train/entropy,-7.274949073791504
4380,train/episode_length_steps,471.2598238574365
4380,train/fps,51813.82792622785
4390,train/reward,1.3194890022277832
4390,train/actor_loss,0.026477545499801636
4390,train/critic_loss,0.13115713000297546
4390,train/entropy,-7.246185302734375
4390,train/episode_length_steps,182.51821305400918
4390,train/fps,51895.500640005404
4400,train/reward,1.3425207138061523
4400,train/actor_loss,0.024445999413728714
4400,train/critic_loss,0.2382127046585083
4400,train/entropy,-7.19873571395874
4400,train/episode_length_steps,301.224179182497
4400,train/fps,51975.81694966537
4410,train/reward,1.368585228919983
4410,train/actor_loss,0.025911862030625343
4410,train/critic_loss,0.0376310870051384
4410,train/entropy,-7.218122959136963
4410,train/episode_length_steps,577.0764820763933
4410,train/fps,52055.74189538727
4420,train/reward,1.3319709300994873
4420,train/actor_loss,0.013724279589951038
4420,train/critic_loss,0.2514289617538452
4420,train/entropy,-7.232579231262207
4420,train/episode_length_steps,232.7557588582148
4420,train/fps,52135.37819835301
4430,train/reward,1.3363332748413086
4430,train/actor_loss,0.0133662773296237
4430,train/critic_loss,0.2856007516384125
4430,train/entropy,-7.210052013397217
4430,train/episode_length_steps,299.1616170970864
4430,train/fps,52213.061890785706
4440,train/reward,1.3644578456878662
4440,train/actor_loss,0.010222840122878551
4440,train/critic_loss,0.079086534678936
4440,train/entropy,-7.17956018447876
4440,train/episode_length_steps,603.6538151481149
4440,train/fps,52290.91448827044
4450,train/reward,1.342922329902649
4450,train/actor_loss,0.015505217015743256
4450,train/critic_loss,0.3274895250797272
4450,train/entropy,-7.174095153808594
4450,train/episode_length_steps,251.51445968664098
4450,train/fps,52367.0420538196
4460,train/reward,1.3193995952606201
4460,train/actor_loss,0.024912219494581223
4460,train/critic_loss,0.3387300968170166
4460,train/entropy,-7.120331764221191
4460,train/episode_length_steps,196.76608029478018
4460,train/fps,52443.69631177756
4470,train/reward,1.3569309711456299
4470,train/actor_loss,0.0099040437489748
4470,train/critic_loss,0.08315525949001312
4470,train/entropy,-7.138394355773926
4470,train/episode_length_steps,388.78647174948026
4470,train/fps,52518.49549034199
4480,train/reward,1.3519203662872314
4480,train/actor_loss,0.014034556224942207
4480,train/critic_loss,0.2201996147632599
4480,train/entropy,-7.177180767059326
4480,train/episode_length_steps,375.4234741959604
4480,train/fps,52593.40283687102
4490,train/reward,1.3198764324188232
4490,train/actor_loss,0.02530793286859989
4490,train/critic_loss,0.18793563544750214
4490,train/entropy,-7.153423309326172
4490,train/episode_length_steps,212.04564199613637
4490,train/fps,52667.464180837436
4500,train/reward,1.3409342765808105
4500,train/actor_loss,0.011288170702755451
4500,train/critic_loss,0.27173909544944763
4500,train/entropy,-7.0848894119262695
4500,train/episode_length_steps,340.3308887006655
4500,train/fps,52741.89640816762
4510,train/reward,1.3450944423675537
4510,train/actor_loss,0.027893496677279472
4510,train/critic_loss,0.17792773246765137
4510,train/entropy,-7.136296272277832
4510,train/episode_length_steps,271.85968217373056
4510,train/fps,52814.64868356541
4520,train/reward,1.3125653266906738
4520,train/actor_loss,0.01998201012611389
4520,train/critic_loss,0.2951502501964569
4520,train/entropy,-7.039287567138672
4520,train/episode_length_steps,185.61992977983553
4520,train/fps,52887.53104951926
4530,train/reward,1.3406192064285278
4530,train/actor_loss,0.015071108005940914
4530,train/critic_loss,0.1279711127281189
4530,train/entropy,-7.037054538726807
4530,train/episode_length_steps,267.42234371135726
4530,train/fps,52961.344129956065
4540,train/reward,1.3629122972488403
4540,train/actor_loss,0.013054135255515575
4540,train/critic_loss,0.049685001373291016
4540,train/entropy,-7.0980544090271
4540,train/episode_length_steps,387.63666179723344
4540,train/fps,53033.59320124488
4550,train/reward,1.3180598020553589
4550,train/actor_loss,0.026119498535990715
4550,train/critic_loss,0.17982959747314453
4550,train/entropy,-7.0999040603637695
4550,train/episode_length_steps,186.94364753527853
4550,train/fps,53106.99328783308
4560,train/reward,1.3255702257156372
4560,train/actor_loss,0.03413788229227066
4560,train/critic_loss,0.4255530536174774
4560,train/entropy,-7.059333801269531
4560,train/episode_length_steps,205.39980852084256
4560,train/fps,53177.768991585865
4570,train/reward,1.3591934442520142
4570,train/actor_loss,0.011368545703589916
4570,train/critic_loss,0.03691820055246353
4570,train/entropy,-7.119981288909912
4570,train/episode_length_steps,445.62445956066824
4570,train/fps,53249.74966146856
4580,train/reward,1.322420358657837
4580,train/actor_loss,0.02126143127679825
4580,train/critic_loss,0.2506817579269409
4580,train/entropy,-7.187824249267578
4580,train/episode_length_steps,179.0280525069697
4580,train/fps,53319.93434784419
4590,train/reward,1.3236010074615479
4590,train/actor_loss,0.018442807719111443
4590,train/critic_loss,0.17869557440280914
4590,train/entropy,-7.087460517883301
4590,train/episode_length_steps,211.36176837144518
4590,train/fps,53389.57309478021
4600,train/reward,1.359252691268921
4600,train/actor_loss,0.011672801338136196
4600,train/critic_loss,0.08648671954870224
4600,train/entropy,-7.120666027069092
4600,train/episode_length_steps,464.5783928400484
4600,train/fps,53459.72785636913
4610,train/reward,1.3456120491027832
4610,train/actor_loss,0.015483575873076916
4610,train/critic_loss,0.10781016200780869
4610,train/entropy,-7.167611122131348
4610,train/episode_length_steps,262.6003616140331
4610,train/fps,53528.698949662234
4620,train/reward,1.3207309246063232
4620,train/actor_loss,0.01693757437169552
4620,train/critic_loss,0.3327014148235321
4620,train/entropy,-7.205338954925537
4620,train/episode_length_steps,188.82889023011492
4620,train/fps,53598.20703285327
4630,train/reward,1.3506035804748535
4630,train/actor_loss,0.010797006078064442
4630,train/critic_loss,0.08372092247009277
4630,train/entropy,-7.16286563873291
4630,train/episode_length_steps,334.25558278635975
4630,train/fps,53665.01090707123
4640,train/reward,1.3538061380386353
4640,train/actor_loss,0.019133687019348145
4640,train/critic_loss,0.14162173867225647
4640,train/entropy,-7.207983493804932
4640,train/episode_length_steps,388.78647174948026
4640,train/fps,53732.33442536142
4650,train/reward,1.3295810222625732
4650,train/actor_loss,0.022451063618063927
4650,train/critic_loss,0.39111408591270447
4650,train/entropy,-7.171432018280029
4650,train/episode_length_steps,250.55288629462254
4650,train/fps,53797.50922334052
4660,train/reward,1.3414788246154785
4660,train/actor_loss,0.02586505189538002
4660,train/critic_loss,0.3154362142086029
4660,train/entropy,-7.180238246917725
4660,train/episode_length_steps,272.42472504457163
4660,train/fps,53863.76263463675
4670,train/reward,1.354559063911438
4670,train/actor_loss,0.01200327929109335
4670,train/critic_loss,0.2334543913602829
4670,train/entropy,-7.229580879211426
4670,train/episode_length_steps,383.1046365762417
4670,train/fps,53928.65771668862
4680,train/reward,1.3229340314865112
4680,train/actor_loss,0.016877751797437668
4680,train/critic_loss,0.25725528597831726
4680,train/entropy,-7.1466498374938965
4680,train/episode_length_steps,223.6223368141111
4680,train/fps,53994.10557222754
4690,train/reward,1.3410921096801758
4690,train/actor_loss,0.01902330480515957
4690,train/critic_loss,0.405452698469162
4690,train/entropy,-7.152539253234863
4690,train/episode_length_steps,274.13403494512903
4690,train/fps,54059.80682760555
4700,train/reward,1.3590705394744873
4700,train/actor_loss,0.01737930439412594
4700,train/critic_loss,0.28766706585884094
4700,train/entropy,-7.101783752441406
4700,train/episode_length_steps,481.6502541833958
4700,train/fps,54124.31860345943
4710,train/reward,1.322297215461731
4710,train/actor_loss,0.01957685314118862
4710,train/critic_loss,0.5532075762748718
4710,train/entropy,-7.064333438873291
4710,train/episode_length_steps,222.10658990686056
4710,train/fps,54189.765670598485
4720,train/reward,1.3334639072418213
4720,train/actor_loss,0.01868847943842411
4720,train/critic_loss,0.5019463896751404
4720,train/entropy,-6.98829984664917
4720,train/episode_length_steps,293.7970659887146
4720,train/fps,54253.33461192998
4730,train/reward,1.3559722900390625
4730,train/actor_loss,0.016732996329665184
4730,train/critic_loss,0.14032675325870514
4730,train/entropy,-6.951144695281982
4730,train/episode_length_steps,559.8231746019597
4730,train/fps,54318.17780529242
4740,train/reward,1.3322721719741821
4740,train/actor_loss,0.01487805973738432
4740,train/critic_loss,0.2345295399427414
4740,train/entropy,-6.938318729400635
4740,train/episode_length_steps,242.2185802703268
4740,train/fps,54380.59379728001
4750,train/reward,1.326507329940796
4750,train/actor_loss,0.02137630246579647
4750,train/critic_loss,0.30433040857315063
4750,train/entropy,-6.886837005615234
4750,train/episode_length_steps,259.9958766278941
4750,train/fps,54444.042424890504
4760,train/reward,1.352789282798767
4760,train/actor_loss,0.01702258177101612
4760,train/critic_loss,0.2161628007888794
4760,train/entropy,-6.855592250823975
4760,train/episode_length_steps,433.82495925477
4760,train/fps,54506.20730299829
4770,train/reward,1.3421275615692139
4770,train/actor_loss,0.024043047800660133
4770,train/critic_loss,0.28590714931488037
4770,train/entropy,-6.926184177398682
4770,train/episode_length_steps,295.78607387748247
4770,train/fps,54568.22326347794
4780,train/reward,1.321714162826538
4780,train/actor_loss,0.02015930414199829
4780,train/critic_loss,0.2524031698703766
4780,train/entropy,-6.9227447509765625
4780,train/episode_length_steps,236.9637263841869
4780,train/fps,54630.313658311854
4790,train/reward,1.3402045965194702
4790,train/actor_loss,0.010124932043254375
4790,train/critic_loss,0.31665483117103577
4790,train/entropy,-6.924098491668701
4790,train/episode_length_steps,312.72317600924606
4790,train/fps,54691.40758032553
4800,train/reward,1.3203080892562866
4800,train/actor_loss,0.01470130868256092
4800,train/critic_loss,3.413569688796997
4800,train/entropy,-6.8803911209106445
4800,train/episode_length_steps,194.14304190105472
4800,train/fps,54753.16949556634
4810,train/reward,1.2940459251403809
4810,train/actor_loss,0.01208468433469534
4810,train/critic_loss,4.154463768005371
4810,train/entropy,-6.85439920425415
4810,train/episode_length_steps,144.17283055968414
4810,train/fps,54813.07164379897
4820,train/reward,1.3115028142929077
4820,train/actor_loss,0.013362757861614227
4820,train/critic_loss,1.9397095441818237
4820,train/entropy,-6.824118137359619
4820,train/episode_length_steps,185.8831715190676
4820,train/fps,54874.06888888
4830,train/reward,1.3315013647079468
4830,train/actor_loss,0.014600184746086597
4830,train/critic_loss,0.8623804450035095
4830,train/entropy,-6.816810607910156
4830,train/episode_length_steps,227.10958802786485
4830,train/fps,54932.95495934166
4840,train/reward,1.3060681819915771
4840,train/actor_loss,0.016319796442985535
4840,train/critic_loss,1.2818663120269775
4840,train/entropy,-6.761817932128906
4840,train/episode_length_steps,178.54032474462542
4840,train/fps,54992.261434348286
4850,train/reward,1.3149526119232178
4850,train/actor_loss,0.017635932192206383
4850,train/critic_loss,1.1221214532852173
4850,train/entropy,-6.7150468826293945
4850,train/episode_length_steps,184.05600479120787
4850,train/fps,55049.91131277173
4860,train/reward,1.3399174213409424
4860,train/actor_loss,0.013443290255963802
4860,train/critic_loss,0.583379864692688
4860,train/entropy,-6.701648712158203
4860,train/episode_length_steps,279.98995973503764
4860,train/fps,55107.13374299256
4870,train/reward,1.3166682720184326
4870,train/actor_loss,0.022535908967256546
4870,train/critic_loss,0.21922042965888977
4870,train/entropy,-6.705474853515625
4870,train/episode_length_steps,173.57516444509383
4870,train/fps,55164.85822020091
4880,train/reward,1.3161392211914062
4880,train/actor_loss,0.019698835909366608
4880,train/critic_loss,0.23817498981952667
4880,train/entropy,-6.699551582336426
4880,train/episode_length_steps,184.57437671450037
4880,train/fps,55222.01323630239
4890,train/reward,1.3312702178955078
4890,train/actor_loss,0.027234096080064774
4890,train/critic_loss,0.14797739684581757
4890,train/entropy,-6.700615882873535
4890,train/episode_length_steps,233.16981844405143
4890,train/fps,55279.95037954846
4900,train/reward,1.3127026557922363
4900,train/actor_loss,0.01731085777282715
4900,train/critic_loss,0.20383214950561523
4900,train/entropy,-6.7624053955078125
4900,train/episode_length_steps,161.7911033537052
4900,train/fps,55336.01375896074
4910,train/reward,1.3049066066741943
4910,train/actor_loss,0.016033833846449852
4910,train/critic_loss,0.28871390223503113
4910,train/entropy,-6.769601345062256
4910,train/episode_length_steps,170.1944055569803
4910,train/fps,55394.021617813094
4920,train/reward,1.3282859325408936
4920,train/actor_loss,0.01060133520513773
4920,train/critic_loss,0.1480402797460556
4920,train/entropy,-6.787466526031494
4920,train/episode_length_steps,217.31926290144773
4920,train/fps,55449.58206118175
4930,train/reward,1.3380002975463867
4930,train/actor_loss,0.0187236201018095
4930,train/critic_loss,0.16167211532592773
4930,train/entropy,-6.815755367279053
4930,train/episode_length_steps,234.42088369576427
4930,train/fps,55506.62116561825
4940,train/reward,1.319373369216919
4940,train/actor_loss,0.013269396498799324
4940,train/critic_loss,0.2200169414281845
4940,train/entropy,-6.868155002593994
4940,train/episode_length_steps,209.3363608059368
4940,train/fps,55561.70406523704
4950,train/reward,1.3163880109786987
4950,train/actor_loss,0.02000494860112667
4950,train/critic_loss,0.3161567151546478
4950,train/entropy,-6.872903347015381
4950,train/episode_length_steps,199.46096842001103
4950,train/fps,55617.10681679924
4960,train/reward,1.3348506689071655
4960,train/actor_loss,0.025501592084765434
4960,train/critic_loss,0.8003568649291992
4960,train/entropy,-6.822423458099365
4960,train/episode_length_steps,246.31525369749502
4960,train/fps,55671.89535324073
4970,train/reward,1.3110263347625732
4970,train/actor_loss,0.012718300335109234
4970,train/critic_loss,0.48482438921928406
4970,train/entropy,-6.756752967834473
4970,train/episode_length_steps,160.60165394609555
4970,train/fps,55726.24840084264
4980,train/reward,1.3139920234680176
4980,train/actor_loss,0.011371208354830742
4980,train/critic_loss,0.25299736857414246
4980,train/entropy,-6.764642238616943
4980,train/episode_length_steps,175.90462258967506
4980,train/fps,55780.917937359176
4990,train/reward,1.3213427066802979
4990,train/actor_loss,0.023907801136374474
4990,train/critic_loss,0.18924275040626526
4990,train/entropy,-6.771411895751953
4990,train/episode_length_steps,203.48653511315163
4990,train/fps,55834.29932479909
5000,train/reward,1.3154500722885132
5000,train/actor_loss,0.021893000230193138
5000,train/critic_loss,0.17547836899757385
5000,train/entropy,-6.8305888175964355
5000,train/episode_length_steps,186.14716096494035
5000,train/fps,55889.304612953085
5000,eval/med_figure8_normal,0.9993065595626831
5010,train/reward,1.3160371780395508
5010,train/actor_loss,0.017901405692100525
5010,train/critic_loss,0.142817422747612
5010,train/entropy,-6.7967143058776855
5010,train/episode_length_steps,201.608576554852
5010,train/fps,55869.98948330072
5020,train/reward,1.3198935985565186
5020,train/actor_loss,0.020327433943748474
5020,train/critic_loss,0.30745717883110046
5020,train/entropy,-6.789764404296875
5020,train/episode_length_steps,202.5432028706543
5020,train/fps,55924.16678639086
5030,train/reward,1.3197576999664307
5030,train/actor_loss,0.015432633459568024
5030,train/critic_loss,0.34736087918281555
5030,train/entropy,-6.758522033691406
5030,train/episode_length_steps,198.55450767207637
5030,train/fps,55977.98603208246
5040,train/reward,1.3174841403961182
5040,train/actor_loss,0.016754960641264915
5040,train/critic_loss,0.21235673129558563
5040,train/entropy,-6.725898265838623
5040,train/episode_length_steps,199.46096842001103
5040,train/fps,56029.99416680076
5050,train/reward,1.327436089515686
5050,train/actor_loss,0.023445002734661102
5050,train/critic_loss,0.19567953050136566
5050,train/entropy,-6.744487762451172
5050,train/episode_length_steps,234.002372930313
5050,train/fps,56082.438605699135
5060,train/reward,1.321465015411377
5060,train/actor_loss,0.024938082322478294
5060,train/critic_loss,0.18064668774604797
5060,train/entropy,-6.739410400390625
5060,train/episode_length_steps,202.8566736378838
5060,train/fps,56132.51303327976
5070,train/reward,1.3112436532974243
5070,train/actor_loss,0.01487721037119627
5070,train/critic_loss,0.30026012659072876
5070,train/entropy,-6.712698459625244
5070,train/episode_length_steps,183.02794715211016
5070,train/fps,56184.35104959247
5080,train/reward,1.3226845264434814
5080,train/actor_loss,0.023282384499907494
5080,train/critic_loss,0.13529589772224426
5080,train/entropy,-6.725879192352295
5080,train/episode_length_steps,198.85574443075262
5080,train/fps,56234.21558904126
5090,train/reward,1.3250378370285034
5090,train/actor_loss,0.018173057585954666
5090,train/critic_loss,0.21325533092021942
5090,train/entropy,-6.758738994598389
5090,train/episode_length_steps,218.0422974375878
5090,train/fps,56285.702384576376
5100,train/reward,1.3129795789718628
5100,train/actor_loss,0.024728773161768913
5100,train/critic_loss,3.0961740016937256
5100,train/entropy,-6.763996124267578
5100,train/episode_length_steps,191.58901760860235
5100,train/fps,56336.49299864169
5110,train/reward,1.3141759634017944
5110,train/actor_loss,0.01900140754878521
5110,train/critic_loss,1.2913357019424438
5110,train/entropy,-6.686478614807129
5110,train/episode_length_steps,235.68544646971282
5110,train/fps,56386.77929408553
5120,train/reward,1.324794054031372
5120,train/actor_loss,0.026048928499221802
5120,train/critic_loss,4.763060092926025
5120,train/entropy,-6.588919162750244
5120,train/episode_length_steps,453.33073022328085
5120,train/fps,56437.59195436311
5130,train/reward,1.30022132396698
5130,train/actor_loss,0.0176306813955307
5130,train/critic_loss,5.625054359436035
5130,train/entropy,-6.49160099029541
5130,train/episode_length_steps,469.5715137009182
5130,train/fps,56486.67973047575
5140,train/reward,1.2905629873275757
5140,train/actor_loss,0.030533555895090103
5140,train/critic_loss,4.652446746826172
5140,train/entropy,-6.417540073394775
5140,train/episode_length_steps,436.71586259485986
5140,train/fps,56537.05931972636
5150,train/reward,1.3050107955932617
5150,train/actor_loss,0.0249705258756876
5150,train/critic_loss,7.676464080810547
5150,train/entropy,-6.347743511199951
5150,train/episode_length_steps,378.6773583852073
5150,train/fps,56585.66869966455
5160,train/reward,1.315882921218872
5160,train/actor_loss,0.015110882930457592
5160,train/critic_loss,4.475658416748047
5160,train/entropy,-6.285064220428467
5160,train/episode_length_steps,505.8135212746698
5160,train/fps,56635.96188001206
5170,train/reward,1.2992318868637085
5170,train/actor_loss,0.013608954846858978
5170,train/critic_loss,4.957104682922363
5170,train/entropy,-6.207383155822754
5170,train/episode_length_steps,421.27582808572714
5170,train/fps,56683.97934132896
5180,train/reward,1.3022594451904297
5180,train/actor_loss,0.01857970468699932
5180,train/critic_loss,4.747969627380371
5180,train/entropy,-6.137267589569092
5180,train/episode_length_steps,448.6753124296206
5180,train/fps,56732.68861460476
5190,train/reward,1.3163197040557861
5190,train/actor_loss,0.019039595499634743
5190,train/critic_loss,3.271076202392578
5190,train/entropy,-6.0932745933532715
5190,train/episode_length_steps,511.73799014904364
5190,train/fps,56780.82009804444
5200,train/reward,1.3097403049468994
5200,train/actor_loss,0.015814082697033882
5200,train/critic_loss,4.189688682556152
5200,train/entropy,-6.0312180519104
5200,train/episode_length_steps,441.12518801130295
5200,train/fps,56828.85950892742
5210,train/reward,1.3009883165359497
5210,train/actor_loss,0.018518049269914627
5210,train/critic_loss,5.2698283195495605
5210,train/entropy,-5.983077526092529
5210,train/episode_length_steps,462.93753304476587
5210,train/fps,56877.36761084939
5220,train/reward,1.315798044204712
5220,train/actor_loss,0.01821776293218136
5220,train/critic_loss,2.6470844745635986
5220,train/entropy,-5.969465732574463
5220,train/episode_length_steps,562.2244983285626
5220,train/fps,56924.82189975513
5230,train/reward,1.3097115755081177
5230,train/actor_loss,0.015156119130551815
5230,train/critic_loss,3.502148389816284
5230,train/entropy,-5.910255432128906
5230,train/episode_length_steps,577.0764820763933
5230,train/fps,56972.43823324916
5240,train/reward,1.3122409582138062
5240,train/actor_loss,0.017438819631934166
5240,train/critic_loss,4.925059795379639
5240,train/entropy,-5.882047176361084
5240,train/episode_length_steps,524.0132661327258
5240,train/fps,57018.292288998906
5250,train/reward,1.3160054683685303
5250,train/actor_loss,0.01418714877218008
5250,train/critic_loss,4.8181657791137695
5250,train/entropy,-5.854760646820068
5250,train/episode_length_steps,612.1110718578947
5250,train/fps,57064.877989963636
5260,train/reward,1.3089218139648438
5260,train/actor_loss,0.023160800337791443
5260,train/critic_loss,3.902074098587036
5260,train/entropy,-5.785275936126709
5260,train/episode_length_steps,557.4422762806951
5260,train/fps,57109.207494663155
5270,train/reward,1.3022723197937012
5270,train/actor_loss,0.01526606734842062
5270,train/critic_loss,4.074223041534424
5270,train/entropy,-5.76359224319458
5270,train/episode_length_steps,494.3668013381698
5270,train/fps,57154.91442610108
5280,train/reward,1.3090946674346924
5280,train/actor_loss,0.018841156736016273
5280,train/critic_loss,4.301263332366943
5280,train/entropy,-5.740355014801025
5280,train/episode_length_steps,562.2244983285626
5280,train/fps,57199.84979727844
5290,train/reward,1.3146939277648926
5290,train/actor_loss,0.012726503424346447
5290,train/critic_loss,5.082913875579834
5290,train/entropy,-5.745905876159668
5290,train/episode_length_steps,574.5468990738798
5290,train/fps,57245.31054132449
5300,train/reward,1.3124476671218872
5300,train/actor_loss,0.01405836921185255
5300,train/critic_loss,3.4441864490509033
5300,train/entropy,-5.725486755371094
5300,train/episode_length_steps,658.2197277580066
5300,train/fps,57290.70057272184
5310,train/reward,1.3075659275054932
5310,train/actor_loss,0.0219714492559433
5310,train/critic_loss,4.2900919914245605
5310,train/entropy,-5.6715874671936035
5310,train/episode_length_steps,557.4422762806951
5310,train/fps,57335.25557175861
5320,train/reward,1.3087313175201416
5320,train/actor_loss,0.016524827107787132
5320,train/critic_loss,4.1697611808776855
5320,train/entropy,-5.67653226852417
5320,train/episode_length_steps,552.7407222280849
5320,train/fps,57380.249871000444
5330,train/reward,1.3110620975494385
5330,train/actor_loss,0.014778695069253445
5330,train/critic_loss,4.272420883178711
5330,train/entropy,-5.669134616851807
5330,train/episode_length_steps,492.50919486770783
5330,train/fps,57424.234869553504
5340,train/reward,1.303443193435669
5340,train/actor_loss,0.014278152957558632
5340,train/critic_loss,6.033621311187744
5340,train/entropy,-5.659384250640869
5340,train/episode_length_steps,536.8919200911878
5340,train/fps,57469.19105517674
5350,train/reward,1.3025314807891846
5350,train/actor_loss,0.013556164689362049
5350,train/critic_loss,5.007782459259033
5350,train/entropy,-5.608585357666016
5350,train/episode_length_steps,488.8355498015537
5350,train/fps,57512.42482415406
5360,train/reward,1.2985968589782715
5360,train/actor_loss,0.009588238783180714
5360,train/critic_loss,6.58380651473999
5360,train/entropy,-5.561468601226807
5360,train/episode_length_steps,564.6465114329891
5360,train/fps,57556.5135857027
5370,train/reward,1.293123722076416
5370,train/actor_loss,0.011880758218467236
5370,train/critic_loss,8.183874130249023
5370,train/entropy,-5.528004169464111
5370,train/episode_length_steps,418.5850965310782
5370,train/fps,57599.99611643067
5380,train/reward,1.3040266036987305
5380,train/actor_loss,0.015295043587684631
5380,train/critic_loss,5.619038105010986
5380,train/entropy,-5.52653169631958
5380,train/episode_length_steps,503.8690648997133
5380,train/fps,57643.96667116056
5390,train/reward,1.2955687046051025
5390,train/actor_loss,0.011120948009192944
5390,train/critic_loss,8.141465187072754
5390,train/entropy,-5.51012659072876
5390,train/episode_length_steps,524.0132661327258
5390,train/fps,57687.86911943766
5400,train/reward,1.2885549068450928
5400,train/actor_loss,0.012889012694358826
5400,train/critic_loss,7.967573642730713
5400,train/entropy,-5.498386383056641
5400,train/episode_length_steps,500.0246594192389
5400,train/fps,57731.088242548234
5410,train/reward,1.2978711128234863
5410,train/actor_loss,0.014259248040616512
5410,train/critic_loss,6.717540740966797
5410,train/entropy,-5.4839019775390625
5410,train/episode_length_steps,515.7653449004457
5410,train/fps,57774.988540080776
5420,train/reward,1.2957559823989868
5420,train/actor_loss,0.012016450054943562
5420,train/critic_loss,8.95395565032959
5420,train/entropy,-5.506467342376709
5420,train/episode_length_steps,478.1362398787102
5420,train/fps,57817.139908074365
5430,train/reward,1.3025058507919312
5430,train/actor_loss,0.013036039657890797
5430,train/critic_loss,5.874179363250732
5430,train/entropy,-5.498966217041016
5430,train/episode_length_steps,511.73799014904364
5430,train/fps,57860.12339640453
5440,train/reward,1.2993690967559814
5440,train/actor_loss,0.017215849831700325
5440,train/critic_loss,7.787613868713379
5440,train/entropy,-5.478220462799072
5440,train/episode_length_steps,500.0246594192389
5440,train/fps,57901.02975149229
5450,train/reward,1.3089427947998047
5450,train/actor_loss,0.023113887757062912
5450,train/critic_loss,5.995275497436523
5450,train/entropy,-5.467777729034424
5450,train/episode_length_steps,461.30822326957605
5450,train/fps,57942.889661112844
5460,train/reward,1.3113867044448853
5460,train/actor_loss,0.017551077529788017
5460,train/critic_loss,4.708310604095459
5460,train/entropy,-5.428407192230225
5460,train/episode_length_steps,536.8919200911878
5460,train/fps,57982.47560647009
5470,train/reward,1.3065426349639893
5470,train/actor_loss,0.015272465534508228
5470,train/critic_loss,5.585104942321777
5470,train/entropy,-5.386216640472412
5470,train/episode_length_steps,487.01920230154616
5470,train/fps,58023.175827416446
5480,train/reward,1.3097007274627686
5480,train/actor_loss,0.01639513485133648
5480,train/critic_loss,5.311792850494385
5480,train/entropy,-5.3772664070129395
5480,train/episode_length_steps,579.6284377938119
5480,train/fps,58064.036441214244
5490,train/reward,1.2998567819595337
5490,train/actor_loss,0.02142833173274994
5490,train/critic_loss,5.219393730163574
5490,train/entropy,-5.381140232086182
5490,train/episode_length_steps,528.2369472856668
5490,train/fps,58104.62048368909
5500,train/reward,1.2962522506713867
5500,train/actor_loss,0.014530924148857594
5500,train/critic_loss,4.812478065490723
5500,train/entropy,-5.3520188331604
5500,train/episode_length_steps,476.3983909458252
5500,train/fps,58145.77691514219
5510,train/reward,1.2950215339660645
5510,train/actor_loss,0.013032197952270508
5510,train/critic_loss,3.9330291748046875
5510,train/entropy,-5.332519054412842
5510,train/episode_length_steps,476.3983909458252
5510,train/fps,58182.123048735964
5520,train/reward,1.2982068061828613
5520,train/actor_loss,0.011924829334020615
5520,train/critic_loss,2.821154832839966
5520,train/entropy,-5.338607311248779
5520,train/episode_length_steps,584.8006652107567
5520,train/fps,58223.04073681614
5530,train/reward,1.3036704063415527
5530,train/actor_loss,0.012066309340298176
5530,train/critic_loss,3.6097710132598877
5530,train/entropy,-5.349621772766113
5530,train/episode_length_steps,569.55368460631
5530,train/fps,58262.2464179735
5540,train/reward,1.2974801063537598
5540,train/actor_loss,0.018553640693426132
5540,train/critic_loss,3.9049415588378906
5540,train/entropy,-5.3751444816589355
5540,train/episode_length_steps,574.5468990738798
5540,train/fps,58302.954544394604
5550,train/reward,1.2942761182785034
5550,train/actor_loss,0.010113838128745556
5550,train/critic_loss,4.783493995666504
5550,train/entropy,-5.447969913482666
5550,train/episode_length_steps,548.1178121427901
5550,train/fps,58341.880728424636
5560,train/reward,1.3000242710113525
5560,train/actor_loss,0.010472576133906841
5560,train/critic_loss,4.863854885101318
5560,train/entropy,-5.461619853973389
5560,train/episode_length_steps,612.1110718578947
5560,train/fps,58381.056310098626
5570,train/reward,1.2891342639923096
5570,train/actor_loss,0.016433170065283775
5570,train/critic_loss,4.918470859527588
5570,train/entropy,-5.4314656257629395
5570,train/episode_length_steps,562.2244983285626
5570,train/fps,58420.00889205935
5580,train/reward,1.2984349727630615
5580,train/actor_loss,0.015181059017777443
5580,train/critic_loss,4.859644412994385
5580,train/entropy,-5.412846088409424
5580,train/episode_length_steps,492.50919486770783
5580,train/fps,58459.05820721029
5590,train/reward,1.2993978261947632
5590,train/actor_loss,0.014733627438545227
5590,train/critic_loss,3.6901023387908936
5590,train/entropy,-5.384463787078857
5590,train/episode_length_steps,557.4422762806951
5590,train/fps,58498.33220279115
5600,train/reward,1.2974634170532227
5600,train/actor_loss,0.014601183123886585
5600,train/critic_loss,4.8054399490356445
5600,train/entropy,-5.402495861053467
5600,train/episode_length_steps,598.1442923804069
5600,train/fps,58535.39250791784
5610,train/reward,1.3037443161010742
5610,train/actor_loss,0.013749474659562111
5610,train/critic_loss,4.422837257385254
5610,train/entropy,-5.417344570159912
5610,train/episode_length_steps,552.7407222280849
5610,train/fps,58574.4268287296
5620,train/reward,1.309029221534729
5620,train/actor_loss,0.011482554487884045
5620,train/critic_loss,3.298401355743408
5620,train/entropy,-5.3885722160339355
5620,train/episode_length_steps,626.745699462584
5620,train/fps,58611.64961968924
5630,train/reward,1.305783748626709
5630,train/actor_loss,0.016468850895762444
5630,train/critic_loss,3.289752721786499
5630,train/entropy,-5.424064636230469
5630,train/episode_length_steps,612.1110718578947
5630,train/fps,58650.500008792405
5640,train/reward,1.3162379264831543
5640,train/actor_loss,0.012227634899318218
5640,train/critic_loss,3.643739700317383
5640,train/entropy,-5.394957542419434
5640,train/episode_length_steps,671.7126014661571
5640,train/fps,58686.79615640654
5650,train/reward,1.3176889419555664
5650,train/actor_loss,0.011982998810708523
5650,train/critic_loss,3.2416932582855225
5650,train/entropy,-5.417107105255127
5650,train/episode_length_steps,658.2197277580066
5650,train/fps,58723.78911952809
5660,train/reward,1.3109710216522217
5660,train/actor_loss,0.011399469338357449
5660,train/critic_loss,2.9770314693450928
5660,train/entropy,-5.446787357330322
5660,train/episode_length_steps,548.1178121427901
5660,train/fps,58759.40962891776
5670,train/reward,1.3173656463623047
5670,train/actor_loss,0.009680802933871746
5670,train/critic_loss,3.028087854385376
5670,train/entropy,-5.499669551849365
5670,train/episode_length_steps,642.0972501432806
5670,train/fps,58794.75875311156
5680,train/reward,1.3121600151062012
5680,train/actor_loss,0.01320702489465475
5680,train/critic_loss,3.428335189819336
5680,train/entropy,-5.5235981941223145
5680,train/episode_length_steps,582.2030643553281
5680,train/fps,58830.92662628526
5690,train/reward,1.3231565952301025
5690,train/actor_loss,0.012714837677776814
5690,train/critic_loss,3.0528175830841064
5690,train/entropy,-5.51961088180542
5690,train/episode_length_steps,626.745699462584
5690,train/fps,58866.39414548755
5700,train/reward,1.3245606422424316
5700,train/actor_loss,0.012636329047381878
5700,train/critic_loss,3.493354082107544
5700,train/entropy,-5.544968605041504
5700,train/episode_length_steps,723.6306755806095
5700,train/fps,58903.346350601234
5710,train/reward,1.3205286264419556
5710,train/actor_loss,0.014234684407711029
5710,train/critic_loss,2.3124358654022217
5710,train/entropy,-5.566085338592529
5710,train/episode_length_steps,626.745699462584
5710,train/fps,58938.93298037757
5720,train/reward,1.321258783340454
5720,train/actor_loss,0.0165394376963377
5720,train/critic_loss,3.2388923168182373
5720,train/entropy,-5.6029953956604
5720,train/episode_length_steps,678.6686297686992
5720,train/fps,58975.920563428546
5730,train/reward,1.3201721906661987
5730,train/actor_loss,0.012180022895336151
5730,train/critic_loss,3.061779737472534
5730,train/entropy,-5.571728706359863
5730,train/episode_length_steps,620.8086699810817
5730,train/fps,59009.84486695186
5740,train/reward,1.3242719173431396
5740,train/actor_loss,0.012184618972241879
5740,train/critic_loss,3.4096596240997314
5740,train/entropy,-5.555210113525391
5740,train/episode_length_steps,567.0894824560845
5740,train/fps,59046.181612391796
5750,train/reward,1.3162856101989746
5750,train/actor_loss,0.015166185796260834
5750,train/critic_loss,3.2288525104522705
5750,train/entropy,-5.553315162658691
5750,train/episode_length_steps,600.8864248372648
5750,train/fps,59081.88454775588
5760,train/reward,1.3156484365463257
5760,train/actor_loss,0.013944332487881184
5760,train/critic_loss,3.9335713386535645
5760,train/entropy,-5.529260158538818
5760,train/episode_length_steps,612.1110718578947
5760,train/fps,59117.31148688911
5770,train/reward,1.3185793161392212
5770,train/actor_loss,0.014538216404616833
5770,train/critic_loss,3.6814839839935303
5770,train/entropy,-5.506490230560303
5770,train/episode_length_steps,675.172699813866
5770,train/fps,59153.36967644905
5780,train/reward,1.315507173538208
5780,train/actor_loss,0.014773935079574585
5780,train/critic_loss,3.5697057247161865
5780,train/entropy,-5.494898319244385
5780,train/episode_length_steps,598.1442923804069
5780,train/fps,59187.99482277614
5790,train/reward,1.3117806911468506
5790,train/actor_loss,0.014295478351414204
5790,train/critic_loss,3.4535481929779053
5790,train/entropy,-5.497928619384766
5790,train/episode_length_steps,620.8086699810817
5790,train/fps,59224.04018286839
5800,train/reward,1.3175737857818604
5800,train/actor_loss,0.011713376268744469
5800,train/critic_loss,2.473421812057495
5800,train/entropy,-5.52592134475708
5800,train/episode_length_steps,651.6745458404358
5800,train/fps,59258.425994710735
5810,train/reward,1.3213775157928467
5810,train/actor_loss,0.01112278550863266
5810,train/critic_loss,2.6891958713531494
5810,train/entropy,-5.5599365234375
5810,train/episode_length_steps,598.1442923804069
5810,train/fps,59294.10855830907
5820,train/reward,1.318972110748291
5820,train/actor_loss,0.014039150439202785
5820,train/critic_loss,2.5070345401763916
5820,train/entropy,-5.5509562492370605
5820,train/episode_length_steps,642.0972501432806
5820,train/fps,59327.340833992705
5830,train/reward,1.3122408390045166
5830,train/actor_loss,0.013092468492686749
5830,train/critic_loss,2.9117374420166016
5830,train/entropy,-5.519312381744385
5830,train/episode_length_steps,587.4215492497611
5830,train/fps,59361.588664084535
5840,train/reward,1.3230069875717163
5840,train/actor_loss,0.012185269966721535
5840,train/critic_loss,3.563523530960083
5840,train/entropy,-5.549871921539307
5840,train/episode_length_steps,689.3770629978882
5840,train/fps,59394.52067670778
5850,train/reward,1.3201406002044678
5850,train/actor_loss,0.0121526587754488
5850,train/critic_loss,3.799839735031128
5850,train/entropy,-5.560136318206787
5850,train/episode_length_steps,609.265778213572
5850,train/fps,59427.46832645137
5860,train/reward,1.3210262060165405
5860,train/actor_loss,0.012245441786944866
5860,train/critic_loss,3.2192578315734863
5860,train/entropy,-5.559781074523926
5860,train/episode_length_steps,614.9830654443479
5860,train/fps,59459.640882002896
5870,train/reward,1.3146095275878906
5870,train/actor_loss,0.010286658070981503
5870,train/critic_loss,4.350722789764404
5870,train/entropy,-5.565812587738037
5870,train/episode_length_steps,623.7630577547333
5870,train/fps,59491.52385615956
5880,train/reward,1.3153629302978516
5880,train/actor_loss,0.014017454348504543
5880,train/critic_loss,2.9782652854919434
5880,train/entropy,-5.589165210723877
5880,train/episode_length_steps,539.100160756088
5880,train/fps,59525.49997538195
5890,train/reward,1.3160321712493896
5890,train/actor_loss,0.010985051281750202
5890,train/critic_loss,4.810313701629639
5890,train/entropy,-5.595334053039551
5890,train/episode_length_steps,587.4215492497611
5890,train/fps,59558.10215653106
5900,train/reward,1.3119920492172241
5900,train/actor_loss,0.01305874902755022
5900,train/critic_loss,3.4248604774475098
5900,train/entropy,-5.607214450836182
5900,train/episode_length_steps,515.7653449004457
5900,train/fps,59591.914504670225
5910,train/reward,1.3158879280090332
5910,train/actor_loss,0.013245239853858948
5910,train/critic_loss,2.8169939517974854
5910,train/entropy,-5.6272292137146
5910,train/episode_length_steps,582.2030643553281
5910,train/fps,59624.13075510486
5920,train/reward,1.3129340410232544
5920,train/actor_loss,0.01329315360635519
5920,train/critic_loss,4.463799953460693
5920,train/entropy,-5.637460708618164
5920,train/episode_length_steps,603.6538151481149
5920,train/fps,59656.74021063851
5930,train/reward,1.314681887626648
5930,train/actor_loss,0.012449941597878933
5930,train/critic_loss,3.745155096054077
5930,train/entropy,-5.661548614501953
5930,train/episode_length_steps,564.6465114329891
5930,train/fps,59689.287182145265
5940,train/reward,1.31998872756958
5940,train/actor_loss,0.011610854417085648
5940,train/critic_loss,3.2813491821289062
5940,train/entropy,-5.665203094482422
5940,train/episode_length_steps,555.0815438639096
5940,train/fps,59721.66359678651
5950,train/reward,1.3146774768829346
5950,train/actor_loss,0.013491195626556873
5950,train/critic_loss,2.865816593170166
5950,train/entropy,-5.650686740875244
5950,train/episode_length_steps,562.2244983285626
5950,train/fps,59754.03178459475
5960,train/reward,1.3133902549743652
5960,train/actor_loss,0.010598333552479744
5960,train/critic_loss,3.5445733070373535
5960,train/entropy,-5.6419596672058105
5960,train/episode_length_steps,685.7702341563804
5960,train/fps,59785.44281382964
5970,train/reward,1.3153979778289795
5970,train/actor_loss,0.014530348591506481
5970,train/critic_loss,3.2072646617889404
5970,train/entropy,-5.634084701538086
5970,train/episode_length_steps,719.6575442107978
5970,train/fps,59817.733566761795
5980,train/reward,1.314225673675537
5980,train/actor_loss,0.011517196893692017
5980,train/critic_loss,3.1309218406677246
5980,train/entropy,-5.6162943840026855
5980,train/episode_length_steps,552.7407222280849
5980,train/fps,59848.89350411706
5990,train/reward,1.314982295036316
5990,train/actor_loss,0.015202241018414497
5990,train/critic_loss,4.31531286239624
5990,train/entropy,-5.599679470062256
5990,train/episode_length_steps,651.6745458404358
5990,train/fps,59881.22241021028
6000,train/reward,1.314443826675415
6000,train/actor_loss,0.015058544464409351
6000,train/critic_loss,4.71588659286499
6000,train/entropy,-5.6261749267578125
6000,train/episode_length_steps,685.7702341563804
6000,train/fps,59911.742478800064
6000,eval/med_figure8_normal,0.1830313354730606
6010,train/reward,1.3116693496704102
6010,train/actor_loss,0.015217088162899017
6010,train/critic_loss,3.6047043800354004
6010,train/entropy,-5.557053565979004
6010,train/episode_length_steps,715.7278039632729
6010,train/fps,56463.37792041194
6020,train/reward,1.31248140335083
6020,train/actor_loss,0.012559587135910988
6020,train/critic_loss,4.261958122253418
6020,train/entropy,-5.553742408752441
6020,train/episode_length_steps,598.1442923804069
6020,train/fps,56501.92162450901
6030,train/reward,1.3074853420257568
6030,train/actor_loss,0.012430871836841106
6030,train/critic_loss,4.0039896965026855
6030,train/entropy,-5.549809455871582
6030,train/episode_length_steps,682.2009508175753
6030,train/fps,56541.37416801978
6040,train/reward,1.3145803213119507
6040,train/actor_loss,0.010515473783016205
6040,train/critic_loss,3.862415313720703
6040,train/entropy,-5.550872325897217
6040,train/episode_length_steps,645.2582498063123
6040,train/fps,56579.03595745502
6050,train/reward,1.3106966018676758
6050,train/actor_loss,0.014591175131499767
6050,train/critic_loss,3.7082126140594482
6050,train/entropy,-5.53112268447876
6050,train/episode_length_steps,668.2877866491242
6050,train/fps,56618.18154909233
6060,train/reward,1.3040659427642822
6060,train/actor_loss,0.01061206590384245
6060,train/critic_loss,5.937130928039551
6060,train/entropy,-5.527626037597656
6060,train/episode_length_steps,579.6284377938119
6060,train/fps,56655.539301297125
6070,train/reward,1.3055293560028076
6070,train/actor_loss,0.013645261526107788
6070,train/critic_loss,5.337777614593506
6070,train/entropy,-5.494035243988037
6070,train/episode_length_steps,569.55368460631
6070,train/fps,56694.5169071042
6080,train/reward,1.3019320964813232
6080,train/actor_loss,0.014505377970635891
6080,train/critic_loss,5.475465297698975
6080,train/entropy,-5.484395503997803
6080,train/episode_length_steps,574.5468990738798
6080,train/fps,56731.524391408806
6090,train/reward,1.304915428161621
6090,train/actor_loss,0.011108891107141972
6090,train/critic_loss,5.669093608856201
6090,train/entropy,-5.455992221832275
6090,train/episode_length_steps,550.4195605351325
6090,train/fps,56769.29024611995
6100,train/reward,1.3025680780410767
6100,train/actor_loss,0.01757625676691532
6100,train/critic_loss,5.600649356842041
6100,train/entropy,-5.422314167022705
6100,train/episode_length_steps,530.3744241436383
6100,train/fps,56806.44382426466
6110,train/reward,1.3023591041564941
6110,train/actor_loss,0.01666754111647606
6110,train/critic_loss,3.6764333248138428
6110,train/entropy,-5.404401779174805
6110,train/episode_length_steps,550.4195605351325
6110,train/fps,56842.79967895917
6120,train/reward,1.3086098432540894
6120,train/actor_loss,0.010315663181245327
6120,train/critic_loss,4.5850958824157715
6120,train/entropy,-5.419688701629639
6120,train/episode_length_steps,620.8086699810817
6120,train/fps,56879.4898162159
6130,train/reward,1.3074047565460205
6130,train/actor_loss,0.011389583349227905
6130,train/critic_loss,4.215184688568115
6130,train/entropy,-5.457394599914551
6130,train/episode_length_steps,543.5715891479966
6130,train/fps,56915.114271015496
6140,train/reward,1.3136944770812988
6140,train/actor_loss,0.015297651290893555
6140,train/critic_loss,4.176198482513428
6140,train/entropy,-5.457180023193359
6140,train/episode_length_steps,564.6465114329891
6140,train/fps,56951.6439602319
6150,train/reward,1.3127118349075317
6150,train/actor_loss,0.012729594483971596
6150,train/critic_loss,4.159290313720703
6150,train/entropy,-5.448487281799316
6150,train/episode_length_steps,603.6538151481149
6150,train/fps,56986.517235514046
6160,train/reward,1.3119856119155884
6160,train/actor_loss,0.012709267437458038
6160,train/critic_loss,3.7821567058563232
6160,train/entropy,-5.459397792816162
6160,train/episode_length_steps,595.4270735573396
6160,train/fps,57022.37901628705
6170,train/reward,1.3096706867218018
6170,train/actor_loss,0.013564849272370338
6170,train/critic_loss,4.413967609405518
6170,train/entropy,-5.456943511962891
6170,train/episode_length_steps,595.4270735573396
6170,train/fps,57056.44635999822
6180,train/reward,1.3114887475967407
6180,train/actor_loss,0.016600672155618668
6180,train/critic_loss,3.9268271923065186
6180,train/entropy,-5.4405741691589355
6180,train/episode_length_steps,707.995684268495
6180,train/fps,57091.751363873685
6190,train/reward,1.3094278573989868
6190,train/actor_loss,0.012841062620282173
6190,train/critic_loss,3.2732186317443848
6190,train/entropy,-5.471583366394043
6190,train/episode_length_steps,654.9307845610301
6190,train/fps,57125.67944196757
6200,train/reward,1.309594988822937
6200,train/actor_loss,0.01110184844583273
6200,train/critic_loss,4.803079128265381
6200,train/entropy,-5.481151103973389
6200,train/episode_length_steps,635.8672602255715
6200,train/fps,57159.131014665654
6210,train/reward,1.3103268146514893
6210,train/actor_loss,0.012059741653501987
6210,train/critic_loss,3.349215030670166
6210,train/entropy,-5.483928680419922
6210,train/episode_length_steps,606.4468139037408
6210,train/fps,57192.5513493626
6220,train/reward,1.309894323348999
6220,train/actor_loss,0.012100590392947197
6220,train/critic_loss,5.074805736541748
6220,train/entropy,-5.501428127288818
6220,train/episode_length_steps,654.9307845610301
6220,train/fps,57226.0561648304
6230,train/reward,1.310229778289795
6230,train/actor_loss,0.014057728461921215
6230,train/critic_loss,4.165119171142578
6230,train/entropy,-5.474255561828613
6230,train/episode_length_steps,559.8231746019597
6230,train/fps,57260.44511116803
6240,train/reward,1.3068788051605225
6240,train/actor_loss,0.010708296671509743
6240,train/critic_loss,3.5530669689178467
6240,train/entropy,-5.49330997467041
6240,train/episode_length_steps,654.9307845610301
6240,train/fps,57293.381693199386
6250,train/reward,1.3102383613586426
6250,train/actor_loss,0.012930139899253845
6250,train/critic_loss,3.5315234661102295
6250,train/entropy,-5.480838775634766
6250,train/episode_length_steps,635.8672602255715
6250,train/fps,57327.43074528591
6260,train/reward,1.3105671405792236
6260,train/actor_loss,0.01185568980872631
6260,train/critic_loss,4.652585029602051
6260,train/entropy,-5.519510269165039
6260,train/episode_length_steps,612.1110718578947
6260,train/fps,57359.249295288006
6270,train/reward,1.3087513446807861
6270,train/actor_loss,0.012047459371387959
6270,train/critic_loss,4.33662748336792
6270,train/entropy,-5.537116527557373
6270,train/episode_length_steps,696.70575204079
6270,train/fps,57393.902240357536
6280,train/reward,1.3110508918762207
6280,train/actor_loss,0.012138478457927704
6280,train/critic_loss,3.0730152130126953
6280,train/entropy,-5.578904628753662
6280,train/episode_length_steps,606.4468139037408
6280,train/fps,57427.10509458918
6290,train/reward,1.3130587339401245
6290,train/actor_loss,0.012583690695464611
6290,train/critic_loss,3.5358150005340576
6290,train/entropy,-5.571193218231201
6290,train/episode_length_steps,629.7570023566689
6290,train/fps,57460.58646993785
6300,train/reward,1.3061809539794922
6300,train/actor_loss,0.014791488647460938
6300,train/critic_loss,4.873763084411621
6300,train/entropy,-5.562054634094238
6300,train/episode_length_steps,606.4468139037408
6300,train/fps,57493.515113739646
6310,train/reward,1.314352035522461
6310,train/actor_loss,0.013778473250567913
6310,train/critic_loss,4.388888835906982
6310,train/entropy,-5.533547401428223
6310,train/episode_length_steps,642.0972501432806
6310,train/fps,57526.506148470165
6320,train/reward,1.3111556768417358
6320,train/actor_loss,0.01582948863506317
6320,train/critic_loss,4.326585292816162
6320,train/entropy,-5.566141128540039
6320,train/episode_length_steps,689.3770629978882
6320,train/fps,57558.79050198607
6330,train/reward,1.312240481376648
6330,train/actor_loss,0.011791439726948738
6330,train/critic_loss,3.3521950244903564
6330,train/entropy,-5.561842918395996
6330,train/episode_length_steps,658.2197277580066
6330,train/fps,57591.95885235025
6340,train/reward,1.314682126045227
6340,train/actor_loss,0.0088651767000556
6340,train/critic_loss,4.401551723480225
6340,train/entropy,-5.583760738372803
6340,train/episode_length_steps,689.3770629978882
6340,train/fps,57623.54621818251
6350,train/reward,1.3143019676208496
6350,train/actor_loss,0.0106376763433218
6350,train/critic_loss,2.829805612564087
6350,train/entropy,-5.605260372161865
6350,train/episode_length_steps,715.7278039632729
6350,train/fps,57656.286263151516
6360,train/reward,1.3125483989715576
6360,train/actor_loss,0.012321981601417065
6360,train/critic_loss,4.883439540863037
6360,train/entropy,-5.595301628112793
6360,train/episode_length_steps,658.2197277580066
6360,train/fps,57687.933222978536
6370,train/reward,1.3146103620529175
6370,train/actor_loss,0.015580794773995876
6370,train/critic_loss,3.654390811920166
6370,train/entropy,-5.590141773223877
6370,train/episode_length_steps,707.995684268495
6370,train/fps,57719.99582402305
6380,train/reward,1.311357855796814
6380,train/actor_loss,0.01313211489468813
6380,train/critic_loss,2.8375842571258545
6380,train/entropy,-5.599569797515869
6380,train/episode_length_steps,635.8672602255715
6380,train/fps,57751.2887744065
6390,train/reward,1.3137736320495605
6390,train/actor_loss,0.010565589182078838
6390,train/critic_loss,2.5865724086761475
6390,train/entropy,-5.584773540496826
6390,train/episode_length_steps,685.7702341563804
6390,train/fps,57782.2345484984
6400,train/reward,1.3109296560287476
6400,train/actor_loss,0.011134633794426918
6400,train/critic_loss,4.036873817443848
6400,train/entropy,-5.574438571929932
6400,train/episode_length_steps,664.8977184073752
6400,train/fps,57813.51468345711
6410,train/reward,1.3137067556381226
6410,train/actor_loss,0.014713756740093231
6410,train/critic_loss,3.087559938430786
6410,train/entropy,-5.555884838104248
6410,train/episode_length_steps,671.7126014661571
6410,train/fps,57843.42232207902
6420,train/reward,1.31955885887146
6420,train/actor_loss,0.010565011762082577
6420,train/critic_loss,3.459669828414917
6420,train/entropy,-5.572499752044678
6420,train/episode_length_steps,685.7702341563804
6420,train/fps,57875.42133169763
6430,train/reward,1.3145012855529785
6430,train/actor_loss,0.010093395598232746
6430,train/critic_loss,2.643822193145752
6430,train/entropy,-5.537758827209473
6430,train/episode_length_steps,620.8086699810817
6430,train/fps,57905.90805711515
6440,train/reward,1.3137290477752686
6440,train/actor_loss,0.01296527124941349
6440,train/critic_loss,2.733522891998291
6440,train/entropy,-5.5635809898376465
6440,train/episode_length_steps,664.8977184073752
6440,train/fps,57938.19283539506
6450,train/reward,1.3209327459335327
6450,train/actor_loss,0.013154029846191406
6450,train/critic_loss,2.911698818206787
6450,train/entropy,-5.548423767089844
6450,train/episode_length_steps,731.7100184606722
6450,train/fps,57968.57180529966
6460,train/reward,1.3234617710113525
6460,train/actor_loss,0.010611369274556637
6460,train/critic_loss,2.5836021900177
6460,train/entropy,-5.580124855041504
6460,train/episode_length_steps,765.9158472401787
6460,train/fps,57999.75918351006
6470,train/reward,1.3192987442016602
6470,train/actor_loss,0.011315220966935158
6470,train/critic_loss,2.7667107582092285
6470,train/entropy,-5.5921454429626465
6470,train/episode_length_steps,739.9718102535958
6470,train/fps,58030.49315810777
6480,train/reward,1.3218342065811157
6480,train/actor_loss,0.014593342319130898
6480,train/critic_loss,2.1876161098480225
6480,train/entropy,-5.615912914276123
6480,train/episode_length_steps,735.817724153145
6480,train/fps,58060.797949003005
6490,train/reward,1.3210164308547974
6490,train/actor_loss,0.011300714686512947
6490,train/critic_loss,2.672590732574463
6490,train/entropy,-5.641741752624512
6490,train/episode_length_steps,727.6479207318547
6490,train/fps,58091.633941559005
6500,train/reward,1.3202515840530396
6500,train/actor_loss,0.009887061081826687
6500,train/critic_loss,3.253206253051758
6500,train/entropy,-5.681970119476318
6500,train/episode_length_steps,788.9674003909396
6500,train/fps,58121.30742159785
6510,train/reward,1.317946195602417
6510,train/actor_loss,0.010079707019031048
6510,train/critic_loss,2.6723363399505615
6510,train/entropy,-5.690626621246338
6510,train/episode_length_steps,685.7702341563804
6510,train/fps,58151.09723436927
6520,train/reward,1.32012939453125
6520,train/actor_loss,0.020425422117114067
6520,train/critic_loss,2.965191602706909
6520,train/entropy,-5.7151570320129395
6520,train/episode_length_steps,682.2009508175753
6520,train/fps,58180.718759355135
6530,train/reward,1.3238451480865479
6530,train/actor_loss,0.010042075999081135
6530,train/critic_loss,2.500256299972534
6530,train/entropy,-5.716322898864746
6530,train/episode_length_steps,682.2009508175753
6530,train/fps,58211.69246059326
6540,train/reward,1.3192362785339355
6540,train/actor_loss,0.011004914529621601
6540,train/critic_loss,2.4429879188537598
6540,train/entropy,-5.757022857666016
6540,train/episode_length_steps,731.7100184606722
6540,train/fps,58241.056985639305
6550,train/reward,1.3259801864624023
6550,train/actor_loss,0.015562611632049084
6550,train/critic_loss,2.4675514698028564
6550,train/entropy,-5.78501558303833
6550,train/episode_length_steps,788.9674003909396
6550,train/fps,58271.27390522744
6560,train/reward,1.3235098123550415
6560,train/actor_loss,0.012871873565018177
6560,train/critic_loss,2.472318410873413
6560,train/entropy,-5.820557117462158
6560,train/episode_length_steps,798.5812704616955
6560,train/fps,58300.96475436372
6570,train/reward,1.317375659942627
6570,train/actor_loss,0.014506379142403603
6570,train/critic_loss,3.158358335494995
6570,train/entropy,-5.793377876281738
6570,train/episode_length_steps,664.8977184073752
6570,train/fps,58330.22600535586
6580,train/reward,1.3258812427520752
6580,train/actor_loss,0.012102421373128891
6580,train/critic_loss,2.5672643184661865
6580,train/entropy,-5.8341593742370605
6580,train/episode_length_steps,744.1730667488358
6580,train/fps,58359.65592218635
6590,train/reward,1.3246873617172241
6590,train/actor_loss,0.015050149522721767
6590,train/critic_loss,2.49717116355896
6590,train/entropy,-5.83920431137085
6590,train/episode_length_steps,813.4495623538085
6590,train/fps,58388.152849584585
6600,train/reward,1.3173367977142334
6600,train/actor_loss,0.012695344164967537
6600,train/critic_loss,3.3843910694122314
6600,train/entropy,-5.820516109466553
6600,train/episode_length_steps,696.70575204079
6600,train/fps,58417.02454694403
6610,train/reward,1.3210458755493164
6610,train/actor_loss,0.013389102183282375
6610,train/critic_loss,2.933624267578125
6610,train/entropy,-5.830323696136475
6610,train/episode_length_steps,761.4662389368028
6610,train/fps,58444.97664900451
6620,train/reward,1.3181273937225342
6620,train/actor_loss,0.01122416090220213
6620,train/critic_loss,2.0507495403289795
6620,train/entropy,-5.839240550994873
6620,train/episode_length_steps,651.6745458404358
6620,train/fps,58474.626487260815
6630,train/reward,1.318129062652588
6630,train/actor_loss,0.011806224472820759
6630,train/critic_loss,3.2380356788635254
6630,train/entropy,-5.839735507965088
6630,train/episode_length_steps,723.6306755806095
6630,train/fps,58502.80163753992
6640,train/reward,1.3198522329330444
6640,train/actor_loss,0.021547764539718628
6640,train/critic_loss,2.498613119125366
6640,train/entropy,-5.848844051361084
6640,train/episode_length_steps,808.432328135103
6640,train/fps,58531.78027633895
6650,train/reward,1.322857141494751
6650,train/actor_loss,0.011290531605482101
6650,train/critic_loss,2.090352773666382
6650,train/entropy,-5.866394996643066
6650,train/episode_length_steps,723.6306755806095
6650,train/fps,58560.350464725845
6660,train/reward,1.3247077465057373
6660,train/actor_loss,0.015371769666671753
6660,train/critic_loss,1.971994400024414
6660,train/entropy,-5.883988380432129
6660,train/episode_length_steps,671.7126014661571
6660,train/fps,58588.09489021302
6670,train/reward,1.3206804990768433
6670,train/actor_loss,0.012097756378352642
6670,train/critic_loss,2.4873130321502686
6670,train/entropy,-5.899499416351318
6670,train/episode_length_steps,779.5822535408565
6670,train/fps,58616.851980233296
6680,train/reward,1.3223142623901367
6680,train/actor_loss,0.012179714627563953
6680,train/critic_loss,2.563145160675049
6680,train/entropy,-5.8600077629089355
6680,train/episode_length_steps,813.4495623538085
6680,train/fps,58644.67257562727
6690,train/reward,1.3252308368682861
6690,train/actor_loss,0.01382160373032093
6690,train/critic_loss,2.0404655933380127
6690,train/entropy,-5.8426127433776855
6690,train/episode_length_steps,765.9158472401787
6690,train/fps,58673.40015959752
6700,train/reward,1.3199598789215088
6700,train/actor_loss,0.010986167937517166
6700,train/critic_loss,2.58501935005188
6700,train/entropy,-5.820730686187744
6700,train/episode_length_steps,711.8407478776858
6700,train/fps,58700.616650751566
6710,train/reward,1.3235979080200195
6710,train/actor_loss,0.0102366479113698
6710,train/critic_loss,2.3800148963928223
6710,train/entropy,-5.7728400230407715
6710,train/episode_length_steps,757.0680322478452
6710,train/fps,58729.20129683996
6720,train/reward,1.3197500705718994
6720,train/actor_loss,0.011276517994701862
6720,train/critic_loss,2.8126869201660156
6720,train/entropy,-5.737586975097656
6720,train/episode_length_steps,752.7203416056614
6720,train/fps,58756.44855666828
6730,train/reward,1.3155778646469116
6730,train/actor_loss,0.015063432045280933
6730,train/critic_loss,2.045212984085083
6730,train/entropy,-5.766983985900879
6730,train/episode_length_steps,664.8977184073752
6730,train/fps,58784.43783789964
6740,train/reward,1.316933274269104
6740,train/actor_loss,0.01295136846601963
6740,train/critic_loss,2.49564528465271
6740,train/entropy,-5.74049186706543
6740,train/episode_length_steps,707.995684268495
6740,train/fps,58811.78686746413
6750,train/reward,1.3187841176986694
6750,train/actor_loss,0.011215897276997566
6750,train/critic_loss,2.4908206462860107
6750,train/entropy,-5.772668361663818
6750,train/episode_length_steps,739.9718102535958
6750,train/fps,58839.277830305575
6760,train/reward,1.3207942247390747
6760,train/actor_loss,0.012215946801006794
6760,train/critic_loss,2.4163131713867188
6760,train/entropy,-5.781460285186768
6760,train/episode_length_steps,719.6575442107978
6760,train/fps,58867.18871226793
6770,train/reward,1.3207778930664062
6770,train/actor_loss,0.014256469905376434
6770,train/critic_loss,3.2190635204315186
6770,train/entropy,-5.7959418296813965
6770,train/episode_length_steps,735.817724153145
6770,train/fps,58894.07359474158
6780,train/reward,1.3224008083343506
6780,train/actor_loss,0.01274594385176897
6780,train/critic_loss,2.796269178390503
6780,train/entropy,-5.841823101043701
6780,train/episode_length_steps,731.7100184606722
6780,train/fps,58921.717249286165
6790,train/reward,1.3221361637115479
6790,train/actor_loss,0.009990297257900238
6790,train/critic_loss,2.7368714809417725
6790,train/entropy,-5.878082752227783
6790,train/episode_length_steps,784.2467497605712
6790,train/fps,58947.596538680926
6800,train/reward,1.3210405111312866
6800,train/actor_loss,0.011473537422716618
6800,train/critic_loss,2.6465041637420654
6800,train/entropy,-5.907408237457275
6800,train/episode_length_steps,784.2467497605712
6800,train/fps,58974.73019537372
6810,train/reward,1.3241090774536133
6810,train/actor_loss,0.011795650236308575
6810,train/critic_loss,2.7506320476531982
6810,train/entropy,-5.908011436462402
6810,train/episode_length_steps,839.499776188048
6810,train/fps,59000.360890410164
6820,train/reward,1.3202903270721436
6820,train/actor_loss,0.024017026647925377
6820,train/critic_loss,3.3248584270477295
6820,train/entropy,-5.905093669891357
6820,train/episode_length_steps,735.817724153145
6820,train/fps,59027.1980694234
6830,train/reward,1.3210935592651367
6830,train/actor_loss,0.011754105798900127
6830,train/critic_loss,3.1587536334991455
6830,train/entropy,-5.879478454589844
6830,train/episode_length_steps,682.2009508175753
6830,train/fps,59053.25666691781
6840,train/reward,1.3206731081008911
6840,train/actor_loss,0.01315850019454956
6840,train/critic_loss,3.2668774127960205
6840,train/entropy,-5.878602504730225
6840,train/episode_length_steps,723.6306755806095
6840,train/fps,59079.87954953179
6850,train/reward,1.3146967887878418
6850,train/actor_loss,0.013711981475353241
6850,train/critic_loss,3.5174858570098877
6850,train/entropy,-5.890414714813232
6850,train/episode_length_steps,723.6306755806095
6850,train/fps,59106.53269024433
6860,train/reward,1.3224165439605713
6860,train/actor_loss,0.01293723564594984
6860,train/critic_loss,3.122152090072632
6860,train/entropy,-5.880240440368652
6860,train/episode_length_steps,707.995684268495
6860,train/fps,59132.14912559851
6870,train/reward,1.3203524351119995
6870,train/actor_loss,0.011950023472309113
6870,train/critic_loss,3.4194886684417725
6870,train/entropy,-5.877992153167725
6870,train/episode_length_steps,620.8086699810817
6870,train/fps,59158.30036048982
6880,train/reward,1.316629409790039
6880,train/actor_loss,0.01169799268245697
6880,train/critic_loss,4.069468021392822
6880,train/entropy,-5.8742570877075195
6880,train/episode_length_steps,592.734430374398
6880,train/fps,59183.226891973885
6890,train/reward,1.314859390258789
6890,train/actor_loss,0.009807378984987736
6890,train/critic_loss,2.7573325634002686
6890,train/entropy,-5.87131929397583
6890,train/episode_length_steps,617.8821365688474
6890,train/fps,59209.62292534231
6900,train/reward,1.3101094961166382
6900,train/actor_loss,0.01611802726984024
6900,train/critic_loss,3.1289327144622803
6900,train/entropy,-5.870731353759766
6900,train/episode_length_steps,574.5468990738798
6900,train/fps,59234.94281448958
6910,train/reward,1.3153247833251953
6910,train/actor_loss,0.01443447358906269
6910,train/critic_loss,2.655925989151001
6910,train/entropy,-5.859012126922607
6910,train/episode_length_steps,623.7630577547333
6910,train/fps,59261.04294347175
6920,train/reward,1.3187158107757568
6920,train/actor_loss,0.017611278221011162
6920,train/critic_loss,3.535783052444458
6920,train/entropy,-5.816110134124756
6920,train/episode_length_steps,675.172699813866
6920,train/fps,59286.66970437891
6930,train/reward,1.3160350322723389
6930,train/actor_loss,0.013105945661664009
6930,train/critic_loss,2.417100191116333
6930,train/entropy,-5.808784008026123
6930,train/episode_length_steps,638.9670697962325
6930,train/fps,59311.99250718569
6940,train/reward,1.3204718828201294
6940,train/actor_loss,0.013537222519516945
6940,train/critic_loss,2.281493902206421
6940,train/entropy,-5.79733943939209
6940,train/episode_length_steps,700.4288416623831
6940,train/fps,59337.7573760021
6950,train/reward,1.316040277481079
6950,train/actor_loss,0.009956217370927334
6950,train/critic_loss,2.8064112663269043
6950,train/entropy,-5.790938854217529
6950,train/episode_length_steps,675.172699813866
6950,train/fps,59362.85820475853
6960,train/reward,1.320713996887207
6960,train/actor_loss,0.011613067239522934
6960,train/critic_loss,3.458508253097534
6960,train/entropy,-5.82253360748291
6960,train/episode_length_steps,788.9674003909396
6960,train/fps,59388.51868744584
6970,train/reward,1.3232810497283936
6970,train/actor_loss,0.012752512469887733
6970,train/critic_loss,2.31902813911438
6970,train/entropy,-5.822606086730957
6970,train/episode_length_steps,685.7702341563804
6970,train/fps,59413.2719535566
6980,train/reward,1.321977138519287
6980,train/actor_loss,0.014161414466798306
6980,train/critic_loss,3.1582491397857666
6980,train/entropy,-5.815945625305176
6980,train/episode_length_steps,719.6575442107978
6980,train/fps,59439.042855201435
6990,train/reward,1.3181464672088623
6990,train/actor_loss,0.01333608664572239
6990,train/critic_loss,2.5752646923065186
6990,train/entropy,-5.827403545379639
6990,train/episode_length_steps,600.8864248372648
6990,train/fps,59462.77230888057
7000,train/reward,1.3236325979232788
7000,train/actor_loss,0.013233852572739124
7000,train/critic_loss,1.9201701879501343
7000,train/entropy,-5.864696502685547
7000,train/episode_length_steps,719.6575442107978
7000,train/fps,59487.79199417704
7000,eval/med_figure8_normal,0.15370935201644897
7010,train/reward,1.3171954154968262
7010,train/actor_loss,0.015081415884196758
7010,train/critic_loss,2.4379611015319824
7010,train/entropy,-5.8677496910095215
7010,train/episode_length_steps,579.6284377938119
7010,train/fps,56796.832067056916
7020,train/reward,1.3249205350875854
7020,train/actor_loss,0.021967722102999687
7020,train/critic_loss,1.6769918203353882
7020,train/entropy,-5.871791362762451
7020,train/episode_length_steps,606.4468139037408
7020,train/fps,56827.643502194805
7030,train/reward,1.3261867761611938
7030,train/actor_loss,0.01304865162819624
7030,train/critic_loss,2.2743451595306396
7030,train/entropy,-5.872984409332275
7030,train/episode_length_steps,629.7570023566689
7030,train/fps,56856.88400296784
7040,train/reward,1.3300632238388062
7040,train/actor_loss,0.01205457653850317
7040,train/critic_loss,1.9116764068603516
7040,train/entropy,-5.887065410614014
7040,train/episode_length_steps,739.9718102535958
7040,train/fps,56887.33475012346
7050,train/reward,1.3308695554733276
7050,train/actor_loss,0.01109312754124403
7050,train/critic_loss,2.252246379852295
7050,train/entropy,-5.9156813621521
7050,train/episode_length_steps,668.2877866491242
7050,train/fps,56915.90756016155
7060,train/reward,1.3275845050811768
7060,train/actor_loss,0.011192512698471546
7060,train/critic_loss,1.5157833099365234
7060,train/entropy,-5.904475212097168
7060,train/episode_length_steps,682.2009508175753
7060,train/fps,56946.03255702788
7070,train/reward,1.3360254764556885
7070,train/actor_loss,0.01391985546797514
7070,train/critic_loss,1.1945631504058838
7070,train/entropy,-5.9223313331604
7070,train/episode_length_steps,675.172699813866
7070,train/fps,56975.317655719475
7080,train/reward,1.3304884433746338
7080,train/actor_loss,0.01344322320073843
7080,train/critic_loss,2.1322834491729736
7080,train/entropy,-5.938430309295654
7080,train/episode_length_steps,658.2197277580066
7080,train/fps,57004.62860881038
7090,train/reward,1.3253200054168701
7090,train/actor_loss,0.012587676756083965
7090,train/critic_loss,1.9120063781738281
7090,train/entropy,-5.953633785247803
7090,train/episode_length_steps,632.7973815536474
7090,train/fps,57034.42613028504
7100,train/reward,1.3317656517028809
7100,train/actor_loss,0.017130741849541664
7100,train/critic_loss,1.546876311302185
7100,train/entropy,-5.979173183441162
7100,train/episode_length_steps,761.4662389368028
7100,train/fps,57063.03098365695
7110,train/reward,1.3296514749526978
7110,train/actor_loss,0.011574652045965195
7110,train/critic_loss,1.9264373779296875
7110,train/entropy,-5.962996006011963
7110,train/episode_length_steps,770.4177635464497
7110,train/fps,57092.18492842214
7120,train/reward,1.3309036493301392
7120,train/actor_loss,0.011796068400144577
7120,train/critic_loss,2.184406042098999
7120,train/entropy,-5.966569423675537
7120,train/episode_length_steps,727.6479207318547
7120,train/fps,57119.8610479414
7130,train/reward,1.3239860534667969
7130,train/actor_loss,0.011363385245203972
7130,train/critic_loss,2.2586820125579834
7130,train/entropy,-5.9697723388671875
7130,train/episode_length_steps,715.7278039632729
7130,train/fps,57148.06208631031
7140,train/reward,1.327417016029358
7140,train/actor_loss,0.014802004210650921
7140,train/critic_loss,1.683077096939087
7140,train/entropy,-5.965072154998779
7140,train/episode_length_steps,664.8977184073752
7140,train/fps,57174.695581906475
7150,train/reward,1.3281208276748657
7150,train/actor_loss,0.013057971373200417
7150,train/critic_loss,1.4689955711364746
7150,train/entropy,-5.973958492279053
7150,train/episode_length_steps,757.0680322478452
7150,train/fps,57202.765530155324
7160,train/reward,1.325347900390625
7160,train/actor_loss,0.013603444211184978
7160,train/critic_loss,1.8548282384872437
7160,train/entropy,-5.960389614105225
7160,train/episode_length_steps,678.6686297686992
7160,train/fps,57229.20661159149
7170,train/reward,1.3245570659637451
7170,train/actor_loss,0.01372575480490923
7170,train/critic_loss,2.0645549297332764
7170,train/entropy,-5.9341139793396
7170,train/episode_length_steps,664.8977184073752
7170,train/fps,57256.7152034735
7180,train/reward,1.3248287439346313
7180,train/actor_loss,0.012491561472415924
7180,train/critic_loss,2.407025098800659
7180,train/entropy,-5.935279846191406
7180,train/episode_length_steps,678.6686297686992
7180,train/fps,57284.04947662986
7190,train/reward,1.3267176151275635
7190,train/actor_loss,0.010171996429562569
7190,train/critic_loss,1.7853399515151978
7190,train/entropy,-5.928585529327393
7190,train/episode_length_steps,834.1571042040623
7190,train/fps,57310.8200681948
7200,train/reward,1.325058102607727
7200,train/actor_loss,0.012907207012176514
7200,train/critic_loss,2.29002046585083
7200,train/entropy,-5.924941539764404
7200,train/episode_length_steps,723.6306755806095
7200,train/fps,57338.149060538504
7210,train/reward,1.3246052265167236
7210,train/actor_loss,0.012140203267335892
7210,train/critic_loss,2.1521832942962646
7210,train/entropy,-5.890899658203125
7210,train/episode_length_steps,658.2197277580066
7210,train/fps,57364.379604873604
7220,train/reward,1.3251252174377441
7220,train/actor_loss,0.010203992016613483
7220,train/critic_loss,2.43074893951416
7220,train/entropy,-5.891505718231201
7220,train/episode_length_steps,645.2582498063123
7220,train/fps,57391.60729752645
7230,train/reward,1.3289307355880737
7230,train/actor_loss,0.013188938610255718
7230,train/critic_loss,2.2429378032684326
7230,train/entropy,-5.945099353790283
7230,train/episode_length_steps,584.8006652107567
7230,train/fps,57417.646320609194
7240,train/reward,1.327635645866394
7240,train/actor_loss,0.013380095362663269
7240,train/critic_loss,2.1176350116729736
7240,train/entropy,-5.944430828094482
7240,train/episode_length_steps,617.8821365688474
7240,train/fps,57444.30085910937
7250,train/reward,1.3312568664550781
7250,train/actor_loss,0.013352954760193825
7250,train/critic_loss,1.8557188510894775
7250,train/entropy,-5.932162761688232
7250,train/episode_length_steps,648.4505262011374
7250,train/fps,57469.563388573515
7260,train/reward,1.327945351600647
7260,train/actor_loss,0.01327443029731512
7260,train/critic_loss,1.1379565000534058
7260,train/entropy,-5.94923734664917
7260,train/episode_length_steps,693.0220328894451
7260,train/fps,57495.758328486554
7270,train/reward,1.326970100402832
7270,train/actor_loss,0.017267098650336266
7270,train/critic_loss,2.353480815887451
7270,train/entropy,-5.9176459312438965
7270,train/episode_length_steps,645.2582498063123
7270,train/fps,57521.517659651385
7280,train/reward,1.3203279972076416
7280,train/actor_loss,0.012104866094887257
7280,train/critic_loss,2.608971357345581
7280,train/entropy,-5.905789375305176
7280,train/episode_length_steps,715.7278039632729
7280,train/fps,57547.3902245998
7290,train/reward,1.330073356628418
7290,train/actor_loss,0.013269729912281036
7290,train/critic_loss,1.960089921951294
7290,train/entropy,-5.902745723724365
7290,train/episode_length_steps,757.0680322478452
7290,train/fps,57573.716183509816
7300,train/reward,1.3286030292510986
7300,train/actor_loss,0.012800735421478748
7300,train/critic_loss,1.8548262119293213
7300,train/entropy,-5.896846771240234
7300,train/episode_length_steps,689.3770629978882
7300,train/fps,57599.164372295534
7310,train/reward,1.3247742652893066
7310,train/actor_loss,0.012042651884257793
7310,train/critic_loss,1.7292156219482422
7310,train/entropy,-5.872460842132568
7310,train/episode_length_steps,595.4270735573396
7310,train/fps,57625.695347943925
7320,train/reward,1.3246028423309326
7320,train/actor_loss,0.015494097955524921
7320,train/critic_loss,2.4497742652893066
7320,train/entropy,-5.835894584655762
7320,train/episode_length_steps,675.172699813866
7320,train/fps,57650.68904450699
7330,train/reward,1.3240368366241455
7330,train/actor_loss,0.009588482789695263
7330,train/critic_loss,1.4462498426437378
7330,train/entropy,-5.851378917694092
7330,train/episode_length_steps,645.2582498063123
7330,train/fps,57676.58167571048
7340,train/reward,1.323448896408081
7340,train/actor_loss,0.016578417271375656
7340,train/critic_loss,1.6706669330596924
7340,train/entropy,-5.847450256347656
7340,train/episode_length_steps,598.1442923804069
7340,train/fps,57700.87231957131
7350,train/reward,1.3239810466766357
7350,train/actor_loss,0.013803675770759583
7350,train/critic_loss,1.656781554222107
7350,train/entropy,-5.884652614593506
7350,train/episode_length_steps,587.4215492497611
7350,train/fps,57725.71204331378
7360,train/reward,1.3288004398345947
7360,train/actor_loss,0.010649389587342739
7360,train/critic_loss,1.6487501859664917
7360,train/entropy,-5.877887725830078
7360,train/episode_length_steps,689.3770629978882
7360,train/fps,57750.55671856809
7370,train/reward,1.3244552612304688
7370,train/actor_loss,0.01157855149358511
7370,train/critic_loss,2.313988447189331
7370,train/entropy,-5.875452995300293
7370,train/episode_length_steps,609.265778213572
7370,train/fps,57775.45042769965
7380,train/reward,1.3246924877166748
7380,train/actor_loss,0.01645479165017605
7380,train/critic_loss,1.3552851676940918
7380,train/entropy,-5.870049476623535
7380,train/episode_length_steps,629.7570023566689
7380,train/fps,57800.84095007708
7390,train/reward,1.3277111053466797
7390,train/actor_loss,0.013292096555233002
7390,train/critic_loss,2.1653804779052734
7390,train/entropy,-5.8999247550964355
7390,train/episode_length_steps,590.0660309243004
7390,train/fps,57825.72903998751
7400,train/reward,1.3295857906341553
7400,train/actor_loss,0.012666473165154457
7400,train/critic_loss,1.9514271020889282
7400,train/entropy,-5.924991607666016
7400,train/episode_length_steps,645.2582498063123
7400,train/fps,57851.93732026771
7410,train/reward,1.3265273571014404
7410,train/actor_loss,0.011760714463889599
7410,train/critic_loss,1.9822635650634766
7410,train/entropy,-5.926084041595459
7410,train/episode_length_steps,609.265778213572
7410,train/fps,57876.704790376556
7420,train/reward,1.328972578048706
7420,train/actor_loss,0.013524748384952545
7420,train/critic_loss,1.8691571950912476
7420,train/entropy,-5.975015640258789
7420,train/episode_length_steps,654.9307845610301
7420,train/fps,57902.631278744426
7430,train/reward,1.3293129205703735
7430,train/actor_loss,0.009985160082578659
7430,train/critic_loss,1.2523530721664429
7430,train/entropy,-5.984198093414307
7430,train/episode_length_steps,638.9670697962325
7430,train/fps,57927.05171212939
7440,train/reward,1.3322181701660156
7440,train/actor_loss,0.014341388829052448
7440,train/critic_loss,1.3004720211029053
7440,train/entropy,-6.0133256912231445
7440,train/episode_length_steps,661.5418706259259
7440,train/fps,57952.30057847841
7450,train/reward,1.3302433490753174
7450,train/actor_loss,0.012709054164588451
7450,train/critic_loss,1.6472848653793335
7450,train/entropy,-6.021536350250244
7450,train/episode_length_steps,629.7570023566689
7450,train/fps,57976.880895219154
7460,train/reward,1.325972080230713
7460,train/actor_loss,0.012348935008049011
7460,train/critic_loss,1.7718292474746704
7460,train/entropy,-6.046893119812012
7460,train/episode_length_steps,693.0220328894451
7460,train/fps,58001.45925230598
7470,train/reward,1.3313987255096436
7470,train/actor_loss,0.010096568614244461
7470,train/critic_loss,1.5611743927001953
7470,train/entropy,-6.030900955200195
7470,train/episode_length_steps,685.7702341563804
7470,train/fps,58026.356623476895
7480,train/reward,1.3301153182983398
7480,train/actor_loss,0.01372977253049612
7480,train/critic_loss,1.343093752861023
7480,train/entropy,-6.018837928771973
7480,train/episode_length_steps,651.6745458404358
7480,train/fps,58050.50516428391
7490,train/reward,1.33014976978302
7490,train/actor_loss,0.011582568287849426
7490,train/critic_loss,1.0289610624313354
7490,train/entropy,-6.015817165374756
7490,train/episode_length_steps,850.393099192874
7490,train/fps,58075.4170410086
7500,train/reward,1.3327317237854004
7500,train/actor_loss,0.013358565047383308
7500,train/critic_loss,1.24545156955719
7500,train/entropy,-6.005184650421143
7500,train/episode_length_steps,700.4288416623831
7500,train/fps,58099.11410641802
7510,train/reward,1.3354984521865845
7510,train/actor_loss,0.010430727154016495
7510,train/critic_loss,1.9512560367584229
7510,train/entropy,-6.030526161193848
7510,train/episode_length_steps,727.6479207318547
7510,train/fps,58122.767802065544
7520,train/reward,1.3306968212127686
7520,train/actor_loss,0.011180892586708069
7520,train/critic_loss,1.4468508958816528
7520,train/entropy,-6.048686504364014
7520,train/episode_length_steps,651.6745458404358
7520,train/fps,58145.85615306684
7530,train/reward,1.3344097137451172
7530,train/actor_loss,0.017885735258460045
7530,train/critic_loss,1.2650598287582397
7530,train/entropy,-6.058873176574707
7530,train/episode_length_steps,678.6686297686992
7530,train/fps,58169.92349337782
7540,train/reward,1.3313062191009521
7540,train/actor_loss,0.023474132642149925
7540,train/critic_loss,1.8592733144760132
7540,train/entropy,-6.069897651672363
7540,train/episode_length_steps,704.1919363146418
7540,train/fps,58193.06173344205
7550,train/reward,1.3318779468536377
7550,train/actor_loss,0.013181276619434357
7550,train/critic_loss,1.5422296524047852
7550,train/entropy,-6.089347839355469
7550,train/episode_length_steps,664.8977184073752
7550,train/fps,58215.812373732435
7560,train/reward,1.3318870067596436
7560,train/actor_loss,0.011870836839079857
7560,train/critic_loss,1.6967089176177979
7560,train/entropy,-6.1059770584106445
7560,train/episode_length_steps,735.817724153145
7560,train/fps,58239.10845676313
7570,train/reward,1.3322317600250244
7570,train/actor_loss,0.012735353782773018
7570,train/critic_loss,1.6552079916000366
7570,train/entropy,-6.1344313621521
7570,train/episode_length_steps,664.8977184073752
7570,train/fps,58262.24026658519
7580,train/reward,1.3304352760314941
7580,train/actor_loss,0.012227206490933895
7580,train/critic_loss,1.4599131345748901
7580,train/entropy,-6.1285529136657715
7580,train/episode_length_steps,606.4468139037408
7580,train/fps,58286.25740388922
7590,train/reward,1.333279013633728
7590,train/actor_loss,0.012225735001266003
7590,train/critic_loss,1.4098204374313354
7590,train/entropy,-6.082246780395508
7590,train/episode_length_steps,668.2877866491242
7590,train/fps,58309.291557046694
7600,train/reward,1.3374431133270264
7600,train/actor_loss,0.0138236153870821
7600,train/critic_loss,1.6716026067733765
7600,train/entropy,-6.069144248962402
7600,train/episode_length_steps,693.0220328894451
7600,train/fps,58333.442698593775
7610,train/reward,1.3307666778564453
7610,train/actor_loss,0.012281356379389763
7610,train/critic_loss,2.1199071407318115
7610,train/entropy,-6.0877580642700195
7610,train/episode_length_steps,661.5418706259259
7610,train/fps,58356.15155028784
7620,train/reward,1.3334656953811646
7620,train/actor_loss,0.015538993291556835
7620,train/critic_loss,1.2405205965042114
7620,train/entropy,-6.071359157562256
7620,train/episode_length_steps,715.7278039632729
7620,train/fps,58380.291658638984
7630,train/reward,1.337693452835083
7630,train/actor_loss,0.011778175830841064
7630,train/critic_loss,2.4378623962402344
7630,train/entropy,-6.074843883514404
7630,train/episode_length_steps,761.4662389368028
7630,train/fps,58403.41199509592
7640,train/reward,1.3379976749420166
7640,train/actor_loss,0.01061653345823288
7640,train/critic_loss,1.248464584350586
7640,train/entropy,-6.064624309539795
7640,train/episode_length_steps,675.172699813866
7640,train/fps,58426.832270902545
7650,train/reward,1.3362177610397339
7650,train/actor_loss,0.011850115843117237
7650,train/critic_loss,1.6988743543624878
7650,train/entropy,-6.0387420654296875
7650,train/episode_length_steps,668.2877866491242
7650,train/fps,58450.10420504926
7660,train/reward,1.3351906538009644
7660,train/actor_loss,0.012431645765900612
7660,train/critic_loss,1.7436447143554688
7660,train/entropy,-6.05064582824707
7660,train/episode_length_steps,719.6575442107978
7660,train/fps,58472.68711032898
7670,train/reward,1.335350751876831
7670,train/actor_loss,0.013162237592041492
7670,train/critic_loss,1.7849276065826416
7670,train/entropy,-6.038272380828857
7670,train/episode_length_steps,664.8977184073752
7670,train/fps,58495.99284567258
7680,train/reward,1.3334232568740845
7680,train/actor_loss,0.01077929139137268
7680,train/critic_loss,1.3650319576263428
7680,train/entropy,-6.043314456939697
7680,train/episode_length_steps,693.0220328894451
7680,train/fps,58518.13389696122
7690,train/reward,1.3317267894744873
7690,train/actor_loss,0.011537149548530579
7690,train/critic_loss,1.2889714241027832
7690,train/entropy,-6.093212127685547
7690,train/episode_length_steps,682.2009508175753
7690,train/fps,58541.632820848215
7700,train/reward,1.335846185684204
7700,train/actor_loss,0.014385855756700039
7700,train/critic_loss,1.8377981185913086
7700,train/entropy,-6.079824924468994
7700,train/episode_length_steps,731.7100184606722
7700,train/fps,58564.057634280995
7710,train/reward,1.3290891647338867
7710,train/actor_loss,0.011244487948715687
7710,train/critic_loss,2.092944383621216
7710,train/entropy,-6.0651116371154785
7710,train/episode_length_steps,715.7278039632729
7710,train/fps,58587.534486219345
7720,train/reward,1.3302061557769775
7720,train/actor_loss,0.020349135622382164
7720,train/critic_loss,1.969057321548462
7720,train/entropy,-6.0930495262146
7720,train/episode_length_steps,595.4270735573396
7720,train/fps,58609.4641923813
7730,train/reward,1.3359626531600952
7730,train/actor_loss,0.011198646388947964
7730,train/critic_loss,1.47458016872406
7730,train/entropy,-6.09906005859375
7730,train/episode_length_steps,744.1730667488358
7730,train/fps,58631.45650653958
7740,train/reward,1.3301414251327515
7740,train/actor_loss,0.012116849422454834
7740,train/critic_loss,2.5570170879364014
7740,train/entropy,-6.125178337097168
7740,train/episode_length_steps,623.7630577547333
7740,train/fps,58653.686437279146
7750,train/reward,1.335925817489624
7750,train/actor_loss,0.013800938613712788
7750,train/critic_loss,1.4989560842514038
7750,train/entropy,-6.128429889678955
7750,train/episode_length_steps,704.1919363146418
7750,train/fps,58674.60960111055
7760,train/reward,1.333460807800293
7760,train/actor_loss,0.014862974174320698
7760,train/critic_loss,1.1517037153244019
7760,train/entropy,-6.116981029510498
7760,train/episode_length_steps,664.8977184073752
7760,train/fps,58696.72975832605
7770,train/reward,1.337451457977295
7770,train/actor_loss,0.014765307307243347
7770,train/critic_loss,1.2718857526779175
7770,train/entropy,-6.106586933135986
7770,train/episode_length_steps,704.1919363146418
7770,train/fps,58718.363212822784
7780,train/reward,1.3368418216705322
7780,train/actor_loss,0.012550830841064453
7780,train/critic_loss,1.4674268960952759
7780,train/entropy,-6.109836578369141
7780,train/episode_length_steps,798.5812704616955
7780,train/fps,58741.063436666496
7790,train/reward,1.3354953527450562
7790,train/actor_loss,0.012493306770920753
7790,train/critic_loss,1.9761093854904175
7790,train/entropy,-6.0912089347839355
7790,train/episode_length_steps,696.70575204079
7790,train/fps,58762.43933677865
7800,train/reward,1.335437536239624
7800,train/actor_loss,0.012475837953388691
7800,train/critic_loss,2.079491376876831
7800,train/entropy,-6.090381145477295
7800,train/episode_length_steps,635.8672602255715
7800,train/fps,58785.180134996655
7810,train/reward,1.3368085622787476
7810,train/actor_loss,0.01163302082568407
7810,train/critic_loss,2.989549398422241
7810,train/entropy,-6.075481414794922
7810,train/episode_length_steps,707.995684268495
7810,train/fps,58806.39935639439
7820,train/reward,1.3386445045471191
7820,train/actor_loss,0.011705512180924416
7820,train/critic_loss,1.58926260471344
7820,train/entropy,-6.066317558288574
7820,train/episode_length_steps,748.4223016690037
7820,train/fps,58828.06687132978
7830,train/reward,1.3403074741363525
7830,train/actor_loss,0.012547127902507782
7830,train/critic_loss,1.7669275999069214
7830,train/entropy,-6.057253837585449
7830,train/episode_length_steps,761.4662389368028
7830,train/fps,58849.68619335827
7840,train/reward,1.332943081855774
7840,train/actor_loss,0.013025288470089436
7840,train/critic_loss,2.215547800064087
7840,train/entropy,-6.048664093017578
7840,train/episode_length_steps,635.8672602255715
7840,train/fps,58870.933338782954
7850,train/reward,1.336039423942566
7850,train/actor_loss,0.011471784673631191
7850,train/critic_loss,2.293623447418213
7850,train/entropy,-6.034463882446289
7850,train/episode_length_steps,658.2197277580066
7850,train/fps,58892.91914822442
7860,train/reward,1.3403122425079346
7860,train/actor_loss,0.010281885974109173
7860,train/critic_loss,2.0821499824523926
7860,train/entropy,-6.058676242828369
7860,train/episode_length_steps,693.0220328894451
7860,train/fps,58913.983447150014
7870,train/reward,1.334673523902893
7870,train/actor_loss,0.01363495271652937
7870,train/critic_loss,2.0589869022369385
7870,train/entropy,-6.092994689941406
7870,train/episode_length_steps,744.1730667488358
7870,train/fps,58936.083792418794
7880,train/reward,1.3346285820007324
7880,train/actor_loss,0.01055610179901123
7880,train/critic_loss,2.5022921562194824
7880,train/entropy,-6.100467681884766
7880,train/episode_length_steps,731.7100184606722
7880,train/fps,58957.008084557674
7890,train/reward,1.3354101181030273
7890,train/actor_loss,0.011178622953593731
7890,train/critic_loss,1.1969698667526245
7890,train/entropy,-6.1210455894470215
7890,train/episode_length_steps,761.4662389368028
7890,train/fps,58978.970603334434
7900,train/reward,1.33781099319458
7900,train/actor_loss,0.011380968615412712
7900,train/critic_loss,1.96892511844635
7900,train/entropy,-6.127607822418213
7900,train/episode_length_steps,727.6479207318547
7900,train/fps,59000.10661979759
7910,train/reward,1.3368524312973022
7910,train/actor_loss,0.009944943711161613
7910,train/critic_loss,1.537702202796936
7910,train/entropy,-6.148857593536377
7910,train/episode_length_steps,752.7203416056614
7910,train/fps,59021.677900738134
7920,train/reward,1.3393990993499756
7920,train/actor_loss,0.011618784628808498
7920,train/critic_loss,1.9024165868759155
7920,train/entropy,-6.148989200592041
7920,train/episode_length_steps,645.2582498063123
7920,train/fps,59043.126782648425
7930,train/reward,1.337813377380371
7930,train/actor_loss,0.01058646198362112
7930,train/critic_loss,1.9528530836105347
7930,train/entropy,-6.150559902191162
7930,train/episode_length_steps,648.4505262011374
7930,train/fps,59063.349988454545
7940,train/reward,1.3391971588134766
7940,train/actor_loss,0.01224715169519186
7940,train/critic_loss,2.137213706970215
7940,train/entropy,-6.173003673553467
7940,train/episode_length_steps,671.7126014661571
7940,train/fps,59084.102499314664
7950,train/reward,1.335739254951477
7950,train/actor_loss,0.015331736765801907
7950,train/critic_loss,1.5134533643722534
7950,train/entropy,-6.153914928436279
7950,train/episode_length_steps,761.4662389368028
7950,train/fps,59103.88227375221
7960,train/reward,1.3364613056182861
7960,train/actor_loss,0.016035068780183792
7960,train/critic_loss,2.7961671352386475
7960,train/entropy,-6.159004211425781
7960,train/episode_length_steps,638.9670697962325
7960,train/fps,59125.11657565998
7970,train/reward,1.3368943929672241
7970,train/actor_loss,0.012597613036632538
7970,train/critic_loss,1.5666550397872925
7970,train/entropy,-6.146369457244873
7970,train/episode_length_steps,675.172699813866
7970,train/fps,59145.36438518055
7980,train/reward,1.333152413368225
7980,train/actor_loss,0.013060742989182472
7980,train/critic_loss,3.0191707611083984
7980,train/entropy,-6.125047206878662
7980,train/episode_length_steps,664.8977184073752
7980,train/fps,59166.12629211314
7990,train/reward,1.3381315469741821
7990,train/actor_loss,0.01081008743494749
7990,train/critic_loss,2.0258989334106445
7990,train/entropy,-6.111264705657959
7990,train/episode_length_steps,761.4662389368028
7990,train/fps,59186.4827841926
8000,train/reward,1.3359768390655518
8000,train/actor_loss,0.011988289654254913
8000,train/critic_loss,1.901945948600769
8000,train/entropy,-6.091036796569824
8000,train/episode_length_steps,793.7452256108409
8000,train/fps,59207.55096544625
8000,eval/med_figure8_normal,0.11335844546556473
8010,train/reward,1.3389067649841309
8010,train/actor_loss,0.017956990748643875
8010,train/critic_loss,1.6018208265304565
8010,train/entropy,-6.083489894866943
8010,train/episode_length_steps,839.499776188048
8010,train/fps,56937.72681450585
8020,train/reward,1.3409910202026367
8020,train/actor_loss,0.011862787418067455
8020,train/critic_loss,1.35763680934906
8020,train/entropy,-6.0885844230651855
8020,train/episode_length_steps,744.1730667488358
8020,train/fps,56961.232442431894
8030,train/reward,1.3374154567718506
8030,train/actor_loss,0.01171888504177332
8030,train/critic_loss,1.4592301845550537
8030,train/entropy,-6.078445911407471
8030,train/episode_length_steps,813.4495623538085
8030,train/fps,56986.963784054795
8040,train/reward,1.3382034301757812
8040,train/actor_loss,0.016562752425670624
8040,train/critic_loss,1.3875045776367188
8040,train/entropy,-6.080743312835693
8040,train/episode_length_steps,744.1730667488358
8040,train/fps,57011.42824151009
8050,train/reward,1.3452911376953125
8050,train/actor_loss,0.010736435651779175
8050,train/critic_loss,1.030132532119751
8050,train/entropy,-6.07025671005249
8050,train/episode_length_steps,861.5728416085835
8050,train/fps,57036.41055405502
8060,train/reward,1.3386621475219727
8060,train/actor_loss,0.012577327899634838
8060,train/critic_loss,1.7927227020263672
8060,train/entropy,-6.049764156341553
8060,train/episode_length_steps,761.4662389368028
8060,train/fps,57060.24022180812
8070,train/reward,1.3446773290634155
8070,train/actor_loss,0.011669888161122799
8070,train/critic_loss,1.280269980430603
8070,train/entropy,-6.039544105529785
8070,train/episode_length_steps,744.1730667488358
8070,train/fps,57082.69561330825
8080,train/reward,1.3407725095748901
8080,train/actor_loss,0.013269947841763496
8080,train/critic_loss,1.6534388065338135
8080,train/entropy,-6.057830810546875
8080,train/episode_length_steps,723.6306755806095
8080,train/fps,57106.72132516718
8090,train/reward,1.3369390964508057
8090,train/actor_loss,0.01007152907550335
8090,train/critic_loss,1.5799535512924194
8090,train/entropy,-6.0416178703308105
8090,train/episode_length_steps,711.8407478776858
8090,train/fps,57130.0308352537
8100,train/reward,1.3430614471435547
8100,train/actor_loss,0.011914857663214207
8100,train/critic_loss,1.4456977844238281
8100,train/entropy,-6.0328803062438965
8100,train/episode_length_steps,873.0504502092679
8100,train/fps,57153.82227765741
8110,train/reward,1.3392611742019653
8110,train/actor_loss,0.010334053076803684
8110,train/critic_loss,1.3213739395141602
8110,train/entropy,-6.056433200836182
8110,train/episode_length_steps,748.4223016690037
8110,train/fps,57176.24079191408
8120,train/reward,1.3401362895965576
8120,train/actor_loss,0.014598175883293152
8120,train/critic_loss,1.0150731801986694
8120,train/entropy,-6.0904412269592285
8120,train/episode_length_steps,707.995684268495
8120,train/fps,57200.24893536256
8130,train/reward,1.3399667739868164
8130,train/actor_loss,0.013778790831565857
8130,train/critic_loss,1.2241119146347046
8130,train/entropy,-6.113654613494873
8130,train/episode_length_steps,834.1571042040623
8130,train/fps,57222.65887969043
8140,train/reward,1.3396763801574707
8140,train/actor_loss,0.0151745630428195
8140,train/critic_loss,0.9746098518371582
8140,train/entropy,-6.117950916290283
8140,train/episode_length_steps,813.4495623538085
8140,train/fps,57244.60715473282
8150,train/reward,1.3448765277862549
8150,train/actor_loss,0.012943105772137642
8150,train/critic_loss,0.9614430665969849
8150,train/entropy,-6.116541385650635
8150,train/episode_length_steps,818.5294606658226
8150,train/fps,57268.58076853625
8160,train/reward,1.3371211290359497
8160,train/actor_loss,0.010870305821299553
8160,train/critic_loss,1.5264710187911987
8160,train/entropy,-6.132461071014404
8160,train/episode_length_steps,727.6479207318547
8160,train/fps,57290.79330513565
8170,train/reward,1.3377050161361694
8170,train/actor_loss,0.013544464483857155
8170,train/critic_loss,1.3060457706451416
8170,train/entropy,-6.116371154785156
8170,train/episode_length_steps,661.5418706259259
8170,train/fps,57314.53998880339
8180,train/reward,1.3369317054748535
8180,train/actor_loss,0.012496116571128368
8180,train/critic_loss,1.6504915952682495
8180,train/entropy,-6.127887725830078
8180,train/episode_length_steps,828.8820049231059
8180,train/fps,57336.09473033914
8190,train/reward,1.334010362625122
8190,train/actor_loss,0.01149245910346508
8190,train/critic_loss,1.9215151071548462
8190,train/entropy,-6.113399505615234
8190,train/episode_length_steps,828.8820049231059
8190,train/fps,57359.71502513112
8200,train/reward,1.3321746587753296
8200,train/actor_loss,0.010833651758730412
8200,train/critic_loss,1.447815179824829
8200,train/entropy,-6.083889961242676
8200,train/episode_length_steps,682.2009508175753
8200,train/fps,57380.75333548306
8210,train/reward,1.3349223136901855
8210,train/actor_loss,0.013754615560173988
8210,train/critic_loss,1.781563639640808
8210,train/entropy,-6.102858543395996
8210,train/episode_length_steps,678.6686297686992
8210,train/fps,57404.067656833584
8220,train/reward,1.3308868408203125
8220,train/actor_loss,0.017518067732453346
8220,train/critic_loss,1.4859354496002197
8220,train/entropy,-6.116663455963135
8220,train/episode_length_steps,638.9670697962325
8220,train/fps,57425.33690613551
8230,train/reward,1.3324840068817139
8230,train/actor_loss,0.015114115551114082
8230,train/critic_loss,1.7825043201446533
8230,train/entropy,-6.0975260734558105
8230,train/episode_length_steps,704.1919363146418
8230,train/fps,57448.54993247366
8240,train/reward,1.3383105993270874
8240,train/actor_loss,0.011980628594756126
8240,train/critic_loss,1.3913325071334839
8240,train/entropy,-6.095494270324707
8240,train/episode_length_steps,744.1730667488358
8240,train/fps,57469.67673402825
8250,train/reward,1.331864595413208
8250,train/actor_loss,0.012702688574790955
8250,train/critic_loss,1.6891058683395386
8250,train/entropy,-6.12116003036499
8250,train/episode_length_steps,661.5418706259259
8250,train/fps,57492.58370747967
8260,train/reward,1.3323228359222412
8260,train/actor_loss,0.010643805377185345
8260,train/critic_loss,1.4776673316955566
8260,train/entropy,-6.108766078948975
8260,train/episode_length_steps,696.70575204079
8260,train/fps,57513.43007677632
8270,train/reward,1.3312187194824219
8270,train/actor_loss,0.014193546958267689
8270,train/critic_loss,1.5305618047714233
8270,train/entropy,-6.088936805725098
8270,train/episode_length_steps,739.9718102535958
8270,train/fps,57533.88691083081
8280,train/reward,1.3294801712036133
8280,train/actor_loss,0.01366242952644825
8280,train/critic_loss,2.062987804412842
8280,train/entropy,-6.077591419219971
8280,train/episode_length_steps,668.2877866491242
8280,train/fps,57555.840474449644
8290,train/reward,1.3376656770706177
8290,train/actor_loss,0.011562748812139034
8290,train/critic_loss,1.1450823545455933
8290,train/entropy,-6.091302394866943
8290,train/episode_length_steps,798.5812704616955
8290,train/fps,57575.82837372562
8300,train/reward,1.3317832946777344
8300,train/actor_loss,0.014509628526866436
8300,train/critic_loss,1.559090495109558
8300,train/entropy,-6.070556640625
8300,train/episode_length_steps,707.995684268495
8300,train/fps,57598.23249802395
8310,train/reward,1.3335281610488892
8310,train/actor_loss,0.01527546625584364
8310,train/critic_loss,1.6811021566390991
8310,train/entropy,-6.056027412414551
8310,train/episode_length_steps,675.172699813866
8310,train/fps,57618.71361235261
8320,train/reward,1.3384411334991455
8320,train/actor_loss,0.009561613202095032
8320,train/critic_loss,1.4132658243179321
8320,train/entropy,-6.060409069061279
8320,train/episode_length_steps,739.9718102535958
8320,train/fps,57641.63964880267
8330,train/reward,1.3308486938476562
8330,train/actor_loss,0.013793505728244781
8330,train/critic_loss,1.4292577505111694
8330,train/entropy,-6.03713846206665
8330,train/episode_length_steps,704.1919363146418
8330,train/fps,57662.29811767129
8340,train/reward,1.3348033428192139
8340,train/actor_loss,0.012065515853464603
8340,train/critic_loss,1.321006178855896
8340,train/entropy,-6.060433864593506
8340,train/episode_length_steps,765.9158472401787
8340,train/fps,57684.92921410967
8350,train/reward,1.3374202251434326
8350,train/actor_loss,0.011283458210527897
8350,train/critic_loss,2.5368213653564453
8350,train/entropy,-6.0437822341918945
8350,train/episode_length_steps,788.9674003909396
8350,train/fps,57705.38077302865
8360,train/reward,1.3307081460952759
8360,train/actor_loss,0.010662086308002472
8360,train/critic_loss,2.4255924224853516
8360,train/entropy,-6.077117919921875
8360,train/episode_length_steps,719.6575442107978
8360,train/fps,57727.79150223932
8370,train/reward,1.3320814371109009
8370,train/actor_loss,0.013103743083775043
8370,train/critic_loss,2.4189887046813965
8370,train/entropy,-6.108990669250488
8370,train/episode_length_steps,658.2197277580066
8370,train/fps,57747.908968576034
8380,train/reward,1.3284324407577515
8380,train/actor_loss,0.014355777762830257
8380,train/critic_loss,2.247220754623413
8380,train/entropy,-6.081692695617676
8380,train/episode_length_steps,739.9718102535958
8380,train/fps,57768.01384583289
8390,train/reward,1.336346983909607
8390,train/actor_loss,0.009163275361061096
8390,train/critic_loss,1.6309603452682495
8390,train/entropy,-6.0813822746276855
8390,train/episode_length_steps,707.995684268495
8390,train/fps,57790.49966803426
8400,train/reward,1.3374502658843994
8400,train/actor_loss,0.01121080107986927
8400,train/critic_loss,1.1238971948623657
8400,train/entropy,-6.127222537994385
8400,train/episode_length_steps,813.4495623538085
8400,train/fps,57810.30077304555
8410,train/reward,1.334355354309082
8410,train/actor_loss,0.014160617254674435
8410,train/critic_loss,1.468940019607544
8410,train/entropy,-6.148510932922363
8410,train/episode_length_steps,719.6575442107978
8410,train/fps,57833.124635068845
8420,train/reward,1.3358631134033203
8420,train/actor_loss,0.012686277739703655
8420,train/critic_loss,1.2527828216552734
8420,train/entropy,-6.147764205932617
8420,train/episode_length_steps,884.8379899660755
8420,train/fps,57852.777843486976
8430,train/reward,1.3344484567642212
8430,train/actor_loss,0.013336588628590107
8430,train/critic_loss,2.4652109146118164
8430,train/entropy,-6.143173694610596
8430,train/episode_length_steps,793.7452256108409
8430,train/fps,57875.42448678523
8440,train/reward,1.3333625793457031
8440,train/actor_loss,0.012655195780098438
8440,train/critic_loss,2.326411485671997
8440,train/entropy,-6.127190113067627
8440,train/episode_length_steps,693.0220328894451
8440,train/fps,57894.38141557736
8450,train/reward,1.3358933925628662
8450,train/actor_loss,0.009697051718831062
8450,train/critic_loss,1.4271057844161987
8450,train/entropy,-6.123351097106934
8450,train/episode_length_steps,744.1730667488358
8450,train/fps,57916.709417928934
8460,train/reward,1.3323665857315063
8460,train/actor_loss,0.016293898224830627
8460,train/critic_loss,1.2899426221847534
8460,train/entropy,-6.138339519500732
8460,train/episode_length_steps,779.5822535408565
8460,train/fps,57936.15342120136
8470,train/reward,1.332519769668579
8470,train/actor_loss,0.01251989509910345
8470,train/critic_loss,2.0085885524749756
8470,train/entropy,-6.127138137817383
8470,train/episode_length_steps,689.3770629978882
8470,train/fps,57957.09077499807
8480,train/reward,1.3345110416412354
8480,train/actor_loss,0.014464640989899635
8480,train/critic_loss,1.1479724645614624
8480,train/entropy,-6.134652614593506
8480,train/episode_length_steps,873.0504502092679
8480,train/fps,57975.149439363064
8490,train/reward,1.3358205556869507
8490,train/actor_loss,0.011048215441405773
8490,train/critic_loss,1.6731868982315063
8490,train/entropy,-6.122295379638672
8490,train/episode_length_steps,723.6306755806095
8490,train/fps,57993.91035607162
8500,train/reward,1.3327844142913818
8500,train/actor_loss,0.00991392694413662
8500,train/critic_loss,1.3447518348693848
8500,train/entropy,-6.144143104553223
8500,train/episode_length_steps,704.1919363146418
8500,train/fps,58015.55033091901
8510,train/reward,1.3334336280822754
8510,train/actor_loss,0.013949369080364704
8510,train/critic_loss,1.7385135889053345
8510,train/entropy,-6.177263259887695
8510,train/episode_length_steps,715.7278039632729
8510,train/fps,58033.03729244237
8520,train/reward,1.3360967636108398
8520,train/actor_loss,0.011928512714803219
8520,train/critic_loss,1.8214848041534424
8520,train/entropy,-6.197092056274414
8520,train/episode_length_steps,803.4766056095065
8520,train/fps,58055.24476418283
8530,train/reward,1.3383631706237793
8530,train/actor_loss,0.012427995912730694
8530,train/critic_loss,1.8095216751098633
8530,train/entropy,-6.189483642578125
8530,train/episode_length_steps,808.432328135103
8530,train/fps,58074.18472220126
8540,train/reward,1.3355010747909546
8540,train/actor_loss,0.012581311166286469
8540,train/critic_loss,2.6019909381866455
8540,train/entropy,-6.202569007873535
8540,train/episode_length_steps,878.9046993506491
8540,train/fps,58095.763013101925
8550,train/reward,1.3345146179199219
8550,train/actor_loss,0.012056008912622929
8550,train/critic_loss,1.7558841705322266
8550,train/entropy,-6.178945064544678
8550,train/episode_length_steps,661.5418706259259
8550,train/fps,58115.3574661628
8560,train/reward,1.3363866806030273
8560,train/actor_loss,0.01320995856076479
8560,train/critic_loss,1.2968772649765015
8560,train/entropy,-6.143169403076172
8560,train/episode_length_steps,748.4223016690037
8560,train/fps,58136.41214311881
8570,train/reward,1.3336195945739746
8570,train/actor_loss,0.009981865994632244
8570,train/critic_loss,1.810889482498169
8570,train/entropy,-6.137805938720703
8570,train/episode_length_steps,658.2197277580066
8570,train/fps,58155.00354140596
8580,train/reward,1.340753436088562
8580,train/actor_loss,0.011645068414509296
8580,train/critic_loss,1.9008839130401611
8580,train/entropy,-6.146535873413086
8580,train/episode_length_steps,784.2467497605712
8580,train/fps,58176.29563841768
8590,train/reward,1.3351640701293945
8590,train/actor_loss,0.01176269818097353
8590,train/critic_loss,1.327877402305603
8590,train/entropy,-6.177123546600342
8590,train/episode_length_steps,808.432328135103
8590,train/fps,58195.80085296792
8600,train/reward,1.3363656997680664
8600,train/actor_loss,0.014511874876916409
8600,train/critic_loss,1.943102240562439
8600,train/entropy,-6.176074028015137
8600,train/episode_length_steps,689.3770629978882
8600,train/fps,58214.420615054965
8610,train/reward,1.3381845951080322
8610,train/actor_loss,0.01271369494497776
8610,train/critic_loss,1.2267253398895264
8610,train/entropy,-6.155971527099609
8610,train/episode_length_steps,834.1571042040623
8610,train/fps,58235.90271450472
8620,train/reward,1.3379771709442139
8620,train/actor_loss,0.012112892232835293
8620,train/critic_loss,1.8865606784820557
8620,train/entropy,-6.1551103591918945
8620,train/episode_length_steps,689.3770629978882
8620,train/fps,58254.61342212398
8630,train/reward,1.3342154026031494
8630,train/actor_loss,0.012659953907132149
8630,train/critic_loss,1.9926464557647705
8630,train/entropy,-6.162750244140625
8630,train/episode_length_steps,689.3770629978882
8630,train/fps,58276.03718285327
8640,train/reward,1.341590404510498
8640,train/actor_loss,0.017749110236763954
8640,train/critic_loss,1.3933151960372925
8640,train/entropy,-6.15663480758667
8640,train/episode_length_steps,823.6732044386656
8640,train/fps,58294.311254499684
8650,train/reward,1.336682677268982
8650,train/actor_loss,0.011343182995915413
8650,train/critic_loss,1.2414135932922363
8650,train/entropy,-6.162373065948486
8650,train/episode_length_steps,850.393099192874
8650,train/fps,58315.1011474684
8660,train/reward,1.332112431526184
8660,train/actor_loss,0.013856870122253895
8660,train/critic_loss,2.067797899246216
8660,train/entropy,-6.162912368774414
8660,train/episode_length_steps,689.3770629978882
8660,train/fps,58333.13628492728
8670,train/reward,1.3387858867645264
8670,train/actor_loss,0.012954816222190857
8670,train/critic_loss,1.2378162145614624
8670,train/entropy,-6.127682209014893
8670,train/episode_length_steps,823.6732044386656
8670,train/fps,58352.65757951699
8680,train/reward,1.3391362428665161
8680,train/actor_loss,0.012842792086303234
8680,train/critic_loss,1.332439661026001
8680,train/entropy,-6.122952938079834
8680,train/episode_length_steps,765.9158472401787
8680,train/fps,58370.52907646306
8690,train/reward,1.341503381729126
8690,train/actor_loss,0.010692300274968147
8690,train/critic_loss,1.252882719039917
8690,train/entropy,-6.164882183074951
8690,train/episode_length_steps,739.9718102535958
8690,train/fps,58390.3884416407
8700,train/reward,1.3332602977752686
8700,train/actor_loss,0.01257786899805069
8700,train/critic_loss,1.7055586576461792
8700,train/entropy,-6.136118412017822
8700,train/episode_length_steps,648.4505262011374
8700,train/fps,58408.13204675854
8710,train/reward,1.3292778730392456
8710,train/actor_loss,0.012419357895851135
8710,train/critic_loss,2.0887558460235596
8710,train/entropy,-6.143810749053955
8710,train/episode_length_steps,735.817724153145
8710,train/fps,58426.394840950124
8720,train/reward,1.3379956483840942
8720,train/actor_loss,0.011816873215138912
8720,train/critic_loss,2.0598127841949463
8720,train/entropy,-6.161863803863525
8720,train/episode_length_steps,793.7452256108409
8720,train/fps,58446.643440041684
8730,train/reward,1.3373959064483643
8730,train/actor_loss,0.014219134114682674
8730,train/critic_loss,1.5659574270248413
8730,train/entropy,-6.174437999725342
8730,train/episode_length_steps,803.4766056095065
8730,train/fps,58464.501248877044
8740,train/reward,1.3327306509017944
8740,train/actor_loss,0.014973226003348827
8740,train/critic_loss,1.6725748777389526
8740,train/entropy,-6.202306270599365
8740,train/episode_length_steps,685.7702341563804
8740,train/fps,58484.22442751342
8750,train/reward,1.3341017961502075
8750,train/actor_loss,0.01496006827801466
8750,train/critic_loss,1.5968860387802124
8750,train/entropy,-6.213174819946289
8750,train/episode_length_steps,765.9158472401787
8750,train/fps,58502.01128187358
8760,train/reward,1.3309497833251953
8760,train/actor_loss,0.013433943502604961
8760,train/critic_loss,2.494951009750366
8760,train/entropy,-6.205234050750732
8760,train/episode_length_steps,757.0680322478452
8760,train/fps,58521.93401627813
8770,train/reward,1.3347734212875366
8770,train/actor_loss,0.01444255467504263
8770,train/critic_loss,1.5138285160064697
8770,train/entropy,-6.217806339263916
8770,train/episode_length_steps,761.4662389368028
8770,train/fps,58539.68812836019
8780,train/reward,1.33077073097229
8780,train/actor_loss,0.013673359528183937
8780,train/critic_loss,1.7018431425094604
8780,train/entropy,-6.207444190979004
8780,train/episode_length_steps,715.7278039632729
8780,train/fps,58559.605726851085
8790,train/reward,1.3315565586090088
8790,train/actor_loss,0.014409705065190792
8790,train/critic_loss,2.091858148574829
8790,train/entropy,-6.169236660003662
8790,train/episode_length_steps,696.70575204079
8790,train/fps,58577.23043955597
8800,train/reward,1.3415050506591797
8800,train/actor_loss,0.013633906841278076
8800,train/critic_loss,1.0654863119125366
8800,train/entropy,-6.138087749481201
8800,train/episode_length_steps,867.2736735434524
8800,train/fps,58596.93927811666
8810,train/reward,1.3380292654037476
8810,train/actor_loss,0.0095535172149539
8810,train/critic_loss,1.4781789779663086
8810,train/entropy,-6.143856525421143
8810,train/episode_length_steps,850.393099192874
8810,train/fps,58614.57927972607
8820,train/reward,1.3354315757751465
8820,train/actor_loss,0.01087653636932373
8820,train/critic_loss,1.7347110509872437
8820,train/entropy,-6.15656042098999
8820,train/episode_length_steps,798.5812704616955
8820,train/fps,58632.25862783906
8830,train/reward,1.3388936519622803
8830,train/actor_loss,0.016002284362912178
8830,train/critic_loss,1.3002800941467285
8830,train/entropy,-6.1260247230529785
8830,train/episode_length_steps,942.0756852933614
8830,train/fps,58652.02927332826
8840,train/reward,1.3384342193603516
8840,train/actor_loss,0.017361942678689957
8840,train/critic_loss,1.5057533979415894
8840,train/entropy,-6.107293128967285
8840,train/episode_length_steps,696.70575204079
8840,train/fps,58669.48823796813
8850,train/reward,1.3381023406982422
8850,train/actor_loss,0.013085270300507545
8850,train/critic_loss,1.4953402280807495
8850,train/entropy,-6.0927324295043945
8850,train/episode_length_steps,727.6479207318547
8850,train/fps,58689.14781029907
8860,train/reward,1.3396751880645752
8860,train/actor_loss,0.013077536597847939
8860,train/critic_loss,1.2458385229110718
8860,train/entropy,-6.1099934577941895
8860,train/episode_length_steps,873.0504502092679
8860,train/fps,58706.36432694937
8870,train/reward,1.338297963142395
8870,train/actor_loss,0.010837635956704617
8870,train/critic_loss,1.6224863529205322
8870,train/entropy,-6.109860420227051
8870,train/episode_length_steps,798.5812704616955
8870,train/fps,58725.45806118445
8880,train/reward,1.3328698873519897
8880,train/actor_loss,0.014711800031363964
8880,train/critic_loss,1.493194580078125
8880,train/entropy,-6.10891580581665
8880,train/episode_length_steps,850.393099192874
8880,train/fps,58742.649045713784
8890,train/reward,1.340980052947998
8890,train/actor_loss,0.012899651192128658
8890,train/critic_loss,1.1560622453689575
8890,train/entropy,-6.115408897399902
8890,train/episode_length_steps,878.9046993506491
8890,train/fps,58761.741140283084
8900,train/reward,1.336051344871521
8900,train/actor_loss,0.017727361992001534
8900,train/critic_loss,1.772256851196289
8900,train/entropy,-6.138289928436279
8900,train/episode_length_steps,878.9046993506491
8900,train/fps,58778.796535110756
8910,train/reward,1.337406873703003
8910,train/actor_loss,0.013661610893905163
8910,train/critic_loss,1.3604559898376465
8910,train/entropy,-6.166975498199463
8910,train/episode_length_steps,765.9158472401787
8910,train/fps,58796.14307245145
8920,train/reward,1.33599853515625
8920,train/actor_loss,0.012599087320268154
8920,train/critic_loss,1.481745719909668
8920,train/entropy,-6.134860515594482
8920,train/episode_length_steps,803.4766056095065
8920,train/fps,58815.728127465285
8930,train/reward,1.3335964679718018
8930,train/actor_loss,0.014173343777656555
8930,train/critic_loss,1.3977597951889038
8930,train/entropy,-6.133582592010498
8930,train/episode_length_steps,727.6479207318547
8930,train/fps,58832.62815980575
8940,train/reward,1.339825987815857
8940,train/actor_loss,0.013691446743905544
8940,train/critic_loss,1.0605254173278809
8940,train/entropy,-6.131580352783203
8940,train/episode_length_steps,855.9464665668899
8940,train/fps,58851.85272975108
8950,train/reward,1.3320555686950684
8950,train/actor_loss,0.01415296085178852
8950,train/critic_loss,1.6456327438354492
8950,train/entropy,-6.133410930633545
8950,train/episode_length_steps,707.995684268495
8950,train/fps,58868.990838053694
8960,train/reward,1.3369503021240234
8960,train/actor_loss,0.015222914516925812
8960,train/critic_loss,1.6514946222305298
8960,train/entropy,-6.141689777374268
8960,train/episode_length_steps,693.0220328894451
8960,train/fps,58888.395909710256
8970,train/reward,1.3380131721496582
8970,train/actor_loss,0.012947866693139076
8970,train/critic_loss,1.13290536403656
8970,train/entropy,-6.157891273498535
8970,train/episode_length_steps,948.8958429280851
8970,train/fps,58905.29308347196
8980,train/reward,1.3390878438949585
8980,train/actor_loss,0.014757688157260418
8980,train/critic_loss,1.684025764465332
8980,train/entropy,-6.1972222328186035
8980,train/episode_length_steps,793.7452256108409
8980,train/fps,58924.526837555524
8990,train/reward,1.3415427207946777
8990,train/actor_loss,0.013437419198453426
8990,train/critic_loss,1.0067046880722046
8990,train/entropy,-6.219559192657471
8990,train/episode_length_steps,731.7100184606722
8990,train/fps,58941.59360925584
9000,train/reward,1.3403033018112183
9000,train/actor_loss,0.01529707945883274
9000,train/critic_loss,1.2069591283798218
9000,train/entropy,-6.211116790771484
9000,train/episode_length_steps,788.9674003909396
9000,train/fps,58960.19819373074
9000,eval/med_figure8_normal,0.11910869926214218
9010,train/reward,1.3402466773986816
9010,train/actor_loss,0.011816967278718948
9010,train/critic_loss,1.175723910331726
9010,train/entropy,-6.228212833404541
9010,train/episode_length_steps,798.5812704616955
9010,train/fps,57055.91628017569
9020,train/reward,1.3477416038513184
9020,train/actor_loss,0.015863923355937004
9020,train/critic_loss,1.2932921648025513
9020,train/entropy,-6.239495277404785
9020,train/episode_length_steps,928.7253199635585
9020,train/fps,57077.55305988584
9030,train/reward,1.3388583660125732
9030,train/actor_loss,0.011179345659911633
9030,train/critic_loss,1.0488594770431519
9030,train/entropy,-6.241899013519287
9030,train/episode_length_steps,793.7452256108409
9030,train/fps,57097.221615224604
9040,train/reward,1.3368351459503174
9040,train/actor_loss,0.011166246607899666
9040,train/critic_loss,1.8615721464157104
9040,train/entropy,-6.226058483123779
9040,train/episode_length_steps,678.6686297686992
9040,train/fps,57119.27057737891
9050,train/reward,1.3423175811767578
9050,train/actor_loss,0.014315791428089142
9050,train/critic_loss,1.5359522104263306
9050,train/entropy,-6.2202935218811035
9050,train/episode_length_steps,942.0756852933614
9050,train/fps,57138.11950404924
9060,train/reward,1.3335225582122803
9060,train/actor_loss,0.0118593480437994
9060,train/critic_loss,1.5024100542068481
9060,train/entropy,-6.196697235107422
9060,train/episode_length_steps,770.4177635464497
9060,train/fps,57159.62102310244
9070,train/reward,1.3370840549468994
9070,train/actor_loss,0.014307806268334389
9070,train/critic_loss,1.192969560623169
9070,train/entropy,-6.217104434967041
9070,train/episode_length_steps,798.5812704616955
9070,train/fps,57179.25945647115
9080,train/reward,1.339076042175293
9080,train/actor_loss,0.012677422724664211
9080,train/critic_loss,1.3778400421142578
9080,train/entropy,-6.207001686096191
9080,train/episode_length_steps,915.7480494521833
9080,train/fps,57198.638289791445
9090,train/reward,1.335010051727295
9090,train/actor_loss,0.011361776851117611
9090,train/critic_loss,1.1320661306381226
9090,train/entropy,-6.204797267913818
9090,train/episode_length_steps,707.995684268495
9090,train/fps,57219.99284191791
9100,train/reward,1.3336912393569946
9100,train/actor_loss,0.013101572170853615
9100,train/critic_loss,1.3178129196166992
9100,train/entropy,-6.206016540527344
9100,train/episode_length_steps,704.1919363146418
9100,train/fps,57238.81640279997
9110,train/reward,1.3361589908599854
9110,train/actor_loss,0.01657971180975437
9110,train/critic_loss,1.5199161767959595
9110,train/entropy,-6.173633575439453
9110,train/episode_length_steps,693.0220328894451
9110,train/fps,57259.7433726495
9120,train/reward,1.337178111076355
9120,train/actor_loss,0.015488872304558754
9120,train/critic_loss,1.348885178565979
9120,train/entropy,-6.162853240966797
9120,train/episode_length_steps,850.393099192874
9120,train/fps,57278.681339779425
9130,train/reward,1.345632791519165
9130,train/actor_loss,0.009311660192906857
9130,train/critic_loss,1.4112056493759155
9130,train/entropy,-6.173152923583984
9130,train/episode_length_steps,784.2467497605712
9130,train/fps,57299.71046809756
9140,train/reward,1.3347091674804688
9140,train/actor_loss,0.013309295289218426
9140,train/critic_loss,1.5427592992782593
9140,train/entropy,-6.16333532333374
9140,train/episode_length_steps,813.4495623538085
9140,train/fps,57318.553859035586
9150,train/reward,1.3408170938491821
9150,train/actor_loss,0.01698809675872326
9150,train/critic_loss,1.3756604194641113
9150,train/entropy,-6.174594402313232
9150,train/episode_length_steps,739.9718102535958
9150,train/fps,57339.55196330145
9160,train/reward,1.3389185667037964
9160,train/actor_loss,0.01379182655364275
9160,train/critic_loss,1.2121738195419312
9160,train/entropy,-6.178564548492432
9160,train/episode_length_steps,813.4495623538085
9160,train/fps,57358.22003196549
9170,train/reward,1.3328518867492676
9170,train/actor_loss,0.01396606769412756
9170,train/critic_loss,1.5846024751663208
9170,train/entropy,-6.166261196136475
9170,train/episode_length_steps,752.7203416056614
9170,train/fps,57378.94811622791
9180,train/reward,1.3360595703125
9180,train/actor_loss,0.012478032149374485
9180,train/critic_loss,1.49094557762146
9180,train/entropy,-6.159249305725098
9180,train/episode_length_steps,719.6575442107978
9180,train/fps,57397.40976428162
9190,train/reward,1.338519811630249
9190,train/actor_loss,0.013868922367691994
9190,train/critic_loss,1.0537818670272827
9190,train/entropy,-6.122178554534912
9190,train/episode_length_steps,850.393099192874
9190,train/fps,57417.849838490874
9200,train/reward,1.3343911170959473
9200,train/actor_loss,0.01130241435021162
9200,train/critic_loss,1.5619583129882812
9200,train/entropy,-6.1369709968566895
9200,train/episode_length_steps,757.0680322478452
9200,train/fps,57435.87427893717
9210,train/reward,1.338080883026123
9210,train/actor_loss,0.014890863560140133
9210,train/critic_loss,1.7055015563964844
9210,train/entropy,-6.1142683029174805
9210,train/episode_length_steps,704.1919363146418
9210,train/fps,57453.642558106934
9220,train/reward,1.332798957824707
9220,train/actor_loss,0.01769777573645115
9220,train/critic_loss,1.6555784940719604
9220,train/entropy,-6.120842933654785
9220,train/episode_length_steps,757.0680322478452
9220,train/fps,57473.53683120378
9230,train/reward,1.333747386932373
9230,train/actor_loss,0.013942156918346882
9230,train/critic_loss,1.592837929725647
9230,train/entropy,-6.103969097137451
9230,train/episode_length_steps,723.6306755806095
9230,train/fps,57491.160352777915
9240,train/reward,1.3355140686035156
9240,train/actor_loss,0.013382879085838795
9240,train/critic_loss,1.95702064037323
9240,train/entropy,-6.123360633850098
9240,train/episode_length_steps,779.5822535408565
9240,train/fps,57511.198704661874
9250,train/reward,1.3333276510238647
9250,train/actor_loss,0.013617913238704205
9250,train/critic_loss,1.062062382698059
9250,train/entropy,-6.126036167144775
9250,train/episode_length_steps,761.4662389368028
9250,train/fps,57529.01414657755
9260,train/reward,1.3346693515777588
9260,train/actor_loss,0.012968617491424084
9260,train/critic_loss,1.212976098060608
9260,train/entropy,-6.087889194488525
9260,train/episode_length_steps,779.5822535408565
9260,train/fps,57548.932857566484
9270,train/reward,1.3404135704040527
9270,train/actor_loss,0.011116206645965576
9270,train/critic_loss,1.3802794218063354
9270,train/entropy,-6.100181579589844
9270,train/episode_length_steps,823.6732044386656
9270,train/fps,57566.77589113163
9280,train/reward,1.3399831056594849
9280,train/actor_loss,0.012774044647812843
9280,train/critic_loss,1.3550182580947876
9280,train/entropy,-6.1093339920043945
9280,train/episode_length_steps,788.9674003909396
9280,train/fps,57586.65875944436
9290,train/reward,1.3378747701644897
9290,train/actor_loss,0.01469691377133131
9290,train/critic_loss,1.378150224685669
9290,train/entropy,-6.084840297698975
9290,train/episode_length_steps,770.4177635464497
9290,train/fps,57604.595938812425
9300,train/reward,1.34151291847229
9300,train/actor_loss,0.013424004428088665
9300,train/critic_loss,1.0447317361831665
9300,train/entropy,-6.107264995574951
9300,train/episode_length_steps,861.5728416085835
9300,train/fps,57624.47547064478
9310,train/reward,1.3360886573791504
9310,train/actor_loss,0.01430048793554306
9310,train/critic_loss,1.1011184453964233
9310,train/entropy,-6.105936527252197
9310,train/episode_length_steps,748.4223016690037
9310,train/fps,57642.13452975465
9320,train/reward,1.3412009477615356
9320,train/actor_loss,0.011219761334359646
9320,train/critic_loss,1.2695475816726685
9320,train/entropy,-6.149466037750244
9320,train/episode_length_steps,793.7452256108409
9320,train/fps,57662.07797928318
9330,train/reward,1.3407729864120483
9330,train/actor_loss,0.01569513976573944
9330,train/critic_loss,1.9639434814453125
9330,train/entropy,-6.180060863494873
9330,train/episode_length_steps,834.1571042040623
9330,train/fps,57679.13244437612
9340,train/reward,1.3430156707763672
9340,train/actor_loss,0.016024772077798843
9340,train/critic_loss,1.4212977886199951
9340,train/entropy,-6.204837799072266
9340,train/episode_length_steps,896.9481863514969
9340,train/fps,57696.579941820644
9350,train/reward,1.3401455879211426
9350,train/actor_loss,0.012361596338450909
9350,train/critic_loss,1.7722939252853394
9350,train/entropy,-6.18406343460083
9350,train/episode_length_steps,744.1730667488358
9350,train/fps,57716.09005782076
9360,train/reward,1.3387267589569092
9360,train/actor_loss,0.013056707568466663
9360,train/critic_loss,1.5974425077438354
9360,train/entropy,-6.160840034484863
9360,train/episode_length_steps,735.817724153145
9360,train/fps,57733.261299013946
9370,train/reward,1.340782642364502
9370,train/actor_loss,0.012247643433511257
9370,train/critic_loss,1.353687047958374
9370,train/entropy,-6.184510231018066
9370,train/episode_length_steps,903.12844929582
9370,train/fps,57752.7685941675
9380,train/reward,1.3403440713882446
9380,train/actor_loss,0.014113976620137691
9380,train/critic_loss,1.135252833366394
9380,train/entropy,-6.213013648986816
9380,train/episode_length_steps,942.0756852933614
9380,train/fps,57770.1768744864
9390,train/reward,1.3389699459075928
9390,train/actor_loss,0.010287371464073658
9390,train/critic_loss,1.0191842317581177
9390,train/entropy,-6.262432098388672
9390,train/episode_length_steps,770.4177635464497
9390,train/fps,57789.740670265055
9400,train/reward,1.34559965133667
9400,train/actor_loss,0.011505605652928352
9400,train/critic_loss,0.7819933295249939
9400,train/entropy,-6.259932518005371
9400,train/episode_length_steps,855.9464665668899
9400,train/fps,57806.60130655563
9410,train/reward,1.3391064405441284
9410,train/actor_loss,0.014290163293480873
9410,train/critic_loss,0.9488782286643982
9410,train/entropy,-6.271899700164795
9410,train/episode_length_steps,779.5822535408565
9410,train/fps,57825.12872626876
9420,train/reward,1.3414380550384521
9420,train/actor_loss,0.01311008632183075
9420,train/critic_loss,1.4529404640197754
9420,train/entropy,-6.297702312469482
9420,train/episode_length_steps,803.4766056095065
9420,train/fps,57841.412767978596
9430,train/reward,1.3425801992416382
9430,train/actor_loss,0.01509668119251728
9430,train/critic_loss,1.0898512601852417
9430,train/entropy,-6.3123602867126465
9430,train/episode_length_steps,748.4223016690037
9430,train/fps,57859.950811959905
9440,train/reward,1.339327096939087
9440,train/actor_loss,0.011976636946201324
9440,train/critic_loss,1.6037241220474243
9440,train/entropy,-6.351377487182617
9440,train/episode_length_steps,839.499776188048
9440,train/fps,57876.61614191669
9450,train/reward,1.3450934886932373
9450,train/actor_loss,0.015325965359807014
9450,train/critic_loss,1.2336947917938232
9450,train/entropy,-6.365386962890625
9450,train/episode_length_steps,850.393099192874
9450,train/fps,57893.10398517501
9460,train/reward,1.341764211654663
9460,train/actor_loss,0.014056622982025146
9460,train/critic_loss,1.3048113584518433
9460,train/entropy,-6.360516548156738
9460,train/episode_length_steps,779.5822535408565
9460,train/fps,57911.765753555606
9470,train/reward,1.3448221683502197
9470,train/actor_loss,0.011356577277183533
9470,train/critic_loss,0.7960290312767029
9470,train/entropy,-6.355210781097412
9470,train/episode_length_steps,878.9046993506491
9470,train/fps,57928.458371382556
9480,train/reward,1.3412015438079834
9480,train/actor_loss,0.014641071669757366
9480,train/critic_loss,1.0104506015777588
9480,train/entropy,-6.394715309143066
9480,train/episode_length_steps,813.4495623538085
9480,train/fps,57947.5562623292
9490,train/reward,1.344787836074829
9490,train/actor_loss,0.017481442540884018
9490,train/critic_loss,0.8256708979606628
9490,train/entropy,-6.397680759429932
9490,train/episode_length_steps,793.7452256108409
9490,train/fps,57964.151708902726
9500,train/reward,1.3405964374542236
9500,train/actor_loss,0.013005751185119152
9500,train/critic_loss,1.0629081726074219
9500,train/entropy,-6.388513088226318
9500,train/episode_length_steps,823.6732044386656
9500,train/fps,57983.00535836492
9510,train/reward,1.3396695852279663
9510,train/actor_loss,0.014039925299584866
9510,train/critic_loss,1.4772545099258423
9510,train/entropy,-6.385497570037842
9510,train/episode_length_steps,765.9158472401787
9510,train/fps,57998.20913885021
9520,train/reward,1.3425238132476807
9520,train/actor_loss,0.015363871119916439
9520,train/critic_loss,0.8727121353149414
9520,train/entropy,-6.437559604644775
9520,train/episode_length_steps,935.352867349791
9520,train/fps,58017.14394856839
9530,train/reward,1.341589093208313
9530,train/actor_loss,0.01390250213444233
9530,train/critic_loss,1.1682144403457642
9530,train/entropy,-6.43746280670166
9530,train/episode_length_steps,850.393099192874
9530,train/fps,58032.90772879035
9540,train/reward,1.3396437168121338
9540,train/actor_loss,0.012009119614958763
9540,train/critic_loss,1.2373608350753784
9540,train/entropy,-6.448628902435303
9540,train/episode_length_steps,813.4495623538085
9540,train/fps,58052.06966428996
9550,train/reward,1.3379323482513428
9550,train/actor_loss,0.016233738511800766
9550,train/critic_loss,1.7658222913742065
9550,train/entropy,-6.431150913238525
9550,train/episode_length_steps,855.9464665668899
9550,train/fps,58068.02943792776
9560,train/reward,1.3434877395629883
9560,train/actor_loss,0.015288141556084156
9560,train/critic_loss,1.8297802209854126
9560,train/entropy,-6.431467533111572
9560,train/episode_length_steps,828.8820049231059
9560,train/fps,58084.606715559305
9570,train/reward,1.3415977954864502
9570,train/actor_loss,0.012108700349926949
9570,train/critic_loss,1.2749053239822388
9570,train/entropy,-6.45631742477417
9570,train/episode_length_steps,839.499776188048
9570,train/fps,58102.91445601951
9580,train/reward,1.337063193321228
9580,train/actor_loss,0.020783722400665283
9580,train/critic_loss,1.1680173873901367
9580,train/entropy,-6.489425182342529
9580,train/episode_length_steps,818.5294606658226
9580,train/fps,58119.35852087706
9590,train/reward,1.337186574935913
9590,train/actor_loss,0.01439820509403944
9590,train/critic_loss,1.4272565841674805
9590,train/entropy,-6.497533321380615
9590,train/episode_length_steps,803.4766056095065
9590,train/fps,58138.16332375643
9600,train/reward,1.3346738815307617
9600,train/actor_loss,0.014057318679988384
9600,train/critic_loss,1.6135448217391968
9600,train/entropy,-6.507441997528076
9600,train/episode_length_steps,735.817724153145
9600,train/fps,58153.89875810647
9610,train/reward,1.334395408630371
9610,train/actor_loss,0.012855148874223232
9610,train/critic_loss,1.4076271057128906
9610,train/entropy,-6.474888801574707
9610,train/episode_length_steps,727.6479207318547
9610,train/fps,58172.6837713514
9620,train/reward,1.3359014987945557
9620,train/actor_loss,0.011373146437108517
9620,train/critic_loss,1.2649343013763428
9620,train/entropy,-6.434659004211426
9620,train/episode_length_steps,752.7203416056614
9620,train/fps,58187.75755263055
9630,train/reward,1.33604896068573
9630,train/actor_loss,0.01175799872726202
9630,train/critic_loss,1.0154554843902588
9630,train/entropy,-6.468142032623291
9630,train/episode_length_steps,774.9729156804493
9630,train/fps,58206.14991796752
9640,train/reward,1.3358662128448486
9640,train/actor_loss,0.01748202182352543
9640,train/critic_loss,1.2836371660232544
9640,train/entropy,-6.4583282470703125
9640,train/episode_length_steps,761.4662389368028
9640,train/fps,58221.4047608809
9650,train/reward,1.335916519165039
9650,train/actor_loss,0.013322122395038605
9650,train/critic_loss,1.8383911848068237
9650,train/entropy,-6.459812164306641
9650,train/episode_length_steps,779.5822535408565
9650,train/fps,58239.685568721456
9660,train/reward,1.3316344022750854
9660,train/actor_loss,0.02057109773159027
9660,train/critic_loss,2.4587323665618896
9660,train/entropy,-6.400984287261963
9660,train/episode_length_steps,752.7203416056614
9660,train/fps,58255.63348854776
9670,train/reward,1.3325847387313843
9670,train/actor_loss,0.017471572384238243
9670,train/critic_loss,2.1544063091278076
9670,train/entropy,-6.382822513580322
9670,train/episode_length_steps,779.5822535408565
9670,train/fps,58273.79707763611
9680,train/reward,1.3405137062072754
9680,train/actor_loss,0.012702643871307373
9680,train/critic_loss,1.4464548826217651
9680,train/entropy,-6.362159252166748
9680,train/episode_length_steps,784.2467497605712
9680,train/fps,58289.87045716137
9690,train/reward,1.3342796564102173
9690,train/actor_loss,0.012044631876051426
9690,train/critic_loss,1.9276775121688843
9690,train/entropy,-6.338006496429443
9690,train/episode_length_steps,823.6732044386656
9690,train/fps,58305.07974586986
9700,train/reward,1.3354082107543945
9700,train/actor_loss,0.012034273706376553
9700,train/critic_loss,1.6828091144561768
9700,train/entropy,-6.321743965148926
9700,train/episode_length_steps,774.9729156804493
9700,train/fps,58323.51911834912
9710,train/reward,1.3417705297470093
9710,train/actor_loss,0.012007790617644787
9710,train/critic_loss,0.988588809967041
9710,train/entropy,-6.34215784072876
9710,train/episode_length_steps,922.191032232558
9710,train/fps,58338.905796981184
9720,train/reward,1.3343796730041504
9720,train/actor_loss,0.013628222048282623
9720,train/critic_loss,1.4264265298843384
9720,train/entropy,-6.313692569732666
9720,train/episode_length_steps,731.7100184606722
9720,train/fps,58357.24433568422
9730,train/reward,1.332045078277588
9730,train/actor_loss,0.01313195563852787
9730,train/critic_loss,1.7929435968399048
9730,train/entropy,-6.317260265350342
9730,train/episode_length_steps,798.5812704616955
9730,train/fps,58372.606298948645
9740,train/reward,1.3365727663040161
9740,train/actor_loss,0.012861618772149086
9740,train/critic_loss,1.8712290525436401
9740,train/entropy,-6.30369234085083
9740,train/episode_length_steps,779.5822535408565
9740,train/fps,58390.59875951994
9750,train/reward,1.3442378044128418
9750,train/actor_loss,0.011323620565235615
9750,train/critic_loss,1.5625056028366089
9750,train/entropy,-6.274468421936035
9750,train/episode_length_steps,765.9158472401787
9750,train/fps,58405.811790398526
9760,train/reward,1.3407275676727295
9760,train/actor_loss,0.014970962889492512
9760,train/critic_loss,1.5821475982666016
9760,train/entropy,-6.298470973968506
9760,train/episode_length_steps,855.9464665668899
9760,train/fps,58423.78329492975
9770,train/reward,1.33507239818573
9770,train/actor_loss,0.015065942890942097
9770,train/critic_loss,1.4811850786209106
9770,train/entropy,-6.302999973297119
9770,train/episode_length_steps,942.0756852933614
9770,train/fps,58439.3596131832
9780,train/reward,1.3422505855560303
9780,train/actor_loss,0.010033337399363518
9780,train/critic_loss,1.1881858110427856
9780,train/entropy,-6.291694164276123
9780,train/episode_length_steps,922.191032232558
9780,train/fps,58457.665500588395
9790,train/reward,1.3408102989196777
9790,train/actor_loss,0.014337030239403248
9790,train/critic_loss,1.575757384300232
9790,train/entropy,-6.291114807128906
9790,train/episode_length_steps,784.2467497605712
9790,train/fps,58473.19883439812
9800,train/reward,1.3380677700042725
9800,train/actor_loss,0.01118177454918623
9800,train/critic_loss,1.4487022161483765
9800,train/entropy,-6.297702312469482
9800,train/episode_length_steps,675.172699813866
9800,train/fps,58488.72103387146
9810,train/reward,1.3341057300567627
9810,train/actor_loss,0.01131158135831356
9810,train/critic_loss,2.567420482635498
9810,train/entropy,-6.279531002044678
9810,train/episode_length_steps,818.5294606658226
9810,train/fps,58506.484412272126
9820,train/reward,1.3386659622192383
9820,train/actor_loss,0.009487531147897243
9820,train/critic_loss,1.5252424478530884
9820,train/entropy,-6.278940200805664
9820,train/episode_length_steps,803.4766056095065
9820,train/fps,58521.31357256028
9830,train/reward,1.334924340248108
9830,train/actor_loss,0.01073801051825285
9830,train/critic_loss,2.106445789337158
9830,train/entropy,-6.234239101409912
9830,train/episode_length_steps,761.4662389368028
9830,train/fps,58538.8685662978
9840,train/reward,1.3339581489562988
9840,train/actor_loss,0.01296363677829504
9840,train/critic_loss,1.9115791320800781
9840,train/entropy,-6.21563196182251
9840,train/episode_length_steps,803.4766056095065
9840,train/fps,58553.609973055725
9850,train/reward,1.335564374923706
9850,train/actor_loss,0.015133598819375038
9850,train/critic_loss,2.1933043003082275
9850,train/entropy,-6.221083164215088
9850,train/episode_length_steps,770.4177635464497
9850,train/fps,58571.590783182044
9860,train/reward,1.337667465209961
9860,train/actor_loss,0.018381807953119278
9860,train/critic_loss,1.6172125339508057
9860,train/entropy,-6.199407577514648
9860,train/episode_length_steps,839.499776188048
9860,train/fps,58586.818350613656
9870,train/reward,1.3374619483947754
9870,train/actor_loss,0.011247112415730953
9870,train/critic_loss,1.4274019002914429
9870,train/entropy,-6.204112529754639
9870,train/episode_length_steps,739.9718102535958
9870,train/fps,58604.01678719722
9880,train/reward,1.3378307819366455
9880,train/actor_loss,0.012929837219417095
9880,train/critic_loss,1.5520256757736206
9880,train/entropy,-6.183993816375732
9880,train/episode_length_steps,818.5294606658226
9880,train/fps,58619.23762322626
9890,train/reward,1.3321802616119385
9890,train/actor_loss,0.010817588306963444
9890,train/critic_loss,1.7668036222457886
9890,train/entropy,-6.183038234710693
9890,train/episode_length_steps,867.2736735434524
9890,train/fps,58636.567795242125
9900,train/reward,1.339463233947754
9900,train/actor_loss,0.013681964948773384
9900,train/critic_loss,1.1398937702178955
9900,train/entropy,-6.169195652008057
9900,train/episode_length_steps,861.5728416085835
9900,train/fps,58651.204631581895
9910,train/reward,1.3348968029022217
9910,train/actor_loss,0.012745489366352558
9910,train/critic_loss,1.3092213869094849
9910,train/entropy,-6.196595191955566
9910,train/episode_length_steps,813.4495623538085
9910,train/fps,58668.41116263109
9920,train/reward,1.3355765342712402
9920,train/actor_loss,0.01415293850004673
9920,train/critic_loss,1.0839166641235352
9920,train/entropy,-6.190323829650879
9920,train/episode_length_steps,727.6479207318547
9920,train/fps,58683.30197392676
9930,train/reward,1.3365726470947266
9930,train/actor_loss,0.01378459483385086
9930,train/critic_loss,1.3434118032455444
9930,train/entropy,-6.186842918395996
9930,train/episode_length_steps,813.4495623538085
9930,train/fps,58698.10535997797
9940,train/reward,1.3407862186431885
9940,train/actor_loss,0.013490657322108746
9940,train/critic_loss,1.607004165649414
9940,train/entropy,-6.2086501121521
9940,train/episode_length_steps,735.817724153145
9940,train/fps,58715.396414757175
9950,train/reward,1.336827039718628
9950,train/actor_loss,0.013383467681705952
9950,train/critic_loss,1.3010754585266113
9950,train/entropy,-6.210702419281006
9950,train/episode_length_steps,735.817724153145
9950,train/fps,58730.550592644235
9960,train/reward,1.3414380550384521
9960,train/actor_loss,0.011156252585351467
9960,train/critic_loss,1.2070268392562866
9960,train/entropy,-6.199490547180176
9960,train/episode_length_steps,788.9674003909396
9960,train/fps,58747.782302211366
9970,train/reward,1.3417755365371704
9970,train/actor_loss,0.016179358586668968
9970,train/critic_loss,1.5303128957748413
9970,train/entropy,-6.213548183441162
9970,train/episode_length_steps,873.0504502092679
9970,train/fps,58762.96019778418
9980,train/reward,1.338938593864441
9980,train/actor_loss,0.014182381331920624
9980,train/critic_loss,1.3695811033248901
9980,train/entropy,-6.20693826675415
9980,train/episode_length_steps,748.4223016690037
9980,train/fps,58780.30734770166
9990,train/reward,1.3434147834777832
9990,train/actor_loss,0.01147164311259985
9990,train/critic_loss,1.3941882848739624
9990,train/entropy,-6.216010093688965
9990,train/episode_length_steps,935.352867349791
9990,train/fps,58795.38912750264
10000,train/reward,1.34067964553833
10000,train/actor_loss,0.011693966574966908
10000,train/critic_loss,1.5943869352340698
10000,train/entropy,-6.207276344299316
10000,train/episode_length_steps,955.8154697427
10000,train/fps,58812.458736754685
10000,eval/med_figure8_normal,0.1587555706501007
10010,train/reward,1.3387531042099
10010,train/actor_loss,0.01322183758020401
10010,train/critic_loss,1.5922383069992065
10010,train/entropy,-6.193289279937744
10010,train/episode_length_steps,999.549519430452
10010,train/fps,57131.168350563275
10020,train/reward,1.3425259590148926
10020,train/actor_loss,0.010810947977006435
10020,train/critic_loss,1.6421959400177002
10020,train/entropy,-6.1891188621521
10020,train/episode_length_steps,803.4766056095065
10020,train/fps,57148.39597082595
10030,train/reward,1.338722586631775
10030,train/actor_loss,0.013229074887931347
10030,train/critic_loss,1.7217718362808228
10030,train/entropy,-6.19102668762207
10030,train/episode_length_steps,793.7452256108409
10030,train/fps,57167.31402354208
10040,train/reward,1.338310956954956
10040,train/actor_loss,0.011486338451504707
10040,train/critic_loss,1.3538151979446411
10040,train/entropy,-6.22295618057251
10040,train/episode_length_steps,739.9718102535958
10040,train/fps,57184.27547351645
10050,train/reward,1.3414454460144043
10050,train/actor_loss,0.011406367644667625
10050,train/critic_loss,1.228684425354004
10050,train/entropy,-6.239386558532715
10050,train/episode_length_steps,850.393099192874
10050,train/fps,57203.62052325184
10060,train/reward,1.3405249118804932
10060,train/actor_loss,0.012041299603879452
10060,train/critic_loss,1.4901905059814453
10060,train/entropy,-6.24258279800415
10060,train/episode_length_steps,774.9729156804493
10060,train/fps,57219.93769829842
10070,train/reward,1.3430631160736084
10070,train/actor_loss,0.012318265624344349
10070,train/critic_loss,1.4379853010177612
10070,train/entropy,-6.257054328918457
10070,train/episode_length_steps,774.9729156804493
10070,train/fps,57239.396958147874
10080,train/reward,1.3407762050628662
10080,train/actor_loss,0.013714835047721863
10080,train/critic_loss,1.3597121238708496
10080,train/entropy,-6.234642505645752
10080,train/episode_length_steps,867.2736735434524
10080,train/fps,57255.098903134676
10090,train/reward,1.3463129997253418
10090,train/actor_loss,0.01463398989289999
10090,train/critic_loss,1.2195740938186646
10090,train/entropy,-6.237511157989502
10090,train/episode_length_steps,784.2467497605712
10090,train/fps,57274.428214714906
10100,train/reward,1.342365026473999
10100,train/actor_loss,0.01725720800459385
10100,train/critic_loss,1.3543046712875366
10100,train/entropy,-6.249241352081299
10100,train/episode_length_steps,828.8820049231059
10100,train/fps,57290.06048848592
10110,train/reward,1.3402247428894043
10110,train/actor_loss,0.01175447553396225
10110,train/critic_loss,1.399167537689209
10110,train/entropy,-6.26985502243042
10110,train/episode_length_steps,798.5812704616955
10110,train/fps,57309.001903268036
10120,train/reward,1.3476834297180176
10120,train/actor_loss,0.013412690721452236
10120,train/critic_loss,1.3955483436584473
10120,train/entropy,-6.288428783416748
10120,train/episode_length_steps,884.8379899660755
10120,train/fps,57324.66752197725
10130,train/reward,1.3354861736297607
10130,train/actor_loss,0.010438062250614166
10130,train/critic_loss,1.5692625045776367
10130,train/entropy,-6.264988422393799
10130,train/episode_length_steps,844.9113276288067
10130,train/fps,57342.96287844519
10140,train/reward,1.3365352153778076
10140,train/actor_loss,0.012330389581620693
10140,train/critic_loss,1.9279838800430298
10140,train/entropy,-6.2556939125061035
10140,train/episode_length_steps,731.7100184606722
10140,train/fps,57358.66348774812
10150,train/reward,1.3413796424865723
10150,train/actor_loss,0.01342869270592928
10150,train/critic_loss,1.7576229572296143
10150,train/entropy,-6.214208126068115
10150,train/episode_length_steps,991.9846862364063
10150,train/fps,57376.16835322119
10160,train/reward,1.3386354446411133
10160,train/actor_loss,0.01469359453767538
10160,train/critic_loss,1.7231565713882446
10160,train/entropy,-6.200164794921875
10160,train/episode_length_steps,798.5812704616955
10160,train/fps,57391.398443606246
10170,train/reward,1.336064100265503
10170,train/actor_loss,0.009426775388419628
10170,train/critic_loss,1.8919830322265625
10170,train/entropy,-6.18866491317749
10170,train/episode_length_steps,707.995684268495
10170,train/fps,57406.36542702426
10180,train/reward,1.3371191024780273
10180,train/actor_loss,0.011992396786808968
10180,train/critic_loss,1.4440017938613892
10180,train/entropy,-6.194803237915039
10180,train/episode_length_steps,867.2736735434524
10180,train/fps,57424.302542715
10190,train/reward,1.3410561084747314
10190,train/actor_loss,0.011332009918987751
10190,train/critic_loss,1.2764561176300049
10190,train/entropy,-6.176022052764893
10190,train/episode_length_steps,813.4495623538085
10190,train/fps,57439.42041752756
10200,train/reward,1.3438184261322021
10200,train/actor_loss,0.009103008545935154
10200,train/critic_loss,1.354959487915039
10200,train/entropy,-6.216381072998047
10200,train/episode_length_steps,991.9846862364063
10200,train/fps,57457.64000220058
10210,train/reward,1.3390454053878784
10210,train/actor_loss,0.011877582408487797
10210,train/critic_loss,1.563055396080017
10210,train/entropy,-6.232326507568359
10210,train/episode_length_steps,765.9158472401787
10210,train/fps,57472.81831932748
10220,train/reward,1.3399600982666016
10220,train/actor_loss,0.014220031909644604
10220,train/critic_loss,1.8802763223648071
10220,train/entropy,-6.233527660369873
10220,train/episode_length_steps,903.12844929582
10220,train/fps,57490.96134289382
10230,train/reward,1.3421086072921753
10230,train/actor_loss,0.012261857278645039
10230,train/critic_loss,1.4182076454162598
10230,train/entropy,-6.233693599700928
10230,train/episode_length_steps,808.432328135103
10230,train/fps,57506.53656517225
10240,train/reward,1.3382234573364258
10240,train/actor_loss,0.012470337562263012
10240,train/critic_loss,1.099413275718689
10240,train/entropy,-6.193103790283203
10240,train/episode_length_steps,735.817724153145
10240,train/fps,57523.991246466234
10250,train/reward,1.343820571899414
10250,train/actor_loss,0.010535212233662605
10250,train/critic_loss,1.8532332181930542
10250,train/entropy,-6.233355522155762
10250,train/episode_length_steps,909.3944711658012
10250,train/fps,57540.02143394681
10260,train/reward,1.340476155281067
10260,train/actor_loss,0.01313115656375885
10260,train/critic_loss,1.6967815160751343
10260,train/entropy,-6.232930660247803
10260,train/episode_length_steps,774.9729156804493
10260,train/fps,57557.22217485563
10270,train/reward,1.3416377305984497
10270,train/actor_loss,0.009254680015146732
10270,train/critic_loss,1.4402607679367065
10270,train/entropy,-6.220444679260254
10270,train/episode_length_steps,823.6732044386656
10270,train/fps,57573.51791901015
10280,train/reward,1.3430546522140503
10280,train/actor_loss,0.014615103602409363
10280,train/critic_loss,2.075596570968628
10280,train/entropy,-6.218617916107178
10280,train/episode_length_steps,850.393099192874
10280,train/fps,57589.58197809905
10290,train/reward,1.3411239385604858
10290,train/actor_loss,0.011119474656879902
10290,train/critic_loss,1.2991113662719727
10290,train/entropy,-6.217704772949219
10290,train/episode_length_steps,884.8379899660755
10290,train/fps,57606.05658376299
10300,train/reward,1.3426995277404785
10300,train/actor_loss,0.011087460443377495
10300,train/critic_loss,1.8823341131210327
10300,train/entropy,-6.243500709533691
10300,train/episode_length_steps,873.0504502092679
10300,train/fps,57620.857704889575
10310,train/reward,1.3426287174224854
10310,train/actor_loss,0.013596023432910442
10310,train/critic_loss,1.1464743614196777
10310,train/entropy,-6.239746570587158
10310,train/episode_length_steps,867.2736735434524
10310,train/fps,57638.91721569107
10320,train/reward,1.341841220855713
10320,train/actor_loss,0.011105897836387157
10320,train/critic_loss,1.3044670820236206
10320,train/entropy,-6.23914098739624
10320,train/episode_length_steps,903.12844929582
10320,train/fps,57653.783230302906
10330,train/reward,1.3421417474746704
10330,train/actor_loss,0.012179804965853691
10330,train/critic_loss,2.171008348464966
10330,train/entropy,-6.237605571746826
10330,train/episode_length_steps,765.9158472401787
10330,train/fps,57671.63477986562
10340,train/reward,1.3404350280761719
10340,train/actor_loss,0.013096289709210396
10340,train/critic_loss,1.9547899961471558
10340,train/entropy,-6.224771499633789
10340,train/episode_length_steps,834.1571042040623
10340,train/fps,57686.91888298131
10350,train/reward,1.340644359588623
10350,train/actor_loss,0.01194919366389513
10350,train/critic_loss,1.2754451036453247
10350,train/entropy,-6.22253942489624
10350,train/episode_length_steps,719.6575442107978
10350,train/fps,57703.154256125235
10360,train/reward,1.3429434299468994
10360,train/actor_loss,0.009592304937541485
10360,train/critic_loss,1.3322999477386475
10360,train/entropy,-6.2535810470581055
10360,train/episode_length_steps,855.9464665668899
10360,train/fps,57719.04154216971
10370,train/reward,1.3457460403442383
10370,train/actor_loss,0.012523666024208069
10370,train/critic_loss,1.1163405179977417
10370,train/entropy,-6.30621337890625
10370,train/episode_length_steps,1022.9524966434373
10370,train/fps,57734.86394990624
10380,train/reward,1.3458597660064697
10380,train/actor_loss,0.011643952690064907
10380,train/critic_loss,1.2703652381896973
10380,train/entropy,-6.344339847564697
10380,train/episode_length_steps,915.7480494521833
10380,train/fps,57751.007566740496
10390,train/reward,1.3417088985443115
10390,train/actor_loss,0.012139408849179745
10390,train/critic_loss,1.436889886856079
10390,train/entropy,-6.365172863006592
10390,train/episode_length_steps,744.1730667488358
10390,train/fps,57766.580146272194
10400,train/reward,1.3430485725402832
10400,train/actor_loss,0.012292356230318546
10400,train/critic_loss,1.532490611076355
10400,train/entropy,-6.363396644592285
10400,train/episode_length_steps,813.4495623538085
10400,train/fps,57782.41813101195
10410,train/reward,1.3444112539291382
10410,train/actor_loss,0.013985025696456432
10410,train/critic_loss,1.6374162435531616
10410,train/entropy,-6.4031267166137695
10410,train/episode_length_steps,861.5728416085835
10410,train/fps,57796.91175422966
10420,train/reward,1.3453940153121948
10420,train/actor_loss,0.015390614047646523
10420,train/critic_loss,1.0522301197052002
10420,train/entropy,-6.391098499298096
10420,train/episode_length_steps,896.9481863514969
10420,train/fps,57814.365337554584
10430,train/reward,1.3475987911224365
10430,train/actor_loss,0.016647517681121826
10430,train/critic_loss,1.0757235288619995
10430,train/entropy,-6.417626857757568
10430,train/episode_length_steps,890.8519337098286
10430,train/fps,57828.87095156022
10440,train/reward,1.3457143306732178
10440,train/actor_loss,0.018939007073640823
10440,train/critic_loss,0.9901897311210632
10440,train/entropy,-6.445889472961426
10440,train/episode_length_steps,813.4495623538085
10440,train/fps,57846.208605198444
10450,train/reward,1.337432861328125
10450,train/actor_loss,0.011999347247183323
10450,train/critic_loss,1.5342223644256592
10450,train/entropy,-6.464391231536865
10450,train/episode_length_steps,909.3944711658012
10450,train/fps,57860.8637360071
10460,train/reward,1.3418445587158203
10460,train/actor_loss,0.011907803826034069
10460,train/critic_loss,1.4613282680511475
10460,train/entropy,-6.4923624992370605
10460,train/episode_length_steps,823.6732044386656
10460,train/fps,57877.4386950718
10470,train/reward,1.344470500946045
10470,train/actor_loss,0.011501356028020382
10470,train/critic_loss,1.1169118881225586
10470,train/entropy,-6.494340419769287
10470,train/episode_length_steps,955.8154697427
10470,train/fps,57893.1618521428
10480,train/reward,1.3432362079620361
10480,train/actor_loss,0.015608075074851513
10480,train/critic_loss,0.7334856390953064
10480,train/entropy,-6.531705379486084
10480,train/episode_length_steps,861.5728416085835
10480,train/fps,57909.129179212396
10490,train/reward,1.3448344469070435
10490,train/actor_loss,0.010342567227780819
10490,train/critic_loss,1.0816205739974976
10490,train/entropy,-6.563827037811279
10490,train/episode_length_steps,884.8379899660755
10490,train/fps,57925.219104735406
10500,train/reward,1.3434563875198364
10500,train/actor_loss,0.014845587313175201
10500,train/critic_loss,1.2625439167022705
10500,train/entropy,-6.595152378082275
10500,train/episode_length_steps,867.2736735434524
10500,train/fps,57940.9303996147
10510,train/reward,1.33945894241333
10510,train/actor_loss,0.010344750247895718
10510,train/critic_loss,1.72809636592865
10510,train/entropy,-6.581676006317139
10510,train/episode_length_steps,834.1571042040623
10510,train/fps,57956.07445859652
10520,train/reward,1.3388004302978516
10520,train/actor_loss,0.01413795631378889
10520,train/critic_loss,1.0321475267410278
10520,train/entropy,-6.5687456130981445
10520,train/episode_length_steps,850.393099192874
10520,train/fps,57970.02515276885
10530,train/reward,1.3388367891311646
10530,train/actor_loss,0.013770180754363537
10530,train/critic_loss,1.2435182332992554
10530,train/entropy,-6.607540130615234
10530,train/episode_length_steps,977.1934127239363
10530,train/fps,57987.24813361059
10540,train/reward,1.3404910564422607
10540,train/actor_loss,0.011248349212110043
10540,train/critic_loss,1.053916573524475
10540,train/entropy,-6.603409767150879
10540,train/episode_length_steps,928.7253199635585
10540,train/fps,58001.355250525055
10550,train/reward,1.3419255018234253
10550,train/actor_loss,0.014359841123223305
10550,train/critic_loss,1.3802019357681274
10550,train/entropy,-6.58224630355835
10550,train/episode_length_steps,839.499776188048
10550,train/fps,58018.27144215371
10560,train/reward,1.3434648513793945
10560,train/actor_loss,0.012670724652707577
10560,train/critic_loss,0.9703049659729004
10560,train/entropy,-6.615606784820557
10560,train/episode_length_steps,909.3944711658012
10560,train/fps,58031.87927394564
10570,train/reward,1.3407295942306519
10570,train/actor_loss,0.010488107800483704
10570,train/critic_loss,1.2064177989959717
10570,train/entropy,-6.584453582763672
10570,train/episode_length_steps,903.12844929582
10570,train/fps,58048.73701996363
10580,train/reward,1.34457528591156
10580,train/actor_loss,0.014187589287757874
10580,train/critic_loss,1.4675300121307373
10580,train/entropy,-6.5819902420043945
10580,train/episode_length_steps,839.499776188048
10580,train/fps,58062.828500867974
10590,train/reward,1.347596287727356
10590,train/actor_loss,0.013442306779325008
10590,train/critic_loss,1.2954354286193848
10590,train/entropy,-6.568105220794678
10590,train/episode_length_steps,844.9113276288067
10590,train/fps,58079.26184248442
10600,train/reward,1.345670461654663
10600,train/actor_loss,0.013387923128902912
10600,train/critic_loss,1.4743703603744507
10600,train/entropy,-6.575203895568848
10600,train/episode_length_steps,839.499776188048
10600,train/fps,58094.49294243899
10610,train/reward,1.339446783065796
10610,train/actor_loss,0.011202738620340824
10610,train/critic_loss,1.628861665725708
10610,train/entropy,-6.590631008148193
10610,train/episode_length_steps,818.5294606658226
10610,train/fps,58110.150492157336
10620,train/reward,1.3438739776611328
10620,train/actor_loss,0.01166031789034605
10620,train/critic_loss,1.2145837545394897
10620,train/entropy,-6.557441711425781
10620,train/episode_length_steps,839.499776188048
10620,train/fps,58125.556369079364
10630,train/reward,1.3445155620574951
10630,train/actor_loss,0.01293394435197115
10630,train/critic_loss,1.0181249380111694
10630,train/entropy,-6.573588848114014
10630,train/episode_length_steps,844.9113276288067
10630,train/fps,58140.69919925461
10640,train/reward,1.3481491804122925
10640,train/actor_loss,0.012351281009614468
10640,train/critic_loss,0.8512657284736633
10640,train/entropy,-6.5992889404296875
10640,train/episode_length_steps,834.1571042040623
10640,train/fps,58154.29884688537
10650,train/reward,1.3437515497207642
10650,train/actor_loss,0.011255267076194286
10650,train/critic_loss,1.3546475172042847
10650,train/entropy,-6.560222148895264
10650,train/episode_length_steps,1007.2306174500739
10650,train/fps,58169.23776152599
10660,train/reward,1.3443548679351807
10660,train/actor_loss,0.012044472619891167
10660,train/critic_loss,0.9802474975585938
10660,train/entropy,-6.551485538482666
10660,train/episode_length_steps,823.6732044386656
10660,train/fps,58186.47696462418
10670,train/reward,1.3422605991363525
10670,train/actor_loss,0.025015288963913918
10670,train/critic_loss,1.2248871326446533
10670,train/entropy,-6.5513811111450195
10670,train/episode_length_steps,915.7480494521833
10670,train/fps,58201.056245711574
10680,train/reward,1.3453919887542725
10680,train/actor_loss,0.009884978644549847
10680,train/critic_loss,1.3046140670776367
10680,train/entropy,-6.5397539138793945
10680,train/episode_length_steps,823.6732044386656
10680,train/fps,58216.22814014639
10690,train/reward,1.3470044136047363
10690,train/actor_loss,0.013041699305176735
10690,train/critic_loss,0.8638991713523865
10690,train/entropy,-6.558583736419678
10690,train/episode_length_steps,850.393099192874
10690,train/fps,58230.19211899295
10700,train/reward,1.348793625831604
10700,train/actor_loss,0.010838009417057037
10700,train/critic_loss,1.0308281183242798
10700,train/entropy,-6.582051753997803
10700,train/episode_length_steps,861.5728416085835
10700,train/fps,58245.48822560429
10710,train/reward,1.3497790098190308
10710,train/actor_loss,0.014665941707789898
10710,train/critic_loss,0.7465009689331055
10710,train/entropy,-6.607008457183838
10710,train/episode_length_steps,903.12844929582
10710,train/fps,58262.06761950976
10720,train/reward,1.3514904975891113
10720,train/actor_loss,0.013332410715520382
10720,train/critic_loss,1.0271453857421875
10720,train/entropy,-6.622028350830078
10720,train/episode_length_steps,890.8519337098286
10720,train/fps,58276.757588409004
10730,train/reward,1.3447538614273071
10730,train/actor_loss,0.013631409965455532
10730,train/critic_loss,0.9920979738235474
10730,train/entropy,-6.6137824058532715
10730,train/episode_length_steps,855.9464665668899
10730,train/fps,58290.50136125629
10740,train/reward,1.3485004901885986
10740,train/actor_loss,0.012656116858124733
10740,train/critic_loss,0.8624460101127625
10740,train/entropy,-6.6172776222229
10740,train/episode_length_steps,942.0756852933614
10740,train/fps,58306.269600143874
10750,train/reward,1.3510204553604126
10750,train/actor_loss,0.01748678646981716
10750,train/critic_loss,0.8157152533531189
10750,train/entropy,-6.656538486480713
10750,train/episode_length_steps,867.2736735434524
10750,train/fps,58320.82269307752
10760,train/reward,1.3456041812896729
10760,train/actor_loss,0.015585619024932384
10760,train/critic_loss,1.298643946647644
10760,train/entropy,-6.663644313812256
10760,train/episode_length_steps,878.9046993506491
10760,train/fps,58334.175208224304
10770,train/reward,1.3480749130249023
10770,train/actor_loss,0.013374974019825459
10770,train/critic_loss,0.6830036044120789
10770,train/entropy,-6.681055545806885
10770,train/episode_length_steps,896.9481863514969
10770,train/fps,58349.365557236335
10780,train/reward,1.3482052087783813
10780,train/actor_loss,0.012914881110191345
10780,train/critic_loss,1.0267657041549683
10780,train/entropy,-6.675973415374756
10780,train/episode_length_steps,884.8379899660755
10780,train/fps,58362.81295091979
10790,train/reward,1.3462998867034912
10790,train/actor_loss,0.010878543369472027
10790,train/critic_loss,0.6030407547950745
10790,train/entropy,-6.6720781326293945
10790,train/episode_length_steps,878.9046993506491
10790,train/fps,58378.037803356034
10800,train/reward,1.3404896259307861
10800,train/actor_loss,0.012527716346085072
10800,train/critic_loss,1.4022233486175537
10800,train/entropy,-6.6403093338012695
10800,train/episode_length_steps,867.2736735434524
10800,train/fps,58392.77286433839
10810,train/reward,1.3411424160003662
10810,train/actor_loss,0.017147470265626907
10810,train/critic_loss,1.187839388847351
10810,train/entropy,-6.614856243133545
10810,train/episode_length_steps,828.8820049231059
10810,train/fps,58407.96541387313
10820,train/reward,1.3448033332824707
10820,train/actor_loss,0.010747953318059444
10820,train/critic_loss,1.385379672050476
10820,train/entropy,-6.665591716766357
10820,train/episode_length_steps,844.9113276288067
10820,train/fps,58422.149637126655
10830,train/reward,1.344773769378662
10830,train/actor_loss,0.01125525776296854
10830,train/critic_loss,1.117637276649475
10830,train/entropy,-6.670571327209473
10830,train/episode_length_steps,784.2467497605712
10830,train/fps,58437.405497409585
10840,train/reward,1.3461636304855347
10840,train/actor_loss,0.013245093636214733
10840,train/critic_loss,1.649049162864685
10840,train/entropy,-6.691277980804443
10840,train/episode_length_steps,878.9046993506491
10840,train/fps,58451.6147828261
10850,train/reward,1.3499573469161987
10850,train/actor_loss,0.010526377707719803
10850,train/critic_loss,0.96668940782547
10850,train/entropy,-6.7155303955078125
10850,train/episode_length_steps,977.1934127239363
10850,train/fps,58467.03364354253
10860,train/reward,1.349233627319336
10860,train/actor_loss,0.01433064229786396
10860,train/critic_loss,1.2362632751464844
10860,train/entropy,-6.724979400634766
10860,train/episode_length_steps,828.8820049231059
10860,train/fps,58481.111419132714
10870,train/reward,1.3560786247253418
10870,train/actor_loss,0.013051929883658886
10870,train/critic_loss,1.0332340002059937
10870,train/entropy,-6.72848653793335
10870,train/episode_length_steps,1082.0675309469727
10870,train/fps,58494.98812390714
10880,train/reward,1.3474750518798828
10880,train/actor_loss,0.01505221426486969
10880,train/critic_loss,1.3147128820419312
10880,train/entropy,-6.69814920425415
10880,train/episode_length_steps,969.9619640403653
10880,train/fps,58510.41333551143
10890,train/reward,1.3513100147247314
10890,train/actor_loss,0.014235063455998898
10890,train/critic_loss,0.915449321269989
10890,train/entropy,-6.713138580322266
10890,train/episode_length_steps,1047.4776400860692
10890,train/fps,58524.33046647829
10900,train/reward,1.3490301370620728
10900,train/actor_loss,0.013374979607760906
10900,train/critic_loss,0.9640805125236511
10900,train/entropy,-6.739194393157959
10900,train/episode_length_steps,1073.207643669909
10900,train/fps,58539.83107431581
10910,train/reward,1.3498270511627197
10910,train/actor_loss,0.011742002330720425
10910,train/critic_loss,0.6691998839378357
10910,train/entropy,-6.785340309143066
10910,train/episode_length_steps,915.7480494521833
10910,train/fps,58553.94898085741
10920,train/reward,1.350912094116211
10920,train/actor_loss,0.01589095965027809
10920,train/critic_loss,0.8687664270401001
10920,train/entropy,-6.849461555480957
10920,train/episode_length_steps,984.5334979350276
10920,train/fps,58569.589405665145
10930,train/reward,1.3526556491851807
10930,train/actor_loss,0.013716562651097775
10930,train/critic_loss,0.9533492922782898
10930,train/entropy,-6.85365629196167
10930,train/episode_length_steps,896.9481863514969
10930,train/fps,58583.159949618406
10940,train/reward,1.350852608680725
10940,train/actor_loss,0.015273982658982277
10940,train/critic_loss,0.8039225935935974
10940,train/entropy,-6.8620758056640625
10940,train/episode_length_steps,915.7480494521833
10940,train/fps,58598.6033158515
10950,train/reward,1.3524818420410156
10950,train/actor_loss,0.015538549982011318
10950,train/critic_loss,0.5093305110931396
10950,train/entropy,-6.858256816864014
10950,train/episode_length_steps,834.1571042040623
10950,train/fps,58611.96638545089
10960,train/reward,1.3519320487976074
10960,train/actor_loss,0.01408214122056961
10960,train/critic_loss,0.9640703201293945
10960,train/entropy,-6.901452541351318
10960,train/episode_length_steps,962.8367577976614
10960,train/fps,58627.444885860255
10970,train/reward,1.3496580123901367
10970,train/actor_loss,0.016333753243088722
10970,train/critic_loss,0.6965153813362122
10970,train/entropy,-6.889486789703369
10970,train/episode_length_steps,896.9481863514969
10970,train/fps,58640.262331185906
10980,train/reward,1.3495591878890991
10980,train/actor_loss,0.014871098101139069
10980,train/critic_loss,0.7458169460296631
10980,train/entropy,-6.900482177734375
10980,train/episode_length_steps,915.7480494521833
10980,train/fps,58653.21210243911
10990,train/reward,1.3512071371078491
10990,train/actor_loss,0.01103423535823822
10990,train/critic_loss,0.5458881258964539
10990,train/entropy,-6.92659854888916
10990,train/episode_length_steps,1039.1729644539928
10990,train/fps,58668.47457575657
11000,train/reward,1.3538618087768555
11000,train/actor_loss,0.012893760576844215
11000,train/critic_loss,0.5454711318016052
11000,train/entropy,-6.951313018798828
11000,train/episode_length_steps,855.9464665668899
11000,train/fps,58681.584043741546
11000,eval/med_figure8_normal,0.10901237279176712
11010,train/reward,1.3534164428710938
11010,train/actor_loss,0.014250022359192371
11010,train/critic_loss,0.8969947695732117
11010,train/entropy,-6.9401140213012695
11010,train/episode_length_steps,855.9464665668899
11010,train/fps,57227.80660872096
11020,train/reward,1.3549513816833496
11020,train/actor_loss,0.012033543549478054
11020,train/critic_loss,0.36979901790618896
11020,train/entropy,-6.969738960266113
11020,train/episode_length_steps,873.0504502092679
11020,train/fps,57245.44873079262
11030,train/reward,1.3544797897338867
11030,train/actor_loss,0.017221635207533836
11030,train/critic_loss,0.635958731174469
11030,train/entropy,-7.036649227142334
11030,train/episode_length_steps,896.9481863514969
11030,train/fps,57260.289981301576
11040,train/reward,1.3558892011642456
11040,train/actor_loss,0.015549780800938606
11040,train/critic_loss,0.4078327715396881
11040,train/entropy,-7.04638671875
11040,train/episode_length_steps,839.499776188048
11040,train/fps,57275.19957166415
11050,train/reward,1.3546122312545776
11050,train/actor_loss,0.015245494432747364
11050,train/critic_loss,0.8126842379570007
11050,train/entropy,-7.100621700286865
11050,train/episode_length_steps,977.1934127239363
11050,train/fps,57292.535239388315
11060,train/reward,1.3538621664047241
11060,train/actor_loss,0.01139831356704235
11060,train/critic_loss,0.3485058844089508
11060,train/entropy,-7.114757537841797
11060,train/episode_length_steps,1158.5853265847247
11060,train/fps,57307.0907120947
11070,train/reward,1.3544915914535522
11070,train/actor_loss,0.015665190294384956
11070,train/critic_loss,0.40384337306022644
11070,train/entropy,-7.184593200683594
11070,train/episode_length_steps,962.8367577976614
11070,train/fps,57324.274508075745
11080,train/reward,1.3560712337493896
11080,train/actor_loss,0.013396146707236767
11080,train/critic_loss,0.28817757964134216
11080,train/entropy,-7.214547634124756
11080,train/episode_length_steps,867.2736735434524
11080,train/fps,57338.69578893496
11090,train/reward,1.3570094108581543
11090,train/actor_loss,0.014451517723500729
11090,train/critic_loss,0.3216748535633087
11090,train/entropy,-7.266932010650635
11090,train/episode_length_steps,909.3944711658012
11090,train/fps,57355.74934937508
11100,train/reward,1.3579795360565186
11100,train/actor_loss,0.01328959595412016
11100,train/critic_loss,0.2420428842306137
11100,train/entropy,-7.305432319641113
11100,train/episode_length_steps,935.352867349791
11100,train/fps,57369.8212890621
11110,train/reward,1.357917070388794
11110,train/actor_loss,0.014623994007706642
11110,train/critic_loss,0.17738018929958344
11110,train/entropy,-7.364218235015869
11110,train/episode_length_steps,942.0756852933614
11110,train/fps,57386.52708254908
11120,train/reward,1.3642914295196533
11120,train/actor_loss,0.013277800753712654
11120,train/critic_loss,0.16057135164737701
11120,train/entropy,-7.463201999664307
11120,train/episode_length_steps,1190.1455022611601
11120,train/fps,57400.55689536219
11130,train/reward,1.3557894229888916
11130,train/actor_loss,0.014665420167148113
11130,train/critic_loss,0.20509882271289825
11130,train/entropy,-7.536428928375244
11130,train/episode_length_steps,1100.2335310136384
11130,train/fps,57417.26552398388
11140,train/reward,1.3601394891738892
11140,train/actor_loss,0.013561499305069447
11140,train/critic_loss,0.20981581509113312
11140,train/entropy,-7.613988399505615
11140,train/episode_length_steps,1055.9161206631647
11140,train/fps,57431.36607332922
11150,train/reward,1.3648223876953125
11150,train/actor_loss,0.010923972353339195
11150,train/critic_loss,0.10504791885614395
11150,train/entropy,-7.6627373695373535
11150,train/episode_length_steps,1270.9263799759592
11150,train/fps,57447.95797468965
11160,train/reward,1.3601140975952148
11160,train/actor_loss,0.016428573057055473
11160,train/critic_loss,0.17979316413402557
11160,train/entropy,-7.7513580322265625
11160,train/episode_length_steps,922.191032232558
11160,train/fps,57461.96308791164
11170,train/reward,1.3612695932388306
11170,train/actor_loss,0.015291593968868256
11170,train/critic_loss,0.1631118804216385
11170,train/entropy,-7.817495822906494
11170,train/episode_length_steps,1055.9161206631647
11170,train/fps,57478.09456844151
11180,train/reward,1.3586854934692383
11180,train/actor_loss,0.015821775421500206
11180,train/critic_loss,0.2984403371810913
11180,train/entropy,-7.836220741271973
11180,train/episode_length_steps,1064.4916662465182
11180,train/fps,57492.073289229826
11190,train/reward,1.360532283782959
11190,train/actor_loss,0.0121720926836133
11190,train/critic_loss,0.24458836019039154
11190,train/entropy,-7.8213958740234375
11190,train/episode_length_steps,839.499776188048
11190,train/fps,57506.10071796625
11200,train/reward,1.35769784450531
11200,train/actor_loss,0.011914202943444252
11200,train/critic_loss,0.15532970428466797
11200,train/entropy,-7.864871978759766
11200,train/episode_length_steps,903.12844929582
11200,train/fps,57522.20451847349
11210,train/reward,1.361966609954834
11210,train/actor_loss,0.013465519063174725
11210,train/critic_loss,0.174294576048851
11210,train/entropy,-7.901950836181641
11210,train/episode_length_steps,984.5334979350276
11210,train/fps,57536.02346004235
11220,train/reward,1.360718011856079
11220,train/actor_loss,0.011396695859730244
11220,train/critic_loss,0.08461705595254898
11220,train/entropy,-7.932808876037598
11220,train/episode_length_steps,948.8958429280851
11220,train/fps,57551.913997141695
11230,train/reward,1.3608455657958984
11230,train/actor_loss,0.014004635624587536
11230,train/critic_loss,0.14590710401535034
11230,train/entropy,-7.956287384033203
11230,train/episode_length_steps,962.8367577976614
11230,train/fps,57565.66650480149
11240,train/reward,1.3610073328018188
11240,train/actor_loss,0.015238451771438122
11240,train/critic_loss,0.22798345983028412
11240,train/entropy,-8.014386177062988
11240,train/episode_length_steps,1100.2335310136384
11240,train/fps,57581.56923831654
11250,train/reward,1.3609490394592285
11250,train/actor_loss,0.01383308507502079
11250,train/critic_loss,0.16928383708000183
11250,train/entropy,-8.025144577026367
11250,train/episode_length_steps,878.9046993506491
11250,train/fps,57595.30511482306
11260,train/reward,1.361370325088501
11260,train/actor_loss,0.012238917872309685
11260,train/critic_loss,0.1076999306678772
11260,train/entropy,-8.075404167175293
11260,train/episode_length_steps,942.0756852933614
11260,train/fps,57611.17401265983
11270,train/reward,1.3604594469070435
11270,train/actor_loss,0.013203687034547329
11270,train/critic_loss,0.13009139895439148
11270,train/entropy,-8.144231796264648
11270,train/episode_length_steps,984.5334979350276
11270,train/fps,57624.82240177302
11280,train/reward,1.3661139011383057
11280,train/actor_loss,0.01601642742753029
11280,train/critic_loss,0.13058944046497345
11280,train/entropy,-8.19432258605957
11280,train/episode_length_steps,1082.0675309469727
11280,train/fps,57640.4101355759
11290,train/reward,1.3599708080291748
11290,train/actor_loss,0.028737101703882217
11290,train/critic_loss,0.1734544038772583
11290,train/entropy,-8.197182655334473
11290,train/episode_length_steps,850.393099192874
11290,train/fps,57653.87694164703
11300,train/reward,1.3642140626907349
11300,train/actor_loss,0.015413448214530945
11300,train/critic_loss,0.1648278683423996
11300,train/entropy,-8.256214141845703
11300,train/episode_length_steps,922.191032232558
11300,train/fps,57669.256645538495
11310,train/reward,1.3642469644546509
11310,train/actor_loss,0.019503945484757423
11310,train/critic_loss,0.12546506524085999
11310,train/entropy,-8.260455131530762
11310,train/episode_length_steps,1109.547198555855
11310,train/fps,57682.35247107776
11320,train/reward,1.362805962562561
11320,train/actor_loss,0.01166817918419838
11320,train/critic_loss,0.1651894748210907
11320,train/entropy,-8.30015754699707
11320,train/episode_length_steps,999.549519430452
11320,train/fps,57695.614806805985
11330,train/reward,1.3633908033370972
11330,train/actor_loss,0.019951356574892998
11330,train/critic_loss,0.1544615477323532
11330,train/entropy,-8.331597328186035
11330,train/episode_length_steps,878.9046993506491
11330,train/fps,57710.89482788754
11340,train/reward,1.363321304321289
11340,train/actor_loss,0.011119226925075054
11340,train/critic_loss,0.08953002840280533
11340,train/entropy,-8.368902206420898
11340,train/episode_length_steps,867.2736735434524
11340,train/fps,57724.00442864651
11350,train/reward,1.3642220497131348
11350,train/actor_loss,0.021823806688189507
11350,train/critic_loss,0.1298372596502304
11350,train/entropy,-8.412001609802246
11350,train/episode_length_steps,884.8379899660755
11350,train/fps,57739.45262439572
11360,train/reward,1.3655132055282593
11360,train/actor_loss,0.021043136715888977
11360,train/critic_loss,0.10773967951536179
11360,train/entropy,-8.441153526306152
11360,train/episode_length_steps,844.9113276288067
11360,train/fps,57752.86964353483
11370,train/reward,1.3677021265029907
11370,train/actor_loss,0.015856929123401642
11370,train/critic_loss,0.06714937090873718
11370,train/entropy,-8.481770515441895
11370,train/episode_length_steps,1082.0675309469727
11370,train/fps,57768.35945737535
11380,train/reward,1.364808201789856
11380,train/actor_loss,0.01926770620048046
11380,train/critic_loss,0.19695423543453217
11380,train/entropy,-8.475452423095703
11380,train/episode_length_steps,1128.6557313446654
11380,train/fps,57781.77803862951
11390,train/reward,1.3656929731369019
11390,train/actor_loss,0.01677194982767105
11390,train/critic_loss,0.14587482810020447
11390,train/entropy,-8.46899700164795
11390,train/episode_length_steps,1073.207643669909
11390,train/fps,57797.441481032816
11400,train/reward,1.3697419166564941
11400,train/actor_loss,0.01883438415825367
11400,train/critic_loss,0.08208836615085602
11400,train/entropy,-8.426505088806152
11400,train/episode_length_steps,1235.0011879650099
11400,train/fps,57810.21327861271
11410,train/reward,1.3615524768829346
11410,train/actor_loss,0.019436370581388474
11410,train/critic_loss,0.3065134584903717
11410,train/entropy,-8.448925971984863
11410,train/episode_length_steps,855.9464665668899
11410,train/fps,57825.401498209285
11420,train/reward,1.3641858100891113
11420,train/actor_loss,0.01638641022145748
11420,train/critic_loss,0.16327743232250214
11420,train/entropy,-8.40910816192627
11420,train/episode_length_steps,1047.4776400860692
11420,train/fps,57838.926204120275
11430,train/reward,1.3655550479888916
11430,train/actor_loss,0.011327878572046757
11430,train/critic_loss,0.09980684518814087
11430,train/entropy,-8.419241905212402
11430,train/episode_length_steps,1055.9161206631647
11430,train/fps,57854.166139961235
11440,train/reward,1.3621782064437866
11440,train/actor_loss,0.020739998668432236
11440,train/critic_loss,0.15068498253822327
11440,train/entropy,-8.427637100219727
11440,train/episode_length_steps,884.8379899660755
11440,train/fps,57867.264763787076
11450,train/reward,1.3588653802871704
11450,train/actor_loss,0.0188403632491827
11450,train/critic_loss,0.24365954101085663
11450,train/entropy,-8.382107734680176
11450,train/episode_length_steps,873.0504502092679
11450,train/fps,57882.55227638471
11460,train/reward,1.3639817237854004
11460,train/actor_loss,0.017794793471693993
11460,train/critic_loss,0.23250868916511536
11460,train/entropy,-8.338951110839844
11460,train/episode_length_steps,1022.9524966434373
11460,train/fps,57895.71693565186
11470,train/reward,1.3649837970733643
11470,train/actor_loss,0.026432422921061516
11470,train/critic_loss,0.8763050436973572
11470,train/entropy,-8.240206718444824
11470,train/episode_length_steps,909.3944711658012
11470,train/fps,57908.79290501182
11480,train/reward,1.3630414009094238
11480,train/actor_loss,0.015453777275979519
11480,train/critic_loss,0.22937820851802826
11480,train/entropy,-8.16564655303955
11480,train/episode_length_steps,999.549519430452
11480,train/fps,57923.99069345809
11490,train/reward,1.3626039028167725
11490,train/actor_loss,0.019632676616311073
11490,train/critic_loss,0.19490662217140198
11490,train/entropy,-8.18470287322998
11490,train/episode_length_steps,1007.2306174500739
11490,train/fps,57936.79502759558
11500,train/reward,1.3629683256149292
11500,train/actor_loss,0.013236293569207191
11500,train/critic_loss,0.15678220987319946
11500,train/entropy,-8.197107315063477
11500,train/episode_length_steps,977.1934127239363
11500,train/fps,57951.5201643204
11510,train/reward,1.3643133640289307
11510,train/actor_loss,0.0212075375020504
11510,train/critic_loss,0.3833255469799042
11510,train/entropy,-8.198145866394043
11510,train/episode_length_steps,873.0504502092679
11510,train/fps,57963.40996692455
11520,train/reward,1.364875316619873
11520,train/actor_loss,0.00977223552763462
11520,train/critic_loss,0.4258434474468231
11520,train/entropy,-8.157783508300781
11520,train/episode_length_steps,823.6732044386656
11520,train/fps,57978.368277609916
11530,train/reward,1.3658921718597412
11530,train/actor_loss,0.012506797909736633
11530,train/critic_loss,0.27224448323249817
11530,train/entropy,-8.079073905944824
11530,train/episode_length_steps,1064.4916662465182
11530,train/fps,57990.9609428502
11540,train/reward,1.3583775758743286
11540,train/actor_loss,0.016165850684046745
11540,train/critic_loss,0.7928908467292786
11540,train/entropy,-8.052148818969727
11540,train/episode_length_steps,867.2736735434524
11540,train/fps,58006.18605294583
11550,train/reward,1.3609869480133057
11550,train/actor_loss,0.019178463146090508
11550,train/critic_loss,0.4956170618534088
11550,train/entropy,-8.01231861114502
11550,train/episode_length_steps,955.8154697427
11550,train/fps,58018.62188865004
11560,train/reward,1.3637022972106934
11560,train/actor_loss,0.018816551193594933
11560,train/critic_loss,0.1949509084224701
11560,train/entropy,-8.012237548828125
11560,train/episode_length_steps,1128.6557313446654
11560,train/fps,58033.7349494904
11570,train/reward,1.3617990016937256
11570,train/actor_loss,0.023535681888461113
11570,train/critic_loss,0.18743222951889038
11570,train/entropy,-7.983603000640869
11570,train/episode_length_steps,977.1934127239363
11570,train/fps,58046.40966638943
11580,train/reward,1.3600510358810425
11580,train/actor_loss,0.0163537859916687
11580,train/critic_loss,0.26872605085372925
11580,train/entropy,-7.97603702545166
11580,train/episode_length_steps,890.8519337098286
11580,train/fps,58061.557193182896
11590,train/reward,1.361626148223877
11590,train/actor_loss,0.01569673791527748
11590,train/critic_loss,0.16369390487670898
11590,train/entropy,-7.955451965332031
11590,train/episode_length_steps,867.2736735434524
11590,train/fps,58074.38209241509
11600,train/reward,1.3630086183547974
11600,train/actor_loss,0.018860159441828728
11600,train/critic_loss,0.31335148215293884
11600,train/entropy,-7.978987216949463
11600,train/episode_length_steps,839.499776188048
11600,train/fps,58087.178008002076
11610,train/reward,1.3637175559997559
11610,train/actor_loss,0.01596200466156006
11610,train/critic_loss,0.30577608942985535
11610,train/entropy,-7.941941738128662
11610,train/episode_length_steps,922.191032232558
11610,train/fps,58102.182892170065
11620,train/reward,1.367130994796753
11620,train/actor_loss,0.014100032858550549
11620,train/critic_loss,0.16463153064250946
11620,train/entropy,-7.9024658203125
11620,train/episode_length_steps,1148.4339689720955
11620,train/fps,58114.95601964937
11630,train/reward,1.3631272315979004
11630,train/actor_loss,0.012079578824341297
11630,train/critic_loss,0.15962567925453186
11630,train/entropy,-7.945518493652344
11630,train/episode_length_steps,1212.1585181362116
11630,train/fps,58130.101734510754
11640,train/reward,1.3626418113708496
11640,train/actor_loss,0.013133096508681774
11640,train/critic_loss,0.14336977899074554
11640,train/entropy,-7.939194679260254
11640,train/episode_length_steps,1022.9524966434373
11640,train/fps,58142.67097533322
11650,train/reward,1.366316556930542
11650,train/actor_loss,0.014822776429355145
11650,train/critic_loss,0.1295614093542099
11650,train/entropy,-7.9521918296813965
11650,train/episode_length_steps,1283.3704516486423
11650,train/fps,58157.8033463632
11660,train/reward,1.35819411277771
11660,train/actor_loss,0.015752524137496948
11660,train/critic_loss,0.2555432617664337
11660,train/entropy,-7.9607086181640625
11660,train/episode_length_steps,823.6732044386656
11660,train/fps,58170.330822967124
11670,train/reward,1.3618019819259644
11670,train/actor_loss,0.014134264551103115
11670,train/critic_loss,0.24998700618743896
11670,train/entropy,-7.991116523742676
11670,train/episode_length_steps,1022.9524966434373
11670,train/fps,58185.5598195601
11680,train/reward,1.3632559776306152
11680,train/actor_loss,0.014252237975597382
11680,train/critic_loss,0.11258033663034439
11680,train/entropy,-7.991201877593994
11680,train/episode_length_steps,1007.2306174500739
11680,train/fps,58197.49340811203
11690,train/reward,1.3635720014572144
11690,train/actor_loss,0.011583956889808178
11690,train/critic_loss,0.09537912905216217
11690,train/entropy,-8.075236320495605
11690,train/episode_length_steps,909.3944711658012
11690,train/fps,58212.60545163242
11700,train/reward,1.3624855279922485
11700,train/actor_loss,0.013986176811158657
11700,train/critic_loss,0.13324414193630219
11700,train/entropy,-8.112154006958008
11700,train/episode_length_steps,915.7480494521833
11700,train/fps,58224.396161897275
11710,train/reward,1.362476110458374
11710,train/actor_loss,0.01085941307246685
11710,train/critic_loss,0.07218267768621445
11710,train/entropy,-8.157758712768555
11710,train/episode_length_steps,1055.9161206631647
11710,train/fps,58239.050395131555
11720,train/reward,1.366567850112915
11720,train/actor_loss,0.014565329067409039
11720,train/critic_loss,0.09275507181882858
11720,train/entropy,-8.230486869812012
11720,train/episode_length_steps,1073.207643669909
11720,train/fps,58250.82198476746
11730,train/reward,1.3658719062805176
11730,train/actor_loss,0.015581813640892506
11730,train/critic_loss,0.06982734054327011
11730,train/entropy,-8.310832023620605
11730,train/episode_length_steps,1022.9524966434373
11730,train/fps,58262.83118830593
11740,train/reward,1.3623747825622559
11740,train/actor_loss,0.019917724654078484
11740,train/critic_loss,0.13405759632587433
11740,train/entropy,-8.345170974731445
11740,train/episode_length_steps,909.3944711658012
11740,train/fps,58277.63068234049
11750,train/reward,1.3660228252410889
11750,train/actor_loss,0.014671257697045803
11750,train/critic_loss,0.1681215614080429
11750,train/entropy,-8.380983352661133
11750,train/episode_length_steps,1015.0306813839508
11750,train/fps,58289.646026152324
11760,train/reward,1.3638614416122437
11760,train/actor_loss,0.01741868071258068
11760,train/critic_loss,0.1280996948480606
11760,train/entropy,-8.343680381774902
11760,train/episode_length_steps,948.8958429280851
11760,train/fps,58304.729376182426
11770,train/reward,1.3613665103912354
11770,train/actor_loss,0.0153434993699193
11770,train/critic_loss,0.12790805101394653
11770,train/entropy,-8.3388090133667
11770,train/episode_length_steps,850.393099192874
11770,train/fps,58316.737223010554
11780,train/reward,1.3658347129821777
11780,train/actor_loss,0.014734014868736267
11780,train/critic_loss,0.0821504220366478
11780,train/entropy,-8.316855430603027
11780,train/episode_length_steps,1047.4776400860692
11780,train/fps,58331.4679337934
11790,train/reward,1.361018180847168
11790,train/actor_loss,0.022827405482530594
11790,train/critic_loss,0.13555270433425903
11790,train/entropy,-8.29404067993164
11790,train/episode_length_steps,855.9464665668899
11790,train/fps,58343.5865996831
11800,train/reward,1.3598098754882812
11800,train/actor_loss,0.019145319238305092
11800,train/critic_loss,0.16134899854660034
11800,train/entropy,-8.300121307373047
11800,train/episode_length_steps,984.5334979350276
11800,train/fps,58358.38832296999
11810,train/reward,1.362962007522583
11810,train/actor_loss,0.015363882295787334
11810,train/critic_loss,0.12248579412698746
11810,train/entropy,-8.332110404968262
11810,train/episode_length_steps,1047.4776400860692
11810,train/fps,58370.554653876665
11820,train/reward,1.3584709167480469
11820,train/actor_loss,0.016337472945451736
11820,train/critic_loss,0.16377370059490204
11820,train/entropy,-8.296771049499512
11820,train/episode_length_steps,991.9846862364063
11820,train/fps,58385.03904070645
11830,train/reward,1.3624694347381592
11830,train/actor_loss,0.015508906915783882
11830,train/critic_loss,0.07381612062454224
11830,train/entropy,-8.2691068649292
11830,train/episode_length_steps,903.12844929582
11830,train/fps,58397.04444041657
11840,train/reward,1.3638150691986084
11840,train/actor_loss,0.016699140891432762
11840,train/critic_loss,0.11709419637918472
11840,train/entropy,-8.302270889282227
11840,train/episode_length_steps,948.8958429280851
11840,train/fps,58411.76203745861
11850,train/reward,1.3621551990509033
11850,train/actor_loss,0.016181323677301407
11850,train/critic_loss,0.12246525287628174
11850,train/entropy,-8.265592575073242
11850,train/episode_length_steps,873.0504502092679
11850,train/fps,58423.86794502585
11860,train/reward,1.366441249847412
11860,train/actor_loss,0.01355533767491579
11860,train/critic_loss,0.08143902570009232
11860,train/entropy,-8.219112396240234
11860,train/episode_length_steps,955.8154697427
11860,train/fps,58435.92057626992
11870,train/reward,1.3655357360839844
11870,train/actor_loss,0.01425468921661377
11870,train/critic_loss,0.0724484845995903
11870,train/entropy,-8.236831665039062
11870,train/episode_length_steps,1201.0511543403513
11870,train/fps,58450.35195526498
11880,train/reward,1.3639514446258545
11880,train/actor_loss,0.015625188127160072
11880,train/critic_loss,0.11048590391874313
11880,train/entropy,-8.257303237915039
11880,train/episode_length_steps,1073.207643669909
11880,train/fps,58462.36233739901
11890,train/reward,1.3622746467590332
11890,train/actor_loss,0.020106403157114983
11890,train/critic_loss,0.08528908342123032
11890,train/entropy,-8.275105476379395
11890,train/episode_length_steps,1064.4916662465182
11890,train/fps,58476.45143982681
11900,train/reward,1.3639545440673828
11900,train/actor_loss,0.011649859137833118
11900,train/critic_loss,0.1000678688287735
11900,train/entropy,-8.257906913757324
11900,train/episode_length_steps,1179.4361166605142
11900,train/fps,58488.031884297074
11910,train/reward,1.361313819885254
11910,train/actor_loss,0.019381225109100342
11910,train/critic_loss,0.09341062605381012
11910,train/entropy,-8.263618469238281
11910,train/episode_length_steps,878.9046993506491
11910,train/fps,58501.80594430228
11920,train/reward,1.3609869480133057
11920,train/actor_loss,0.015654517337679863
11920,train/critic_loss,0.09415852278470993
11920,train/entropy,-8.258049964904785
11920,train/episode_length_steps,1007.2306174500739
11920,train/fps,58513.43912462854
11930,train/reward,1.3643338680267334
11930,train/actor_loss,0.015276134014129639
11930,train/critic_loss,0.09667570888996124
11930,train/entropy,-8.3075532913208
11930,train/episode_length_steps,1015.0306813839508
11930,train/fps,58527.44308815195
11940,train/reward,1.3577889204025269
11940,train/actor_loss,0.016913149505853653
11940,train/critic_loss,0.18305706977844238
11940,train/entropy,-8.268771171569824
11940,train/episode_length_steps,878.9046993506491
11940,train/fps,58539.23133861943
11950,train/reward,1.3596346378326416
11950,train/actor_loss,0.01579686813056469
11950,train/critic_loss,0.16888512670993805
11950,train/entropy,-8.256242752075195
11950,train/episode_length_steps,884.8379899660755
11950,train/fps,58553.64220462959
11960,train/reward,1.358445644378662
11960,train/actor_loss,0.019068405032157898
11960,train/critic_loss,0.18457064032554626
11960,train/entropy,-8.286087036132812
11960,train/episode_length_steps,1047.4776400860692
11960,train/fps,58565.6417257239
11970,train/reward,1.363708257675171
11970,train/actor_loss,0.017508162185549736
11970,train/critic_loss,0.1795922964811325
11970,train/entropy,-8.294083595275879
11970,train/episode_length_steps,1055.9161206631647
11970,train/fps,58579.950938309434
11980,train/reward,1.3611772060394287
11980,train/actor_loss,0.0164068304002285
11980,train/critic_loss,0.24943481385707855
11980,train/entropy,-8.295944213867188
11980,train/episode_length_steps,962.8367577976614
11980,train/fps,58591.95021994737
11990,train/reward,1.3584694862365723
11990,train/actor_loss,0.016139766201376915
11990,train/critic_loss,0.32364627718925476
11990,train/entropy,-8.285847663879395
11990,train/episode_length_steps,861.5728416085835
11990,train/fps,58606.18056008987
12000,train/reward,1.361616611480713
12000,train/actor_loss,0.0161857008934021
12000,train/critic_loss,0.33762821555137634
12000,train/entropy,-8.263894081115723
12000,train/episode_length_steps,999.549519430452
12000,train/fps,58618.21527285612
12000,eval/med_figure8_normal,0.12933962047100067
12010,train/reward,1.3580455780029297
12010,train/actor_loss,0.01549482624977827
12010,train/critic_loss,0.267871230840683
12010,train/entropy,-8.2762451171875
12010,train/episode_length_steps,909.3944711658012
12010,train/fps,57271.26030412956
12020,train/reward,1.357055902481079
12020,train/actor_loss,0.021222641691565514
12020,train/critic_loss,0.18666359782218933
12020,train/entropy,-8.27570629119873
12020,train/episode_length_steps,828.8820049231059
12020,train/fps,57286.472095457604
12030,train/reward,1.3638192415237427
12030,train/actor_loss,0.015799950808286667
12030,train/critic_loss,0.1764688789844513
12030,train/entropy,-8.253920555114746
12030,train/episode_length_steps,935.352867349791
12030,train/fps,57299.26693698844
12040,train/reward,1.3558926582336426
12040,train/actor_loss,0.014219574630260468
12040,train/critic_loss,0.17629793286323547
12040,train/entropy,-8.259989738464355
12040,train/episode_length_steps,861.5728416085835
12040,train/fps,57314.34268180324
12050,train/reward,1.3595339059829712
12050,train/actor_loss,0.01321160327643156
12050,train/critic_loss,0.20734146237373352
12050,train/entropy,-8.2810697555542
12050,train/episode_length_steps,955.8154697427
12050,train/fps,57327.18051545075
12060,train/reward,1.36030912399292
12060,train/actor_loss,0.0177918653935194
12060,train/critic_loss,0.169188991189003
12060,train/entropy,-8.267027854919434
12060,train/episode_length_steps,1039.1729644539928
12060,train/fps,57342.703920869426
12070,train/reward,1.3587429523468018
12070,train/actor_loss,0.016382567584514618
12070,train/critic_loss,0.32207995653152466
12070,train/entropy,-8.301228523254395
12070,train/episode_length_steps,948.8958429280851
12070,train/fps,57355.800763627914
12080,train/reward,1.3589508533477783
12080,train/actor_loss,0.01443964522331953
12080,train/critic_loss,0.25786638259887695
12080,train/entropy,-8.287562370300293
12080,train/episode_length_steps,861.5728416085835
12080,train/fps,57368.71321899339
12090,train/reward,1.363611102104187
12090,train/actor_loss,0.016730502247810364
12090,train/critic_loss,0.11707865446805954
12090,train/entropy,-8.262986183166504
12090,train/episode_length_steps,969.9619640403653
12090,train/fps,57384.01939969993
12100,train/reward,1.3605509996414185
12100,train/actor_loss,0.022101672366261482
12100,train/critic_loss,0.20590949058532715
12100,train/entropy,-8.2529935836792
12100,train/episode_length_steps,955.8154697427
12100,train/fps,57396.68114079854
12110,train/reward,1.3597419261932373
12110,train/actor_loss,0.013213502243161201
12110,train/critic_loss,0.17654307186603546
12110,train/entropy,-8.231853485107422
12110,train/episode_length_steps,935.352867349791
12110,train/fps,57411.916053979905
12120,train/reward,1.363858938217163
12120,train/actor_loss,0.016552340239286423
12120,train/critic_loss,0.25322267413139343
12120,train/entropy,-8.202422142028809
12120,train/episode_length_steps,1212.1585181362116
12120,train/fps,57424.127000024615
12130,train/reward,1.3594659566879272
12130,train/actor_loss,0.014994502067565918
12130,train/critic_loss,0.3934355676174164
12130,train/entropy,-8.151993751525879
12130,train/episode_length_steps,984.5334979350276
12130,train/fps,57439.5169326684
12140,train/reward,1.360426425933838
12140,train/actor_loss,0.01498220581561327
12140,train/critic_loss,0.23665252327919006
12140,train/entropy,-8.153465270996094
12140,train/episode_length_steps,922.191032232558
12140,train/fps,57451.51066507638
12150,train/reward,1.3563026189804077
12150,train/actor_loss,0.016849255189299583
12150,train/critic_loss,0.3894057869911194
12150,train/entropy,-8.134696006774902
12150,train/episode_length_steps,984.5334979350276
12150,train/fps,57466.830007545235
12160,train/reward,1.356064796447754
12160,train/actor_loss,0.024252211675047874
12160,train/critic_loss,0.33722686767578125
12160,train/entropy,-8.069490432739258
12160,train/episode_length_steps,818.5294606658226
12160,train/fps,57478.66655994448
12170,train/reward,1.3524596691131592
12170,train/actor_loss,0.014755073003470898
12170,train/critic_loss,0.3712177276611328
12170,train/entropy,-8.030519485473633
12170,train/episode_length_steps,867.2736735434524
12170,train/fps,57493.82861443031
12180,train/reward,1.3559390306472778
12180,train/actor_loss,0.017414594069123268
12180,train/critic_loss,0.5078508257865906
12180,train/entropy,-7.987817287445068
12180,train/episode_length_steps,942.0756852933614
12180,train/fps,57505.900027872674
12190,train/reward,1.3567107915878296
12190,train/actor_loss,0.022046266123652458
12190,train/critic_loss,0.4001845419406891
12190,train/entropy,-7.879071235656738
12190,train/episode_length_steps,942.0756852933614
12190,train/fps,57520.464258132895
12200,train/reward,1.3513894081115723
12200,train/actor_loss,0.021410508081316948
12200,train/critic_loss,0.370004266500473
12200,train/entropy,-7.8397417068481445
12200,train/episode_length_steps,813.4495623538085
12200,train/fps,57532.62880827791
12210,train/reward,1.3586798906326294
12210,train/actor_loss,0.020021164789795876
12210,train/critic_loss,0.3200027346611023
12210,train/entropy,-7.794042110443115
12210,train/episode_length_steps,855.9464665668899
12210,train/fps,57547.134101183416
12220,train/reward,1.36223566532135
12220,train/actor_loss,0.015408131293952465
12220,train/critic_loss,0.133931502699852
12220,train/entropy,-7.766217231750488
12220,train/episode_length_steps,861.5728416085835
12220,train/fps,57559.24683087974
12230,train/reward,1.3561971187591553
12230,train/actor_loss,0.013982403092086315
12230,train/critic_loss,0.1505725234746933
12230,train/entropy,-7.739295482635498
12230,train/episode_length_steps,855.9464665668899
12230,train/fps,57571.120556791815
12240,train/reward,1.3561382293701172
12240,train/actor_loss,0.015615186654031277
12240,train/critic_loss,0.2213776856660843
12240,train/entropy,-7.802302837371826
12240,train/episode_length_steps,896.9481863514969
12240,train/fps,57585.137211095534
12250,train/reward,1.3598228693008423
12250,train/actor_loss,0.016666928306221962
12250,train/critic_loss,0.12943165004253387
12250,train/entropy,-7.8026123046875
12250,train/episode_length_steps,855.9464665668899
12250,train/fps,57597.38826822545
12260,train/reward,1.357338309288025
12260,train/actor_loss,0.01771407760679722
12260,train/critic_loss,0.21662819385528564
12260,train/entropy,-7.804734230041504
12260,train/episode_length_steps,774.9729156804493
12260,train/fps,57611.81181003521
12270,train/reward,1.35536527633667
12270,train/actor_loss,0.020607322454452515
12270,train/critic_loss,0.2616806626319885
12270,train/entropy,-7.766080379486084
12270,train/episode_length_steps,752.7203416056614
12270,train/fps,57623.861832084905
12280,train/reward,1.3613085746765137
12280,train/actor_loss,0.01591043546795845
12280,train/critic_loss,0.19842194020748138
12280,train/entropy,-7.754775524139404
12280,train/episode_length_steps,850.393099192874
12280,train/fps,57638.20830109049
12290,train/reward,1.3567134141921997
12290,train/actor_loss,0.021009644493460655
12290,train/critic_loss,0.27074524760246277
12290,train/entropy,-7.723919868469238
12290,train/episode_length_steps,779.5822535408565
12290,train/fps,57650.36312324102
12300,train/reward,1.3548660278320312
12300,train/actor_loss,0.013855837285518646
12300,train/critic_loss,0.09701144695281982
12300,train/entropy,-7.678783416748047
12300,train/episode_length_steps,798.5812704616955
12300,train/fps,57664.70187900429
12310,train/reward,1.3616857528686523
12310,train/actor_loss,0.019114462658762932
12310,train/critic_loss,0.05895712971687317
12310,train/entropy,-7.7567033767700195
12310,train/episode_length_steps,922.191032232558
12310,train/fps,57676.69748788436
12320,train/reward,1.3581771850585938
12320,train/actor_loss,0.018411660566926003
12320,train/critic_loss,0.09856176376342773
12320,train/entropy,-7.855985164642334
12320,train/episode_length_steps,813.4495623538085
12320,train/fps,57690.93603513511
12330,train/reward,1.3550469875335693
12330,train/actor_loss,0.017315298318862915
12330,train/critic_loss,0.07627914845943451
12330,train/entropy,-7.933251857757568
12330,train/episode_length_steps,638.9670697962325
12330,train/fps,57702.893274274415
12340,train/reward,1.3630149364471436
12340,train/actor_loss,0.022142862901091576
12340,train/critic_loss,0.06522267311811447
12340,train/entropy,-8.036425590515137
12340,train/episode_length_steps,839.499776188048
12340,train/fps,57717.000873402285
12350,train/reward,1.363581895828247
12350,train/actor_loss,0.01371300220489502
12350,train/critic_loss,0.12259639799594879
12350,train/entropy,-8.135604858398438
12350,train/episode_length_steps,850.393099192874
12350,train/fps,57728.83928085083
12360,train/reward,1.3590483665466309
12360,train/actor_loss,0.01330412644892931
12360,train/critic_loss,0.07440871000289917
12360,train/entropy,-8.196375846862793
12360,train/episode_length_steps,803.4766056095065
12360,train/fps,57742.97556790827
12370,train/reward,1.3658099174499512
12370,train/actor_loss,0.01243695430457592
12370,train/critic_loss,0.048850320279598236
12370,train/entropy,-8.2730131149292
12370,train/episode_length_steps,922.191032232558
12370,train/fps,57754.740713115425
12380,train/reward,1.364009141921997
12380,train/actor_loss,0.014338023960590363
12380,train/critic_loss,0.04858461767435074
12380,train/entropy,-8.382241249084473
12380,train/episode_length_steps,867.2736735434524
12380,train/fps,57766.53202199051
12390,train/reward,1.3576791286468506
12390,train/actor_loss,0.014542940072715282
12390,train/critic_loss,0.11145061254501343
12390,train/entropy,-8.394031524658203
12390,train/episode_length_steps,798.5812704616955
12390,train/fps,57780.58030164775
12400,train/reward,1.3649249076843262
12400,train/actor_loss,0.016948755830526352
12400,train/critic_loss,0.06592697650194168
12400,train/entropy,-8.4227876663208
12400,train/episode_length_steps,1015.0306813839508
12400,train/fps,57792.42592398561
12410,train/reward,1.3599004745483398
12410,train/actor_loss,0.017976129427552223
12410,train/critic_loss,0.16695252060890198
12410,train/entropy,-8.40893840789795
12410,train/episode_length_steps,977.1934127239363
12410,train/fps,57806.25223687921
12420,train/reward,1.3583605289459229
12420,train/actor_loss,0.019314849749207497
12420,train/critic_loss,0.5363025069236755
12420,train/entropy,-8.315220832824707
12420,train/episode_length_steps,744.1730667488358
12420,train/fps,57817.80524400747
12430,train/reward,1.3601106405258179
12430,train/actor_loss,0.01815132610499859
12430,train/critic_loss,0.2896917760372162
12430,train/entropy,-8.249297142028809
12430,train/episode_length_steps,867.2736735434524
12430,train/fps,57831.4527922519
12440,train/reward,1.3578758239746094
12440,train/actor_loss,0.019746234640479088
12440,train/critic_loss,0.3530716598033905
12440,train/entropy,-8.196690559387207
12440,train/episode_length_steps,909.3944711658012
12440,train/fps,57842.66902793012
12450,train/reward,1.3540582656860352
12450,train/actor_loss,0.018591945990920067
12450,train/critic_loss,0.2289399355649948
12450,train/entropy,-8.109297752380371
12450,train/episode_length_steps,873.0504502092679
12450,train/fps,57856.35947385423
12460,train/reward,1.3498104810714722
12460,train/actor_loss,0.017124246805906296
12460,train/critic_loss,0.18422558903694153
12460,train/entropy,-8.063224792480469
12460,train/episode_length_steps,735.817724153145
12460,train/fps,57867.746460308685
12470,train/reward,1.3593602180480957
12470,train/actor_loss,0.018845105543732643
12470,train/critic_loss,0.13465343415737152
12470,train/entropy,-8.077486991882324
12470,train/episode_length_steps,731.7100184606722
12470,train/fps,57881.61013187166
12480,train/reward,1.3565514087677002
12480,train/actor_loss,0.016342317685484886
12480,train/critic_loss,0.16143923997879028
12480,train/entropy,-8.04923152923584
12480,train/episode_length_steps,878.9046993506491
12480,train/fps,57893.36452424932
12490,train/reward,1.3503799438476562
12490,train/actor_loss,0.014446300454437733
12490,train/critic_loss,0.15131691098213196
12490,train/entropy,-8.037615776062012
12490,train/episode_length_steps,707.995684268495
12490,train/fps,57907.27717937726
12500,train/reward,1.3561041355133057
12500,train/actor_loss,0.014739440754055977
12500,train/critic_loss,0.14485947787761688
12500,train/entropy,-8.05266284942627
12500,train/episode_length_steps,850.393099192874
12500,train/fps,57918.847950181014
12510,train/reward,1.3622024059295654
12510,train/actor_loss,0.02508590929210186
12510,train/critic_loss,0.2949865162372589
12510,train/entropy,-8.082008361816406
12510,train/episode_length_steps,774.9729156804493
12510,train/fps,57931.98909106985
12520,train/reward,1.3527734279632568
12520,train/actor_loss,0.01494734175503254
12520,train/critic_loss,0.17347371578216553
12520,train/entropy,-8.019816398620605
12520,train/episode_length_steps,682.2009508175753
12520,train/fps,57943.51086075506
12530,train/reward,1.3621492385864258
12530,train/actor_loss,0.023329315707087517
12530,train/critic_loss,0.12194304913282394
12530,train/entropy,-7.982575416564941
12530,train/episode_length_steps,850.393099192874
12530,train/fps,57955.0150737163
12540,train/reward,1.3536944389343262
12540,train/actor_loss,0.021772457286715508
12540,train/critic_loss,0.12253101170063019
12540,train/entropy,-7.9647088050842285
12540,train/episode_length_steps,861.5728416085835
12540,train/fps,57968.64579003915
12550,train/reward,1.3487955331802368
12550,train/actor_loss,0.01621643267571926
12550,train/critic_loss,0.14661571383476257
12550,train/entropy,-7.967836856842041
12550,train/episode_length_steps,735.817724153145
12550,train/fps,57979.998628770154
12560,train/reward,1.3560782670974731
12560,train/actor_loss,0.02102814055979252
12560,train/critic_loss,0.15612517297267914
12560,train/entropy,-7.9920573234558105
12560,train/episode_length_steps,909.3944711658012
12560,train/fps,57993.624637093446
12570,train/reward,1.3497490882873535
12570,train/actor_loss,0.019374536350369453
12570,train/critic_loss,0.14249275624752045
12570,train/entropy,-7.961911201477051
12570,train/episode_length_steps,744.1730667488358
12570,train/fps,58004.96220071326
12580,train/reward,1.3551278114318848
12580,train/actor_loss,0.020337974652647972
12580,train/critic_loss,0.12888629734516144
12580,train/entropy,-7.959746837615967
12580,train/episode_length_steps,744.1730667488358
12580,train/fps,58018.54489333478
12590,train/reward,1.3556840419769287
12590,train/actor_loss,0.01493073906749487
12590,train/critic_loss,0.10932840406894684
12590,train/entropy,-7.994983196258545
12590,train/episode_length_steps,884.8379899660755
12590,train/fps,58029.79461504716
12600,train/reward,1.353403091430664
12600,train/actor_loss,0.022127125412225723
12600,train/critic_loss,0.3063332438468933
12600,train/entropy,-8.018119812011719
12600,train/episode_length_steps,813.4495623538085
12600,train/fps,58043.364238288465
12610,train/reward,1.3516275882720947
12610,train/actor_loss,0.013221653178334236
12610,train/critic_loss,0.23346281051635742
12610,train/entropy,-8.008865356445312
12610,train/episode_length_steps,873.0504502092679
12610,train/fps,58054.6307201317
12620,train/reward,1.3494937419891357
12620,train/actor_loss,0.02871694043278694
12620,train/critic_loss,0.3760703504085541
12620,train/entropy,-7.9502854347229
12620,train/episode_length_steps,890.8519337098286
12620,train/fps,58068.06435395983
12630,train/reward,1.3510910272598267
12630,train/actor_loss,0.016680626198649406
12630,train/critic_loss,0.25569453835487366
12630,train/entropy,-7.907843112945557
12630,train/episode_length_steps,884.8379899660755
12630,train/fps,58079.15334781329
12640,train/reward,1.3527131080627441
12640,train/actor_loss,0.01989547535777092
12640,train/critic_loss,0.20493336021900177
12640,train/entropy,-7.929179668426514
12640,train/episode_length_steps,1082.0675309469727
12640,train/fps,58092.40938403654
12650,train/reward,1.3490856885910034
12650,train/actor_loss,0.01536345761269331
12650,train/critic_loss,0.3068716526031494
12650,train/entropy,-7.928549289703369
12650,train/episode_length_steps,765.9158472401787
12650,train/fps,58102.94309184051
12660,train/reward,1.3565925359725952
12660,train/actor_loss,0.016373738646507263
12660,train/critic_loss,0.2139865607023239
12660,train/entropy,-7.891385078430176
12660,train/episode_length_steps,903.12844929582
12660,train/fps,58114.208910962894
12670,train/reward,1.3554672002792358
12670,train/actor_loss,0.012591450475156307
12670,train/critic_loss,0.48250117897987366
12670,train/entropy,-7.869947910308838
12670,train/episode_length_steps,803.4766056095065
12670,train/fps,58127.52068794617
12680,train/reward,1.355420470237732
12680,train/actor_loss,0.013500581495463848
12680,train/critic_loss,0.4615016579627991
12680,train/entropy,-7.823541164398193
12680,train/episode_length_steps,969.9619640403653
12680,train/fps,58138.60728550358
12690,train/reward,1.3580458164215088
12690,train/actor_loss,0.01563332974910736
12690,train/critic_loss,0.3101918399333954
12690,train/entropy,-7.791652679443359
12690,train/episode_length_steps,1007.2306174500739
12690,train/fps,58151.934966885805
12700,train/reward,1.3535454273223877
12700,train/actor_loss,0.016766516491770744
12700,train/critic_loss,0.5798450112342834
12700,train/entropy,-7.761395454406738
12700,train/episode_length_steps,955.8154697427
12700,train/fps,58162.97279100172
12710,train/reward,1.3494789600372314
12710,train/actor_loss,0.013565932400524616
12710,train/critic_loss,0.6726400852203369
12710,train/entropy,-7.723653316497803
12710,train/episode_length_steps,678.6686297686992
12710,train/fps,58176.44891410731
12720,train/reward,1.354508638381958
12720,train/actor_loss,0.012434649281203747
12720,train/critic_loss,0.9105615615844727
12720,train/entropy,-7.660617351531982
12720,train/episode_length_steps,867.2736735434524
12720,train/fps,58187.2276096218
12730,train/reward,1.3546345233917236
12730,train/actor_loss,0.01647745445370674
12730,train/critic_loss,0.21317580342292786
12730,train/entropy,-7.662347316741943
12730,train/episode_length_steps,770.4177635464497
12730,train/fps,58200.998253282225
12740,train/reward,1.3550162315368652
12740,train/actor_loss,0.011669480241835117
12740,train/critic_loss,0.48411592841148376
12740,train/entropy,-7.649575233459473
12740,train/episode_length_steps,735.817724153145
12740,train/fps,58211.61857918326
12750,train/reward,1.3567993640899658
12750,train/actor_loss,0.0177355594933033
12750,train/critic_loss,0.4040474593639374
12750,train/entropy,-7.630809783935547
12750,train/episode_length_steps,962.8367577976614
12750,train/fps,58225.459825008606
12760,train/reward,1.3525102138519287
12760,train/actor_loss,0.015502645634114742
12760,train/critic_loss,0.47414276003837585
12760,train/entropy,-7.587159633636475
12760,train/episode_length_steps,850.393099192874
12760,train/fps,58235.94708305659
12770,train/reward,1.3579539060592651
12770,train/actor_loss,0.01096599642187357
12770,train/critic_loss,0.5510134100914001
12770,train/entropy,-7.583456516265869
12770,train/episode_length_steps,955.8154697427
12770,train/fps,58249.83798448573
12780,train/reward,1.3534348011016846
12780,train/actor_loss,0.012008574791252613
12780,train/critic_loss,0.375984787940979
12780,train/entropy,-7.493237495422363
12780,train/episode_length_steps,942.0756852933614
12780,train/fps,58260.26318851127
12790,train/reward,1.3551194667816162
12790,train/actor_loss,0.0183287113904953
12790,train/critic_loss,0.34636321663856506
12790,train/entropy,-7.4673380851745605
12790,train/episode_length_steps,803.4766056095065
12790,train/fps,58273.780967147955
12800,train/reward,1.3542251586914062
12800,train/actor_loss,0.013228860683739185
12800,train/critic_loss,0.6212438344955444
12800,train/entropy,-7.429778575897217
12800,train/episode_length_steps,890.8519337098286
12800,train/fps,58284.825684031915
12810,train/reward,1.3533885478973389
12810,train/actor_loss,0.011523541994392872
12810,train/critic_loss,0.4274650514125824
12810,train/entropy,-7.407683849334717
12810,train/episode_length_steps,844.9113276288067
12810,train/fps,58295.384425142925
12820,train/reward,1.3563826084136963
12820,train/actor_loss,0.012040354311466217
12820,train/critic_loss,0.5088391304016113
12820,train/entropy,-7.369972229003906
12820,train/episode_length_steps,1007.2306174500739
12820,train/fps,58308.70575121211
12830,train/reward,1.3544585704803467
12830,train/actor_loss,0.015480962581932545
12830,train/critic_loss,0.4121604561805725
12830,train/entropy,-7.330969333648682
12830,train/episode_length_steps,850.393099192874
12830,train/fps,58319.119594522446
12840,train/reward,1.3553818464279175
12840,train/actor_loss,0.012317425571382046
12840,train/critic_loss,0.4052838981151581
12840,train/entropy,-7.30487585067749
12840,train/episode_length_steps,855.9464665668899
12840,train/fps,58332.32737921106
12850,train/reward,1.358224630355835
12850,train/actor_loss,0.01216964889317751
12850,train/critic_loss,0.26606160402297974
12850,train/entropy,-7.312935829162598
12850,train/episode_length_steps,955.8154697427
12850,train/fps,58342.34102425793
12860,train/reward,1.3602964878082275
12860,train/actor_loss,0.013568073511123657
12860,train/critic_loss,0.3142143785953522
12860,train/entropy,-7.316722869873047
12860,train/episode_length_steps,1039.1729644539928
12860,train/fps,58355.58073194858
12870,train/reward,1.3612548112869263
12870,train/actor_loss,0.022675180807709694
12870,train/critic_loss,0.2709421217441559
12870,train/entropy,-7.342643737792969
12870,train/episode_length_steps,935.352867349791
12870,train/fps,58365.91415507776
12880,train/reward,1.361404299736023
12880,train/actor_loss,0.013525414280593395
12880,train/critic_loss,0.26646390557289124
12880,train/entropy,-7.332115173339844
12880,train/episode_length_steps,999.549519430452
12880,train/fps,58379.04718964209
12890,train/reward,1.3559343814849854
12890,train/actor_loss,0.018231350928544998
12890,train/critic_loss,0.3218398988246918
12890,train/entropy,-7.34755802154541
12890,train/episode_length_steps,1039.1729644539928
12890,train/fps,58389.58627662347
12900,train/reward,1.357304573059082
12900,train/actor_loss,0.010126742534339428
12900,train/critic_loss,0.51002037525177
12900,train/entropy,-7.3639397621154785
12900,train/episode_length_steps,909.3944711658012
12900,train/fps,58402.59484380873
12910,train/reward,1.3585901260375977
12910,train/actor_loss,0.017277302220463753
12910,train/critic_loss,0.317513644695282
12910,train/entropy,-7.350279331207275
12910,train/episode_length_steps,955.8154697427
12910,train/fps,58412.97403790634
12920,train/reward,1.357999324798584
12920,train/actor_loss,0.01354640256613493
12920,train/critic_loss,0.3589508533477783
12920,train/entropy,-7.327099800109863
12920,train/episode_length_steps,828.8820049231059
12920,train/fps,58425.859987271375
12930,train/reward,1.354653239250183
12930,train/actor_loss,0.012097415514290333
12930,train/critic_loss,0.6202076077461243
12930,train/entropy,-7.284425258636475
12930,train/episode_length_steps,915.7480494521833
12930,train/fps,58436.746608220994
12940,train/reward,1.3566168546676636
12940,train/actor_loss,0.00896298699080944
12940,train/critic_loss,0.37095949053764343
12940,train/entropy,-7.274087429046631
12940,train/episode_length_steps,962.8367577976614
12940,train/fps,58447.505480650674
12950,train/reward,1.3578674793243408
12950,train/actor_loss,0.012568739242851734
12950,train/critic_loss,0.47144776582717896
12950,train/entropy,-7.265233516693115
12950,train/episode_length_steps,1148.4339689720955
12950,train/fps,58460.271158216325
12960,train/reward,1.3511488437652588
12960,train/actor_loss,0.014065961353480816
12960,train/critic_loss,0.5549704432487488
12960,train/entropy,-7.243889808654785
12960,train/episode_length_steps,788.9674003909396
12960,train/fps,58470.94339733734
12970,train/reward,1.3562188148498535
12970,train/actor_loss,0.014796308241784573
12970,train/critic_loss,0.8675116896629333
12970,train/entropy,-7.1993608474731445
12970,train/episode_length_steps,844.9113276288067
12970,train/fps,58483.9055408712
12980,train/reward,1.3581984043121338
12980,train/actor_loss,0.011143922805786133
12980,train/critic_loss,0.5066995620727539
12980,train/entropy,-7.219768047332764
12980,train/episode_length_steps,1055.9161206631647
12980,train/fps,58494.39544911119
12990,train/reward,1.3554508686065674
12990,train/actor_loss,0.01306257862597704
12990,train/critic_loss,0.5466257929801941
12990,train/entropy,-7.201504707336426
12990,train/episode_length_steps,839.499776188048
12990,train/fps,58507.20505295491
13000,train/reward,1.3594274520874023
13000,train/actor_loss,0.011332455091178417
13000,train/critic_loss,0.3926226794719696
13000,train/entropy,-7.240521430969238
13000,train/episode_length_steps,984.5334979350276
13000,train/fps,58517.92107498418
13000,eval/med_figure8_normal,0.22816897928714752
13010,train/reward,1.3555079698562622
13010,train/actor_loss,0.012853982858359814
13010,train/critic_loss,0.3344115614891052
13010,train/entropy,-7.228740692138672
13010,train/episode_length_steps,884.8379899660755
13010,train/fps,57300.3637279537
13020,train/reward,1.3521702289581299
13020,train/actor_loss,0.017496304586529732
13020,train/critic_loss,0.35103508830070496
13020,train/entropy,-7.2500529289245605
13020,train/episode_length_steps,903.12844929582
13020,train/fps,57314.35589446977
13030,train/reward,1.3571665287017822
13030,train/actor_loss,0.02052987553179264
13030,train/critic_loss,0.2585350573062897
13030,train/entropy,-7.239219665527344
13030,train/episode_length_steps,839.499776188048
13030,train/fps,57326.191975431124
13040,train/reward,1.362544059753418
13040,train/actor_loss,0.01158098317682743
13040,train/critic_loss,0.14069342613220215
13040,train/entropy,-7.314370632171631
13040,train/episode_length_steps,735.817724153145
13040,train/fps,57340.10712727801
13050,train/reward,1.3627744913101196
13050,train/actor_loss,0.009287254884839058
13050,train/critic_loss,0.08824730664491653
13050,train/entropy,-7.426968574523926
13050,train/episode_length_steps,935.352867349791
13050,train/fps,57351.77029552055
13060,train/reward,1.3629372119903564
13060,train/actor_loss,0.015307324007153511
13060,train/critic_loss,0.0594809465110302
13060,train/entropy,-7.533786773681641
13060,train/episode_length_steps,788.9674003909396
13060,train/fps,57366.019247303884
13070,train/reward,1.366023302078247
13070,train/actor_loss,0.01242912095040083
13070,train/critic_loss,0.046687882393598557
13070,train/entropy,-7.660220623016357
13070,train/episode_length_steps,839.499776188048
13070,train/fps,57377.700925597564
13080,train/reward,1.3658567667007446
13080,train/actor_loss,0.012286155484616756
13080,train/critic_loss,0.08960773050785065
13080,train/entropy,-7.764928340911865
13080,train/episode_length_steps,700.4288416623831
13080,train/fps,57391.64529240038
13090,train/reward,1.3659343719482422
13090,train/actor_loss,0.012926331721246243
13090,train/critic_loss,0.061709631234407425
13090,train/entropy,-7.870206356048584
13090,train/episode_length_steps,735.817724153145
13090,train/fps,57403.22324390824
13100,train/reward,1.3646860122680664
13100,train/actor_loss,0.009893517009913921
13100,train/critic_loss,0.08251392096281052
13100,train/entropy,-7.968474864959717
13100,train/episode_length_steps,635.8672602255715
13100,train/fps,57417.238390367034
13110,train/reward,1.3658900260925293
13110,train/actor_loss,0.016213642433285713
13110,train/critic_loss,0.0646689161658287
13110,train/entropy,-8.041487693786621
13110,train/episode_length_steps,788.9674003909396
13110,train/fps,57428.45663634345
13120,train/reward,1.363709568977356
13120,train/actor_loss,0.011522319167852402
13120,train/critic_loss,0.06024296209216118
13120,train/entropy,-8.131102561950684
13120,train/episode_length_steps,744.1730667488358
13120,train/fps,57442.089276475606
13130,train/reward,1.3657760620117188
13130,train/actor_loss,0.012691305950284004
13130,train/critic_loss,0.042926330119371414
13130,train/entropy,-8.213777542114258
13130,train/episode_length_steps,873.0504502092679
13130,train/fps,57453.285255702714
13140,train/reward,1.365898609161377
13140,train/actor_loss,0.01333615928888321
13140,train/critic_loss,0.04602997750043869
13140,train/entropy,-8.320269584655762
13140,train/episode_length_steps,788.9674003909396
13140,train/fps,57466.74057225496
13150,train/reward,1.3684237003326416
13150,train/actor_loss,0.010664856992661953
13150,train/critic_loss,0.09875693172216415
13150,train/entropy,-8.44707202911377
13150,train/episode_length_steps,834.1571042040623
13150,train/fps,57477.81159729888
13160,train/reward,1.3676949739456177
13160,train/actor_loss,0.017265193164348602
13160,train/critic_loss,0.07281479984521866
13160,train/entropy,-8.528541564941406
13160,train/episode_length_steps,671.7126014661571
13160,train/fps,57491.2316509981
13170,train/reward,1.369508147239685
13170,train/actor_loss,0.012265631929039955
13170,train/critic_loss,0.042436886578798294
13170,train/entropy,-8.629199028015137
13170,train/episode_length_steps,779.5822535408565
13170,train/fps,57502.109359757516
13180,train/reward,1.36358642578125
13180,train/actor_loss,0.021181846037507057
13180,train/critic_loss,0.03426202014088631
13180,train/entropy,-8.699429512023926
13180,train/episode_length_steps,884.8379899660755
13180,train/fps,57513.00449969815
13190,train/reward,1.367962121963501
13190,train/actor_loss,0.014133422635495663
13190,train/critic_loss,0.08308777958154678
13190,train/entropy,-8.767695426940918
13190,train/episode_length_steps,850.393099192874
13190,train/fps,57526.116348195515
13200,train/reward,1.370162010192871
13200,train/actor_loss,0.014205627143383026
13200,train/critic_loss,0.062262583523988724
13200,train/entropy,-8.798297882080078
13200,train/episode_length_steps,1055.9161206631647
13200,train/fps,57536.84654942324
13210,train/reward,1.3657915592193604
13210,train/actor_loss,0.01686282269656658
13210,train/critic_loss,0.049589015543460846
13210,train/entropy,-8.830893516540527
13210,train/episode_length_steps,668.2877866491242
13210,train/fps,57550.29285981357
13220,train/reward,1.3703360557556152
13220,train/actor_loss,0.016456959769129753
13220,train/critic_loss,0.041677024215459824
13220,train/entropy,-8.902983665466309
13220,train/episode_length_steps,784.2467497605712
13220,train/fps,57560.84106474373
13230,train/reward,1.3683092594146729
13230,train/actor_loss,0.017080754041671753
13230,train/critic_loss,0.0437789149582386
13230,train/entropy,-8.999621391296387
13230,train/episode_length_steps,735.817724153145
13230,train/fps,57574.459399700834
13240,train/reward,1.3681261539459229
13240,train/actor_loss,0.019693290814757347
13240,train/critic_loss,0.07492377609014511
13240,train/entropy,-9.050249099731445
13240,train/episode_length_steps,735.817724153145
13240,train/fps,57584.79949877056
13250,train/reward,1.37058424949646
13250,train/actor_loss,0.014419048093259335
13250,train/critic_loss,0.1001308336853981
13250,train/entropy,-9.068096160888672
13250,train/episode_length_steps,719.6575442107978
13250,train/fps,57598.308727388794
13260,train/reward,1.3696725368499756
13260,train/actor_loss,0.017160268500447273
13260,train/critic_loss,0.0693259909749031
13260,train/entropy,-9.060440063476562
13260,train/episode_length_steps,671.7126014661571
13260,train/fps,57608.875085854386
13270,train/reward,1.3694870471954346
13270,train/actor_loss,0.019505996257066727
13270,train/critic_loss,0.10205743461847305
13270,train/entropy,-9.109500885009766
13270,train/episode_length_steps,715.7278039632729
13270,train/fps,57622.016591656546
13280,train/reward,1.3699734210968018
13280,train/actor_loss,0.01653185673058033
13280,train/critic_loss,0.032024383544921875
13280,train/entropy,-9.130610466003418
13280,train/episode_length_steps,909.3944711658012
13280,train/fps,57632.66225074011
13290,train/reward,1.3721287250518799
13290,train/actor_loss,0.021122289821505547
13290,train/critic_loss,0.07124350965023041
13290,train/entropy,-9.209782600402832
13290,train/episode_length_steps,1007.2306174500739
13290,train/fps,57645.77625067871
13300,train/reward,1.3655507564544678
13300,train/actor_loss,0.017848646268248558
13300,train/critic_loss,0.05093442276120186
13300,train/entropy,-9.151898384094238
13300,train/episode_length_steps,744.1730667488358
13300,train/fps,57656.398652605436
13310,train/reward,1.3679978847503662
13310,train/actor_loss,0.020322497934103012
13310,train/critic_loss,0.05576945096254349
13310,train/entropy,-9.191055297851562
13310,train/episode_length_steps,723.6306755806095
13310,train/fps,57669.36340799654
13320,train/reward,1.3701844215393066
13320,train/actor_loss,0.01545840222388506
13320,train/critic_loss,0.06613029539585114
13320,train/entropy,-9.16429615020752
13320,train/episode_length_steps,727.6479207318547
13320,train/fps,57679.883665053945
13330,train/reward,1.3708902597427368
13330,train/actor_loss,0.013251003809273243
13330,train/critic_loss,0.04061979800462723
13330,train/entropy,-9.211204528808594
13330,train/episode_length_steps,813.4495623538085
13330,train/fps,57690.628991046855
13340,train/reward,1.3707656860351562
13340,train/actor_loss,0.02501099370419979
13340,train/critic_loss,0.038084644824266434
13340,train/entropy,-9.243330955505371
13340,train/episode_length_steps,834.1571042040623
13340,train/fps,57703.682079360406
13350,train/reward,1.3709967136383057
13350,train/actor_loss,0.022466320544481277
13350,train/critic_loss,0.048537787050008774
13350,train/entropy,-9.29594898223877
13350,train/episode_length_steps,757.0680322478452
13350,train/fps,57713.99586508159
13360,train/reward,1.3705899715423584
13360,train/actor_loss,0.01805628463625908
13360,train/critic_loss,0.08439032733440399
13360,train/entropy,-9.307219505310059
13360,train/episode_length_steps,793.7452256108409
13360,train/fps,57726.95811878932
13370,train/reward,1.370115041732788
13370,train/actor_loss,0.01990324631333351
13370,train/critic_loss,0.03137321397662163
13370,train/entropy,-9.37244701385498
13370,train/episode_length_steps,711.8407478776858
13370,train/fps,57736.87013524685
13380,train/reward,1.3690249919891357
13380,train/actor_loss,0.011656682007014751
13380,train/critic_loss,0.0517844557762146
13380,train/entropy,-9.432405471801758
13380,train/episode_length_steps,696.70575204079
13380,train/fps,57749.46393598109
13390,train/reward,1.369402289390564
13390,train/actor_loss,0.024959756061434746
13390,train/critic_loss,0.07912473380565643
13390,train/entropy,-9.437975883483887
13390,train/episode_length_steps,752.7203416056614
13390,train/fps,57759.477201672424
13400,train/reward,1.3690147399902344
13400,train/actor_loss,0.015081916935741901
13400,train/critic_loss,0.03134238347411156
13400,train/entropy,-9.473241806030273
13400,train/episode_length_steps,779.5822535408565
13400,train/fps,57772.66189726608
13410,train/reward,1.3704826831817627
13410,train/actor_loss,0.022955259308218956
13410,train/critic_loss,0.038316626101732254
13410,train/entropy,-9.497815132141113
13410,train/episode_length_steps,839.499776188048
13410,train/fps,57783.15373704985
13420,train/reward,1.3725085258483887
13420,train/actor_loss,0.0200649406760931
13420,train/critic_loss,0.09499561786651611
13420,train/entropy,-9.515495300292969
13420,train/episode_length_steps,844.9113276288067
13420,train/fps,57796.115985894605
13430,train/reward,1.363776683807373
13430,train/actor_loss,0.017214087769389153
13430,train/critic_loss,0.07424119859933853
13430,train/entropy,-9.532248497009277
13430,train/episode_length_steps,609.265778213572
13430,train/fps,57806.944156591984
13440,train/reward,1.3697673082351685
13440,train/actor_loss,0.014493117108941078
13440,train/critic_loss,0.07544389367103577
13440,train/entropy,-9.564070701599121
13440,train/episode_length_steps,715.7278039632729
13440,train/fps,57819.24744210446
13450,train/reward,1.3689017295837402
13450,train/actor_loss,0.017179662361741066
13450,train/critic_loss,0.040623631328344345
13450,train/entropy,-9.584450721740723
13450,train/episode_length_steps,735.817724153145
13450,train/fps,57829.52247661131
13460,train/reward,1.3684709072113037
13460,train/actor_loss,0.02365349791944027
13460,train/critic_loss,0.048080481588840485
13460,train/entropy,-9.634535789489746
13460,train/episode_length_steps,603.6538151481149
13460,train/fps,57841.987737272
13470,train/reward,1.3694242238998413
13470,train/actor_loss,0.018963821232318878
13470,train/critic_loss,0.04737573862075806
13470,train/entropy,-9.623008728027344
13470,train/episode_length_steps,719.6575442107978
13470,train/fps,57852.462239373395
13480,train/reward,1.3697830438613892
13480,train/actor_loss,0.020757555961608887
13480,train/critic_loss,0.046143148094415665
13480,train/entropy,-9.66921615600586
13480,train/episode_length_steps,700.4288416623831
13480,train/fps,57863.076035236794
13490,train/reward,1.3679590225219727
13490,train/actor_loss,0.02353663556277752
13490,train/critic_loss,0.04393528029322624
13490,train/entropy,-9.695801734924316
13490,train/episode_length_steps,735.817724153145
13490,train/fps,57875.57030446739
13500,train/reward,1.3675117492675781
13500,train/actor_loss,0.019696641713380814
13500,train/critic_loss,0.06982868164777756
13500,train/entropy,-9.692724227905273
13500,train/episode_length_steps,700.4288416623831
13500,train/fps,57886.187826777845
13510,train/reward,1.3697712421417236
13510,train/actor_loss,0.017876053228974342
13510,train/critic_loss,0.047157224267721176
13510,train/entropy,-9.693231582641602
13510,train/episode_length_steps,715.7278039632729
13510,train/fps,57898.009366010774
13520,train/reward,1.3684935569763184
13520,train/actor_loss,0.026602094992995262
13520,train/critic_loss,0.027996227145195007
13520,train/entropy,-9.724844932556152
13520,train/episode_length_steps,623.7630577547333
13520,train/fps,57908.48139769636
13530,train/reward,1.3681745529174805
13530,train/actor_loss,0.01757047139108181
13530,train/critic_loss,0.0390884205698967
13530,train/entropy,-9.697104454040527
13530,train/episode_length_steps,645.2582498063123
13530,train/fps,57921.16657269828
13540,train/reward,1.3690223693847656
13540,train/actor_loss,0.018673967570066452
13540,train/critic_loss,0.04807890206575394
13540,train/entropy,-9.739761352539062
13540,train/episode_length_steps,715.7278039632729
13540,train/fps,57931.38071983299
13550,train/reward,1.368757963180542
13550,train/actor_loss,0.022000333294272423
13550,train/critic_loss,0.026415063068270683
13550,train/entropy,-9.756102561950684
13550,train/episode_length_steps,635.8672602255715
13550,train/fps,57943.90877355868
13560,train/reward,1.370405673980713
13560,train/actor_loss,0.018809614703059196
13560,train/critic_loss,0.027082158252596855
13560,train/entropy,-9.73862361907959
13560,train/episode_length_steps,711.8407478776858
13560,train/fps,57953.96560865536
13570,train/reward,1.3674204349517822
13570,train/actor_loss,0.021492930129170418
13570,train/critic_loss,0.0572342574596405
13570,train/entropy,-9.735721588134766
13570,train/episode_length_steps,735.817724153145
13570,train/fps,57965.94091250657
13580,train/reward,1.3712331056594849
13580,train/actor_loss,0.024813389405608177
13580,train/critic_loss,0.04441213980317116
13580,train/entropy,-9.729994773864746
13580,train/episode_length_steps,757.0680322478452
13580,train/fps,57975.71078624665
13590,train/reward,1.3688526153564453
13590,train/actor_loss,0.01812080480158329
13590,train/critic_loss,0.07620272040367126
13590,train/entropy,-9.730212211608887
13590,train/episode_length_steps,752.7203416056614
13590,train/fps,57987.783511899535
13600,train/reward,1.3699840307235718
13600,train/actor_loss,0.018111230805516243
13600,train/critic_loss,0.022368643432855606
13600,train/entropy,-9.77597713470459
13600,train/episode_length_steps,723.6306755806095
13600,train/fps,57997.927749423
13610,train/reward,1.3686705827713013
13610,train/actor_loss,0.012130934745073318
13610,train/critic_loss,0.1219540610909462
13610,train/entropy,-9.782628059387207
13610,train/episode_length_steps,765.9158472401787
13610,train/fps,58008.40656769621
13620,train/reward,1.3705682754516602
13620,train/actor_loss,0.021968379616737366
13620,train/critic_loss,0.026769528165459633
13620,train/entropy,-9.764571189880371
13620,train/episode_length_steps,707.995684268495
13620,train/fps,58020.74967778668
13630,train/reward,1.36946702003479
13630,train/actor_loss,0.022231396287679672
13630,train/critic_loss,0.030547311529517174
13630,train/entropy,-9.74001693725586
13630,train/episode_length_steps,707.995684268495
13630,train/fps,58031.075851764064
13640,train/reward,1.371597409248352
13640,train/actor_loss,0.019769374281167984
13640,train/critic_loss,0.05297623947262764
13640,train/entropy,-9.7393217086792
13640,train/episode_length_steps,704.1919363146418
13640,train/fps,58043.44467246774
13650,train/reward,1.3673944473266602
13650,train/actor_loss,0.014200489036738873
13650,train/critic_loss,0.044037289917469025
13650,train/entropy,-9.769765853881836
13650,train/episode_length_steps,765.9158472401787
13650,train/fps,58053.739969263355
13660,train/reward,1.36842679977417
13660,train/actor_loss,0.022501232102513313
13660,train/critic_loss,0.03419354557991028
13660,train/entropy,-9.813093185424805
13660,train/episode_length_steps,752.7203416056614
13660,train/fps,58066.11323966438
13670,train/reward,1.3738479614257812
13670,train/actor_loss,0.016576187685132027
13670,train/critic_loss,0.021740565076470375
13670,train/entropy,-9.841294288635254
13670,train/episode_length_steps,1007.2306174500739
13670,train/fps,58076.31762487606
13680,train/reward,1.367509365081787
13680,train/actor_loss,0.024803444743156433
13680,train/critic_loss,0.07325335592031479
13680,train/entropy,-9.877480506896973
13680,train/episode_length_steps,685.7702341563804
13680,train/fps,58088.533496692304
13690,train/reward,1.3727494478225708
13690,train/actor_loss,0.018698466941714287
13690,train/critic_loss,0.020370271056890488
13690,train/entropy,-9.912614822387695
13690,train/episode_length_steps,844.9113276288067
13690,train/fps,58098.63802877676
13700,train/reward,1.3696081638336182
13700,train/actor_loss,0.023637590929865837
13700,train/critic_loss,0.03744623064994812
13700,train/entropy,-9.908404350280762
13700,train/episode_length_steps,808.432328135103
13700,train/fps,58110.784072702176
13710,train/reward,1.367053508758545
13710,train/actor_loss,0.04907301068305969
13710,train/critic_loss,0.03899155184626579
13710,train/entropy,-9.935569763183594
13710,train/episode_length_steps,707.995684268495
13710,train/fps,58120.82045155258
13720,train/reward,1.3698397874832153
13720,train/actor_loss,0.0220673568546772
13720,train/critic_loss,0.03175467625260353
13720,train/entropy,-9.98584270477295
13720,train/episode_length_steps,803.4766056095065
13720,train/fps,58132.974330427474
13730,train/reward,1.3693268299102783
13730,train/actor_loss,0.026458218693733215
13730,train/critic_loss,0.032156337052583694
13730,train/entropy,-9.972395896911621
13730,train/episode_length_steps,678.6686297686992
13730,train/fps,58143.03158934153
13740,train/reward,1.3696892261505127
13740,train/actor_loss,0.02315276674926281
13740,train/critic_loss,0.035827964544296265
13740,train/entropy,-10.01264762878418
13740,train/episode_length_steps,727.6479207318547
13740,train/fps,58155.129857397995
13750,train/reward,1.3687132596969604
13750,train/actor_loss,0.02081434056162834
13750,train/critic_loss,0.035363342612981796
13750,train/entropy,-9.990469932556152
13750,train/episode_length_steps,664.8977184073752
13750,train/fps,58165.051313919896
13760,train/reward,1.3695950508117676
13760,train/actor_loss,0.016037581488490105
13760,train/critic_loss,0.025381727144122124
13760,train/entropy,-9.995139122009277
13760,train/episode_length_steps,798.5812704616955
13760,train/fps,58174.60752850366
13770,train/reward,1.3669476509094238
13770,train/actor_loss,0.021578440442681313
13770,train/critic_loss,0.02736416831612587
13770,train/entropy,-10.001016616821289
13770,train/episode_length_steps,645.2582498063123
13770,train/fps,58186.15896462543
13780,train/reward,1.3698031902313232
13780,train/actor_loss,0.05735467001795769
13780,train/critic_loss,0.126946359872818
13780,train/entropy,-9.941073417663574
13780,train/episode_length_steps,757.0680322478452
13780,train/fps,58195.35326883904
13790,train/reward,1.3687607049942017
13790,train/actor_loss,0.01730932854115963
13790,train/critic_loss,0.132690891623497
13790,train/entropy,-9.874302864074707
13790,train/episode_length_steps,765.9158472401787
13790,train/fps,58207.135267937134
13800,train/reward,1.3688480854034424
13800,train/actor_loss,0.021513259038329124
13800,train/critic_loss,0.041924670338630676
13800,train/entropy,-9.82016658782959
13800,train/episode_length_steps,884.8379899660755
13800,train/fps,58216.45752181963
13810,train/reward,1.367279052734375
13810,train/actor_loss,0.01979183964431286
13810,train/critic_loss,0.024663617834448814
13810,train/entropy,-9.68298053741455
13810,train/episode_length_steps,803.4766056095065
13810,train/fps,58228.67124455165
13820,train/reward,1.3678147792816162
13820,train/actor_loss,0.019363725557923317
13820,train/critic_loss,0.07407708466053009
13820,train/entropy,-9.603656768798828
13820,train/episode_length_steps,727.6479207318547
13820,train/fps,58237.930203345015
13830,train/reward,1.369478702545166
13830,train/actor_loss,0.018191510811448097
13830,train/critic_loss,0.04938888177275658
13830,train/entropy,-9.499736785888672
13830,train/episode_length_steps,867.2736735434524
13830,train/fps,58250.3667990538
13840,train/reward,1.36770498752594
13840,train/actor_loss,0.022908223792910576
13840,train/critic_loss,0.04925202578306198
13840,train/entropy,-9.478133201599121
13840,train/episode_length_steps,715.7278039632729
13840,train/fps,58259.827939905554
13850,train/reward,1.3687878847122192
13850,train/actor_loss,0.016437146812677383
13850,train/critic_loss,0.09724381566047668
13850,train/entropy,-9.470690727233887
13850,train/episode_length_steps,671.7126014661571
13850,train/fps,58272.272974809915
13860,train/reward,1.3689136505126953
13860,train/actor_loss,0.019754823297262192
13860,train/critic_loss,0.05445728823542595
13860,train/entropy,-9.473230361938477
13860,train/episode_length_steps,635.8672602255715
13860,train/fps,58281.37736940668
13870,train/reward,1.3667833805084229
13870,train/actor_loss,0.020592739805579185
13870,train/critic_loss,0.06760673969984055
13870,train/entropy,-9.4129056930542
13870,train/episode_length_steps,803.4766056095065
13870,train/fps,58293.69653545939
13880,train/reward,1.3695526123046875
13880,train/actor_loss,0.019888563081622124
13880,train/critic_loss,0.05145087465643883
13880,train/entropy,-9.370888710021973
13880,train/episode_length_steps,828.8820049231059
13880,train/fps,58303.06356332421
13890,train/reward,1.370302438735962
13890,train/actor_loss,0.020402809605002403
13890,train/critic_loss,0.04822098836302757
13890,train/entropy,-9.340689659118652
13890,train/episode_length_steps,928.7253199635585
13890,train/fps,58312.82758288986
13900,train/reward,1.3675520420074463
13900,train/actor_loss,0.011629817076027393
13900,train/critic_loss,0.2014508992433548
13900,train/entropy,-9.318697929382324
13900,train/episode_length_steps,723.6306755806095
13900,train/fps,58324.869937853335
13910,train/reward,1.3709832429885864
13910,train/actor_loss,0.018735814839601517
13910,train/critic_loss,0.07869251072406769
13910,train/entropy,-9.26252555847168
13910,train/episode_length_steps,685.7702341563804
13910,train/fps,58334.21604585014
13920,train/reward,1.3670048713684082
13920,train/actor_loss,0.014077551662921906
13920,train/critic_loss,0.06999026238918304
13920,train/entropy,-9.186182022094727
13920,train/episode_length_steps,744.1730667488358
13920,train/fps,58346.53234611006
13930,train/reward,1.3687543869018555
13930,train/actor_loss,0.012714973650872707
13930,train/critic_loss,0.15526174008846283
13930,train/entropy,-9.15607738494873
13930,train/episode_length_steps,784.2467497605712
13930,train/fps,58355.80605782686
13940,train/reward,1.367788314819336
13940,train/actor_loss,0.014373536221683025
13940,train/critic_loss,0.06065792962908745
13940,train/entropy,-9.137033462524414
13940,train/episode_length_steps,828.8820049231059
13940,train/fps,58368.11513859652
13950,train/reward,1.369383454322815
13950,train/actor_loss,0.01689743809401989
13950,train/critic_loss,0.05743808671832085
13950,train/entropy,-9.100760459899902
13950,train/episode_length_steps,748.4223016690037
13950,train/fps,58377.393565014674
13960,train/reward,1.3669542074203491
13960,train/actor_loss,0.01259507518261671
13960,train/critic_loss,0.16399545967578888
13960,train/entropy,-9.036940574645996
13960,train/episode_length_steps,739.9718102535958
13960,train/fps,58389.26624583867
13970,train/reward,1.3668491840362549
13970,train/actor_loss,0.013071573339402676
13970,train/critic_loss,0.09353699535131454
13970,train/entropy,-8.94520092010498
13970,train/episode_length_steps,765.9158472401787
13970,train/fps,58398.525544752854
13980,train/reward,1.366800308227539
13980,train/actor_loss,0.015777993947267532
13980,train/critic_loss,0.14759866893291473
13980,train/entropy,-8.89071273803711
13980,train/episode_length_steps,798.5812704616955
13980,train/fps,58410.00559647563
13990,train/reward,1.3661158084869385
13990,train/actor_loss,0.015122303739190102
13990,train/critic_loss,0.09246785938739777
13990,train/entropy,-8.8444242477417
13990,train/episode_length_steps,744.1730667488358
13990,train/fps,58418.98462606662
14000,train/reward,1.3663089275360107
14000,train/actor_loss,0.014333615079522133
14000,train/critic_loss,0.11522386223077774
14000,train/entropy,-8.829462051391602
14000,train/episode_length_steps,784.2467497605712
14000,train/fps,58430.586789780486
14000,eval/med_figure8_normal,0.9710913896560669
14010,train/reward,1.3660894632339478
14010,train/actor_loss,0.010617210529744625
14010,train/critic_loss,0.16233517229557037
14010,train/entropy,-8.791057586669922
14010,train/episode_length_steps,731.7100184606722
14010,train/fps,58426.980097731524
14020,train/reward,1.3648403882980347
14020,train/actor_loss,0.012546444311738014
14020,train/critic_loss,0.21524380147457123
14020,train/entropy,-8.7144136428833
14020,train/episode_length_steps,685.7702341563804
14020,train/fps,58436.89136915887
14030,train/reward,1.366515874862671
14030,train/actor_loss,0.011984790675342083
14030,train/critic_loss,0.12256147712469101
14030,train/entropy,-8.64361572265625
14030,train/episode_length_steps,779.5822535408565
14030,train/fps,58448.68101603991
14040,train/reward,1.3662397861480713
14040,train/actor_loss,0.013658888638019562
14040,train/critic_loss,0.11795230954885483
14040,train/entropy,-8.571725845336914
14040,train/episode_length_steps,823.6732044386656
14040,train/fps,58458.26633643032
14050,train/reward,1.3670271635055542
14050,train/actor_loss,0.017115363851189613
14050,train/critic_loss,0.23458755016326904
14050,train/entropy,-8.518176078796387
14050,train/episode_length_steps,638.9670697962325
14050,train/fps,58469.87710842483
14060,train/reward,1.3653761148452759
14060,train/actor_loss,0.01220714207738638
14060,train/critic_loss,0.15763160586357117
14060,train/entropy,-8.4630708694458
14060,train/episode_length_steps,707.995684268495
14060,train/fps,58479.321370814025
14070,train/reward,1.36673903465271
14070,train/actor_loss,0.012652704492211342
14070,train/critic_loss,0.09229932725429535
14070,train/entropy,-8.471879959106445
14070,train/episode_length_steps,873.0504502092679
14070,train/fps,58490.835094546404
14080,train/reward,1.3683128356933594
14080,train/actor_loss,0.013055366463959217
14080,train/critic_loss,0.09334875643253326
14080,train/entropy,-8.520800590515137
14080,train/episode_length_steps,928.7253199635585
14080,train/fps,58500.141292309345
14090,train/reward,1.369565725326538
14090,train/actor_loss,0.012961079366505146
14090,train/critic_loss,0.09705163538455963
14090,train/entropy,-8.500807762145996
14090,train/episode_length_steps,765.9158472401787
14090,train/fps,58511.633303044626
14100,train/reward,1.3688273429870605
14100,train/actor_loss,0.012677243910729885
14100,train/critic_loss,0.11686569452285767
14100,train/entropy,-8.51518726348877
14100,train/episode_length_steps,884.8379899660755
14100,train/fps,58520.84804699009
14110,train/reward,1.3689732551574707
14110,train/actor_loss,0.011818974278867245
14110,train/critic_loss,0.08113415539264679
14110,train/entropy,-8.504931449890137
14110,train/episode_length_steps,813.4495623538085
14110,train/fps,58530.28814580239
14120,train/reward,1.3648359775543213
14120,train/actor_loss,0.01825370453298092
14120,train/critic_loss,0.19069181382656097
14120,train/entropy,-8.526110649108887
14120,train/episode_length_steps,744.1730667488358
14120,train/fps,58541.814795132654
14130,train/reward,1.365496277809143
14130,train/actor_loss,0.015201780013740063
14130,train/critic_loss,0.07257525622844696
14130,train/entropy,-8.505698204040527
14130,train/episode_length_steps,757.0680322478452
14130,train/fps,58551.1253791816
14140,train/reward,1.3674604892730713
14140,train/actor_loss,0.01101415604352951
14140,train/critic_loss,0.07461708039045334
14140,train/entropy,-8.516748428344727
14140,train/episode_length_steps,808.432328135103
14140,train/fps,58562.54734319494
14150,train/reward,1.3671156167984009
14150,train/actor_loss,0.013545611873269081
14150,train/critic_loss,0.10653958469629288
14150,train/entropy,-8.574228286743164
14150,train/episode_length_steps,735.817724153145
14150,train/fps,58571.80188212036
14160,train/reward,1.3673815727233887
14160,train/actor_loss,0.012054949067533016
14160,train/critic_loss,0.12829343974590302
14160,train/entropy,-8.588282585144043
14160,train/episode_length_steps,922.191032232558
14160,train/fps,58583.06128620691
14170,train/reward,1.3687330484390259
14170,train/actor_loss,0.011276817880570889
14170,train/critic_loss,0.09124854952096939
14170,train/entropy,-8.62724494934082
14170,train/episode_length_steps,719.6575442107978
14170,train/fps,58592.152756242926
14180,train/reward,1.368206262588501
14180,train/actor_loss,0.01287129707634449
14180,train/critic_loss,0.09869261085987091
14180,train/entropy,-8.631914138793945
14180,train/episode_length_steps,798.5812704616955
14180,train/fps,58603.158523119266
14190,train/reward,1.368154525756836
14190,train/actor_loss,0.014711637981235981
14190,train/critic_loss,0.08822508156299591
14190,train/entropy,-8.643753051757812
14190,train/episode_length_steps,707.995684268495
14190,train/fps,58612.16924861857
14200,train/reward,1.3700659275054932
14200,train/actor_loss,0.015827074646949768
14200,train/critic_loss,0.0557822585105896
14200,train/entropy,-8.688520431518555
14200,train/episode_length_steps,765.9158472401787
14200,train/fps,58623.4118326458
14210,train/reward,1.3676402568817139
14210,train/actor_loss,0.013702991418540478
14210,train/critic_loss,0.0858931839466095
14210,train/entropy,-8.762552261352539
14210,train/episode_length_steps,793.7452256108409
14210,train/fps,58632.58247636098
14220,train/reward,1.3677339553833008
14220,train/actor_loss,0.016573108732700348
14220,train/critic_loss,0.15033243596553802
14220,train/entropy,-8.76854133605957
14220,train/episode_length_steps,828.8820049231059
14220,train/fps,58644.078656433
14230,train/reward,1.368274211883545
14230,train/actor_loss,0.011471453122794628
14230,train/critic_loss,0.0736653134226799
14230,train/entropy,-8.771546363830566
14230,train/episode_length_steps,693.0220328894451
14230,train/fps,58653.38715112004
14240,train/reward,1.3660295009613037
14240,train/actor_loss,0.011317714117467403
14240,train/critic_loss,0.1157965213060379
14240,train/entropy,-8.766737937927246
14240,train/episode_length_steps,739.9718102535958
14240,train/fps,58662.524344992555
14250,train/reward,1.3684771060943604
14250,train/actor_loss,0.014534075744450092
14250,train/critic_loss,0.11648678034543991
14250,train/entropy,-8.774065017700195
14250,train/episode_length_steps,693.0220328894451
14250,train/fps,58673.40829926034
14260,train/reward,1.366133689880371
14260,train/actor_loss,0.01685945689678192
14260,train/critic_loss,0.14296847581863403
14260,train/entropy,-8.780817985534668
14260,train/episode_length_steps,685.7702341563804
14260,train/fps,58682.87135824941
14270,train/reward,1.3691744804382324
14270,train/actor_loss,0.015765568241477013
14270,train/critic_loss,0.15363222360610962
14270,train/entropy,-8.808304786682129
14270,train/episode_length_steps,757.0680322478452
14270,train/fps,58694.126875862494
14280,train/reward,1.3660820722579956
14280,train/actor_loss,0.020527329295873642
14280,train/critic_loss,0.34855619072914124
14280,train/entropy,-8.686866760253906
14280,train/episode_length_steps,818.5294606658226
14280,train/fps,58703.201591116194
14290,train/reward,1.3650230169296265
14290,train/actor_loss,0.013241859152913094
14290,train/critic_loss,0.27702707052230835
14290,train/entropy,-8.602785110473633
14290,train/episode_length_steps,774.9729156804493
14290,train/fps,58714.41000470495
14300,train/reward,1.370082139968872
14300,train/actor_loss,0.01567513309419155
14300,train/critic_loss,0.10699546337127686
14300,train/entropy,-8.559535026550293
14300,train/episode_length_steps,922.191032232558
14300,train/fps,58723.52525687367
14310,train/reward,1.366560459136963
14310,train/actor_loss,0.01630614884197712
14310,train/critic_loss,0.17296487092971802
14310,train/entropy,-8.485674858093262
14310,train/episode_length_steps,823.6732044386656
14310,train/fps,58734.78174932889
14320,train/reward,1.3698618412017822
14320,train/actor_loss,0.012293999083340168
14320,train/critic_loss,0.07458554953336716
14320,train/entropy,-8.474954605102539
14320,train/episode_length_steps,878.9046993506491
14320,train/fps,58743.738051682085
14330,train/reward,1.3695590496063232
14330,train/actor_loss,0.016975538805127144
14330,train/critic_loss,0.10379087924957275
14330,train/entropy,-8.46589183807373
14330,train/episode_length_steps,909.3944711658012
14330,train/fps,58754.92884771554
14340,train/reward,1.3659772872924805
14340,train/actor_loss,0.013482327573001385
14340,train/critic_loss,0.12229235470294952
14340,train/entropy,-8.457176208496094
14340,train/episode_length_steps,798.5812704616955
14340,train/fps,58763.871358906086
14350,train/reward,1.3682098388671875
14350,train/actor_loss,0.011030606925487518
14350,train/critic_loss,0.10905736684799194
14350,train/entropy,-8.499704360961914
14350,train/episode_length_steps,834.1571042040623
14350,train/fps,58775.055985617524
14360,train/reward,1.3717089891433716
14360,train/actor_loss,0.01372604351490736
14360,train/critic_loss,0.07087227702140808
14360,train/entropy,-8.556787490844727
14360,train/episode_length_steps,977.1934127239363
14360,train/fps,58783.97612785931
14370,train/reward,1.3687646389007568
14370,train/actor_loss,0.01920243538916111
14370,train/critic_loss,0.060900796204805374
14370,train/entropy,-8.647383689880371
14370,train/episode_length_steps,813.4495623538085
14370,train/fps,58792.65461402106
14380,train/reward,1.3693498373031616
14380,train/actor_loss,0.013936402276158333
14380,train/critic_loss,0.042604465037584305
14380,train/entropy,-8.707293510437012
14380,train/episode_length_steps,844.9113276288067
14380,train/fps,58803.45525309251
14390,train/reward,1.368522047996521
14390,train/actor_loss,0.01841559261083603
14390,train/critic_loss,0.06912881135940552
14390,train/entropy,-8.71379280090332
14390,train/episode_length_steps,855.9464665668899
14390,train/fps,58812.05502023376
14400,train/reward,1.3699872493743896
14400,train/actor_loss,0.015418789349496365
14400,train/critic_loss,0.03746676445007324
14400,train/entropy,-8.748814582824707
14400,train/episode_length_steps,850.393099192874
14400,train/fps,58823.02698242309
14410,train/reward,1.3685152530670166
14410,train/actor_loss,0.01899147778749466
14410,train/critic_loss,0.07978388667106628
14410,train/entropy,-8.744479179382324
14410,train/episode_length_steps,878.9046993506491
14410,train/fps,58831.711026879064
14420,train/reward,1.369488000869751
14420,train/actor_loss,0.019413506612181664
14420,train/critic_loss,0.04559881612658501
14420,train/entropy,-8.752769470214844
14420,train/episode_length_steps,818.5294606658226
14420,train/fps,58842.50861999792
14430,train/reward,1.3689968585968018
14430,train/actor_loss,0.010644735768437386
14430,train/critic_loss,0.10696505755186081
14430,train/entropy,-8.793370246887207
14430,train/episode_length_steps,935.352867349791
14430,train/fps,58851.07798296722
14440,train/reward,1.3701021671295166
14440,train/actor_loss,0.013567894697189331
14440,train/critic_loss,0.08753873407840729
14440,train/entropy,-8.803345680236816
14440,train/episode_length_steps,867.2736735434524
14440,train/fps,58862.39970630223
14450,train/reward,1.3685529232025146
14450,train/actor_loss,0.015846772119402885
14450,train/critic_loss,0.16750909388065338
14450,train/entropy,-8.817473411560059
14450,train/episode_length_steps,828.8820049231059
14450,train/fps,58870.93207121178
14460,train/reward,1.3711204528808594
14460,train/actor_loss,0.007783937733620405
14460,train/critic_loss,0.07609175145626068
14460,train/entropy,-8.826237678527832
14460,train/episode_length_steps,788.9674003909396
14460,train/fps,58882.146875134495
14470,train/reward,1.3678057193756104
14470,train/actor_loss,0.011109701357781887
14470,train/critic_loss,0.14537562429904938
14470,train/entropy,-8.8519868850708
14470,train/episode_length_steps,748.4223016690037
14470,train/fps,58890.90514198856
14480,train/reward,1.3676735162734985
14480,train/actor_loss,0.010630019009113312
14480,train/critic_loss,0.08680504560470581
14480,train/entropy,-8.8539400100708
14480,train/episode_length_steps,813.4495623538085
14480,train/fps,58902.013478812245
14490,train/reward,1.369402289390564
14490,train/actor_loss,0.015678225085139275
14490,train/critic_loss,0.0725393295288086
14490,train/entropy,-8.81711483001709
14490,train/episode_length_steps,834.1571042040623
14490,train/fps,58910.72900912646
14500,train/reward,1.372208833694458
14500,train/actor_loss,0.012780002318322659
14500,train/critic_loss,0.136337012052536
14500,train/entropy,-8.799761772155762
14500,train/episode_length_steps,878.9046993506491
14500,train/fps,58922.14130910636
14510,train/reward,1.3670324087142944
14510,train/actor_loss,0.013225831091403961
14510,train/critic_loss,0.0743723213672638
14510,train/entropy,-8.825160026550293
14510,train/episode_length_steps,715.7278039632729
14510,train/fps,58929.95038499096
14520,train/reward,1.3726857900619507
14520,train/actor_loss,0.017834002152085304
14520,train/critic_loss,0.0637737512588501
14520,train/entropy,-8.86260986328125
14520,train/episode_length_steps,823.6732044386656
14520,train/fps,58938.79253572126
14530,train/reward,1.3687936067581177
14530,train/actor_loss,0.013199093751609325
14530,train/critic_loss,0.0469621904194355
14530,train/entropy,-8.879500389099121
14530,train/episode_length_steps,739.9718102535958
14530,train/fps,58949.78308256589
14540,train/reward,1.3694238662719727
14540,train/actor_loss,0.021296793594956398
14540,train/critic_loss,0.06708742678165436
14540,train/entropy,-8.913970947265625
14540,train/episode_length_steps,884.8379899660755
14540,train/fps,58958.237092943855
14550,train/reward,1.3721280097961426
14550,train/actor_loss,0.009825663641095161
14550,train/critic_loss,0.05767231062054634
14550,train/entropy,-8.93103313446045
14550,train/episode_length_steps,942.0756852933614
14550,train/fps,58969.44636321098
14560,train/reward,1.3681836128234863
14560,train/actor_loss,0.018898291513323784
14560,train/critic_loss,0.07595076411962509
14560,train/entropy,-8.992258071899414
14560,train/episode_length_steps,909.3944711658012
14560,train/fps,58977.55707166648
14570,train/reward,1.3726563453674316
14570,train/actor_loss,0.01654237136244774
14570,train/critic_loss,0.04638375714421272
14570,train/entropy,-9.079707145690918
14570,train/episode_length_steps,839.499776188048
14570,train/fps,58988.68562979661
14580,train/reward,1.371004581451416
14580,train/actor_loss,0.016357872635126114
14580,train/critic_loss,0.08653635531663895
14580,train/entropy,-9.1141357421875
14580,train/episode_length_steps,861.5728416085835
14580,train/fps,58996.72791564552
14590,train/reward,1.3670220375061035
14590,train/actor_loss,0.022465037181973457
14590,train/critic_loss,0.037445247173309326
14590,train/entropy,-9.11612319946289
14590,train/episode_length_steps,873.0504502092679
14590,train/fps,59007.4871427574
14600,train/reward,1.3705410957336426
14600,train/actor_loss,0.012980758212506771
14600,train/critic_loss,0.04319010302424431
14600,train/entropy,-9.136988639831543
14600,train/episode_length_steps,896.9481863514969
14600,train/fps,59015.56677764464
14610,train/reward,1.370908498764038
14610,train/actor_loss,0.022130999714136124
14610,train/critic_loss,0.044204678386449814
14610,train/entropy,-9.195303916931152
14610,train/episode_length_steps,850.393099192874
14610,train/fps,59026.59301180178
14620,train/reward,1.368992567062378
14620,train/actor_loss,0.011401164345443249
14620,train/critic_loss,0.04303988069295883
14620,train/entropy,-9.216944694519043
14620,train/episode_length_steps,803.4766056095065
14620,train/fps,59035.10319315164
14630,train/reward,1.3702138662338257
14630,train/actor_loss,0.021226590499281883
14630,train/critic_loss,0.0514020100235939
14630,train/entropy,-9.290931701660156
14630,train/episode_length_steps,813.4495623538085
14630,train/fps,59045.98455506805
14640,train/reward,1.3681609630584717
14640,train/actor_loss,0.023071933537721634
14640,train/critic_loss,0.061997778713703156
14640,train/entropy,-9.288347244262695
14640,train/episode_length_steps,839.499776188048
14640,train/fps,59054.644661050224
14650,train/reward,1.3707003593444824
14650,train/actor_loss,0.015937330201268196
14650,train/critic_loss,0.03972203657031059
14650,train/entropy,-9.297898292541504
14650,train/episode_length_steps,991.9846862364063
14650,train/fps,59062.990320028686
14660,train/reward,1.3707560300827026
14660,train/actor_loss,0.017559079453349113
14660,train/critic_loss,0.024464042857289314
14660,train/entropy,-9.29797649383545
14660,train/episode_length_steps,855.9464665668899
14660,train/fps,59074.069243834776
14670,train/reward,1.3711187839508057
14670,train/actor_loss,0.013816798105835915
14670,train/critic_loss,0.045362550765275955
14670,train/entropy,-9.355839729309082
14670,train/episode_length_steps,818.5294606658226
14670,train/fps,59082.28661273994
14680,train/reward,1.3678021430969238
14680,train/actor_loss,0.018309464678168297
14680,train/critic_loss,0.05877794697880745
14680,train/entropy,-9.338323593139648
14680,train/episode_length_steps,793.7452256108409
14680,train/fps,59093.37268176487
14690,train/reward,1.370680570602417
14690,train/actor_loss,0.0205629151314497
14690,train/critic_loss,0.04464215412735939
14690,train/entropy,-9.348109245300293
14690,train/episode_length_steps,808.432328135103
14690,train/fps,59101.61109811124
14700,train/reward,1.3688151836395264
14700,train/actor_loss,0.01740555837750435
14700,train/critic_loss,0.023194504901766777
14700,train/entropy,-9.389740943908691
14700,train/episode_length_steps,850.393099192874
14700,train/fps,59112.54727940343
14710,train/reward,1.3689749240875244
14710,train/actor_loss,0.01852399669587612
14710,train/critic_loss,0.0530552864074707
14710,train/entropy,-9.374700546264648
14710,train/episode_length_steps,823.6732044386656
14710,train/fps,59120.798563757475
14720,train/reward,1.3718258142471313
14720,train/actor_loss,0.01211608201265335
14720,train/critic_loss,0.06875261664390564
14720,train/entropy,-9.396750450134277
14720,train/episode_length_steps,839.499776188048
14720,train/fps,59131.80016181153
14730,train/reward,1.3666589260101318
14730,train/actor_loss,0.020726047456264496
14730,train/critic_loss,0.04806073382496834
14730,train/entropy,-9.38923168182373
14730,train/episode_length_steps,808.432328135103
14730,train/fps,59140.1782969196
14740,train/reward,1.368891716003418
14740,train/actor_loss,0.01912245713174343
14740,train/critic_loss,0.05426979809999466
14740,train/entropy,-9.341021537780762
14740,train/episode_length_steps,878.9046993506491
14740,train/fps,59151.09240693054
14750,train/reward,1.3689887523651123
14750,train/actor_loss,0.01545089390128851
14750,train/critic_loss,0.09244320541620255
14750,train/entropy,-9.316311836242676
14750,train/episode_length_steps,922.191032232558
14750,train/fps,59159.603165959415
14760,train/reward,1.3699626922607422
14760,train/actor_loss,0.015702906996011734
14760,train/critic_loss,0.04887331277132034
14760,train/entropy,-9.3479585647583
14760,train/episode_length_steps,855.9464665668899
14760,train/fps,59169.91244518672
14770,train/reward,1.3720341920852661
14770,train/actor_loss,0.018214991316199303
14770,train/critic_loss,0.1454813927412033
14770,train/entropy,-9.333269119262695
14770,train/episode_length_steps,922.191032232558
14770,train/fps,59178.63209706268
14780,train/reward,1.368162989616394
14780,train/actor_loss,0.018165990710258484
14780,train/critic_loss,0.10176102072000504
14780,train/entropy,-9.321611404418945
14780,train/episode_length_steps,867.2736735434524
14780,train/fps,59186.30716467975
14790,train/reward,1.3680620193481445
14790,train/actor_loss,0.011419110931456089
14790,train/critic_loss,0.04925888776779175
14790,train/entropy,-9.259763717651367
14790,train/episode_length_steps,896.9481863514969
14790,train/fps,59197.226938264386
14800,train/reward,1.3681858777999878
14800,train/actor_loss,0.013136814348399639
14800,train/critic_loss,0.06941169500350952
14800,train/entropy,-9.264399528503418
14800,train/episode_length_steps,1007.2306174500739
14800,train/fps,59205.05947991801
14810,train/reward,1.3671541213989258
14810,train/actor_loss,0.06510691344738007
14810,train/critic_loss,0.08640389144420624
14810,train/entropy,-9.18665885925293
14810,train/episode_length_steps,779.5822535408565
14810,train/fps,59216.037742854984
14820,train/reward,1.3685059547424316
14820,train/actor_loss,0.021777689456939697
14820,train/critic_loss,0.10823579132556915
14820,train/entropy,-9.197348594665527
14820,train/episode_length_steps,793.7452256108409
14820,train/fps,59224.208998491034
14830,train/reward,1.368709683418274
14830,train/actor_loss,0.02209649793803692
14830,train/critic_loss,0.09619374573230743
14830,train/entropy,-9.167243003845215
14830,train/episode_length_steps,962.8367577976614
14830,train/fps,59234.71762342206
14840,train/reward,1.365088939666748
14840,train/actor_loss,0.023907935246825218
14840,train/critic_loss,0.13460737466812134
14840,train/entropy,-9.09888744354248
14840,train/episode_length_steps,770.4177635464497
14840,train/fps,59243.60338841652
14850,train/reward,1.368610143661499
14850,train/actor_loss,0.011633683927357197
14850,train/critic_loss,0.03841976076364517
14850,train/entropy,-9.081360816955566
14850,train/episode_length_steps,873.0504502092679
14850,train/fps,59253.434031221586
14860,train/reward,1.36561918258667
14860,train/actor_loss,0.016389263793826103
14860,train/critic_loss,0.059839338064193726
14860,train/entropy,-9.057502746582031
14860,train/episode_length_steps,915.7480494521833
14860,train/fps,59262.93741463141
14870,train/reward,1.368225336074829
14870,train/actor_loss,0.01797713339328766
14870,train/critic_loss,0.03775045648217201
14870,train/entropy,-9.04414176940918
14870,train/episode_length_steps,884.8379899660755
14870,train/fps,59272.31569832434
14880,train/reward,1.3665436506271362
14880,train/actor_loss,0.009901287034153938
14880,train/critic_loss,0.08982677012681961
14880,train/entropy,-9.040242195129395
14880,train/episode_length_steps,761.4662389368028
14880,train/fps,59281.87084626426
14890,train/reward,1.3659708499908447
14890,train/actor_loss,0.020230842754244804
14890,train/critic_loss,0.11572033166885376
14890,train/entropy,-9.024800300598145
14890,train/episode_length_steps,761.4662389368028
14890,train/fps,59290.8272650201
14900,train/reward,1.36598801612854
14900,train/actor_loss,0.01933753304183483
14900,train/critic_loss,0.10553541034460068
14900,train/entropy,-8.975626945495605
14900,train/episode_length_steps,834.1571042040623
14900,train/fps,59300.086718431776
14910,train/reward,1.369161605834961
14910,train/actor_loss,0.013811550103127956
14910,train/critic_loss,0.05719931796193123
14910,train/entropy,-8.954632759094238
14910,train/episode_length_steps,752.7203416056614
14910,train/fps,59308.02797278623
14920,train/reward,1.3667031526565552
14920,train/actor_loss,0.02203923650085926
14920,train/critic_loss,0.04183188080787659
14920,train/entropy,-8.938593864440918
14920,train/episode_length_steps,731.7100184606722
14920,train/fps,59318.778928593354
14930,train/reward,1.3687028884887695
14930,train/actor_loss,0.020860200747847557
14930,train/critic_loss,0.04362766072154045
14930,train/entropy,-8.950268745422363
14930,train/episode_length_steps,861.5728416085835
14930,train/fps,59326.889373282946
14940,train/reward,1.3667734861373901
14940,train/actor_loss,0.020747175440192223
14940,train/critic_loss,0.1803123950958252
14940,train/entropy,-8.953856468200684
14940,train/episode_length_steps,818.5294606658226
14940,train/fps,59337.730546478844
14950,train/reward,1.368300199508667
14950,train/actor_loss,0.013830432668328285
14950,train/critic_loss,0.06737635284662247
14950,train/entropy,-8.947676658630371
14950,train/episode_length_steps,850.393099192874
14950,train/fps,59345.86548859308
14960,train/reward,1.369014024734497
14960,train/actor_loss,0.01779819279909134
14960,train/critic_loss,0.09229668229818344
14960,train/entropy,-8.936319351196289
14960,train/episode_length_steps,839.499776188048
14960,train/fps,59356.06187466603
14970,train/reward,1.3699181079864502
14970,train/actor_loss,0.018166301771998405
14970,train/critic_loss,0.05184239149093628
14970,train/entropy,-8.883395195007324
14970,train/episode_length_steps,903.12844929582
14970,train/fps,59364.74581249798
14980,train/reward,1.3672983646392822
14980,train/actor_loss,0.01817988231778145
14980,train/critic_loss,0.066262386739254
14980,train/entropy,-8.877547264099121
14980,train/episode_length_steps,748.4223016690037
14980,train/fps,59374.28666593486
14990,train/reward,1.3680073022842407
14990,train/actor_loss,0.01258182805031538
14990,train/critic_loss,0.06123575568199158
14990,train/entropy,-8.872477531433105
14990,train/episode_length_steps,735.817724153145
14990,train/fps,59383.1656669423
