step,tag,value
0,train/reward,0.4828471541404724
0,train/actor_loss,0.03515871614217758
0,train/critic_loss,2.7530014514923096
0,train/entropy,5.6792311668396
0,train/episode_length_steps,65.01164622693737
0,train/fps,1069.027546149922
10,train/reward,0.4615740180015564
10,train/actor_loss,-0.008293119259178638
10,train/critic_loss,0.3309158980846405
10,train/entropy,5.404167652130127
10,train/episode_length_steps,71.85448568467783
10,train/fps,9370.213572087678
20,train/reward,0.48516181111335754
20,train/actor_loss,-0.005636637564748526
20,train/critic_loss,0.4730374813079834
20,train/entropy,4.8663554191589355
20,train/episode_length_steps,77.27704666446911
20,train/fps,15023.52533368693
30,train/reward,0.5534758567810059
30,train/actor_loss,-0.0038690760266035795
30,train/critic_loss,0.9992319345474243
30,train/entropy,4.332004070281982
30,train/episode_length_steps,98.39272032234378
30,train/fps,19121.11115849718
40,train/reward,0.5818294286727905
40,train/actor_loss,-0.0030976037960499525
40,train/critic_loss,1.7656952142715454
40,train/entropy,3.8533425331115723
40,train/episode_length_steps,104.01457666778334
40,train/fps,22235.305362151816
50,train/reward,0.6454300880432129
50,train/actor_loss,-0.0031075042206794024
50,train/critic_loss,3.2296643257141113
50,train/entropy,3.432323455810547
50,train/episode_length_steps,139.41885754415316
50,train/fps,24694.017353183608
60,train/reward,0.7313060164451599
60,train/actor_loss,-0.0017159065464511514
60,train/critic_loss,4.902924060821533
60,train/entropy,3.0618908405303955
60,train/episode_length_steps,202.23069941013412
60,train/fps,26649.00089672595
70,train/reward,0.7767195105552673
70,train/actor_loss,0.00014925180585123599
70,train/critic_loss,3.527672290802002
70,train/entropy,2.7306602001190186
70,train/episode_length_steps,270.73659919931765
70,train/fps,28251.791231041894
80,train/reward,0.8526672720909119
80,train/actor_loss,-0.0013641172554343939
80,train/critic_loss,3.68574595451355
80,train/entropy,2.406280040740967
80,train/episode_length_steps,321.1517303931223
80,train/fps,29284.355075477422
90,train/reward,0.8952810764312744
90,train/actor_loss,0.0003740968822967261
90,train/critic_loss,4.334187984466553
90,train/entropy,2.106618881225586
90,train/episode_length_steps,282.402984646544
90,train/fps,30456.09321398914
100,train/reward,0.9458959102630615
100,train/actor_loss,0.00097987602930516
100,train/critic_loss,5.609842777252197
100,train/entropy,1.7854292392730713
100,train/episode_length_steps,368.04426882470955
100,train/fps,31461.10939283987
110,train/reward,0.9900474548339844
110,train/actor_loss,0.00011004314728779718
110,train/critic_loss,3.184969425201416
110,train/entropy,1.4865816831588745
110,train/episode_length_steps,481.6502541833958
110,train/fps,32302.894281387056
120,train/reward,1.02748703956604
120,train/actor_loss,0.002706854371353984
120,train/critic_loss,3.0024285316467285
120,train/entropy,1.1902832984924316
120,train/episode_length_steps,442.61481618517894
120,train/fps,33048.974259662915
130,train/reward,1.0525238513946533
130,train/actor_loss,0.002082607476040721
130,train/critic_loss,3.048225164413452
130,train/entropy,0.9130763411521912
130,train/episode_length_steps,442.61481618517894
130,train/fps,33738.08391068712
140,train/reward,1.0871531963348389
140,train/actor_loss,0.0022253382485359907
140,train/critic_loss,1.6190670728683472
140,train/entropy,0.641190230846405
140,train/episode_length_steps,503.8690648997133
140,train/fps,34348.972644782945
150,train/reward,1.1261634826660156
150,train/actor_loss,0.0007503434899263084
150,train/critic_loss,1.1788824796676636
150,train/entropy,0.35248205065727234
150,train/episode_length_steps,629.7570023566689
150,train/fps,34880.37368238838
160,train/reward,1.140656590461731
160,train/actor_loss,0.006310276687145233
160,train/critic_loss,0.9147558212280273
160,train/entropy,0.08601251989603043
160,train/episode_length_steps,642.0972501432806
160,train/fps,35366.46675604344
170,train/reward,1.1568101644515991
170,train/actor_loss,0.0048570651561021805
170,train/critic_loss,0.5920442938804626
170,train/entropy,-0.14078359305858612
170,train/episode_length_steps,595.4270735573396
170,train/fps,35779.90858869416
180,train/reward,1.1752455234527588
180,train/actor_loss,0.005098294001072645
180,train/critic_loss,0.6939500570297241
180,train/entropy,-0.4107765257358551
180,train/episode_length_steps,727.6479207318547
180,train/fps,36189.52820011505
190,train/reward,1.1996519565582275
190,train/actor_loss,0.009918310679495335
190,train/critic_loss,0.4443996846675873
190,train/entropy,-0.6891891956329346
190,train/episode_length_steps,682.2009508175753
190,train/fps,36566.25381156451
200,train/reward,1.2247878313064575
200,train/actor_loss,0.01067159790545702
200,train/critic_loss,0.4919840395450592
200,train/entropy,-0.9309053421020508
200,train/episode_length_steps,668.2877866491242
200,train/fps,36886.80723998593
210,train/reward,1.2311021089553833
210,train/actor_loss,0.014126813970506191
210,train/critic_loss,0.3517659604549408
210,train/entropy,-1.1606419086456299
210,train/episode_length_steps,744.1730667488358
210,train/fps,37193.68802691667
220,train/reward,1.249146819114685
220,train/actor_loss,0.007415056228637695
220,train/critic_loss,0.14586588740348816
220,train/entropy,-1.4078572988510132
220,train/episode_length_steps,909.3944711658012
220,train/fps,37489.88896147305
230,train/reward,1.2767949104309082
230,train/actor_loss,0.006879274733364582
230,train/critic_loss,0.145962193608284
230,train/entropy,-1.6944111585617065
230,train/episode_length_steps,909.3944711658012
230,train/fps,37759.1739108456
240,train/reward,1.2886252403259277
240,train/actor_loss,0.012298483401536942
240,train/critic_loss,0.16815979778766632
240,train/entropy,-1.966929316520691
240,train/episode_length_steps,818.5294606658226
240,train/fps,37999.87393037092
250,train/reward,1.2950104475021362
250,train/actor_loss,0.025655532255768776
250,train/critic_loss,0.08578679710626602
250,train/entropy,-2.225153684616089
250,train/episode_length_steps,761.4662389368028
250,train/fps,38229.374651612
260,train/reward,1.3166512250900269
260,train/actor_loss,0.03340699523687363
260,train/critic_loss,0.1837618052959442
260,train/entropy,-2.4701943397521973
260,train/episode_length_steps,1055.9161206631647
260,train/fps,38452.39794388198
270,train/reward,1.3146952390670776
270,train/actor_loss,0.030674997717142105
270,train/critic_loss,0.09136178344488144
270,train/entropy,-2.6844916343688965
270,train/episode_length_steps,962.8367577976614
270,train/fps,38660.619758041576
280,train/reward,1.3311607837677002
280,train/actor_loss,0.014400272630155087
280,train/critic_loss,0.05392913147807121
280,train/entropy,-2.9396872520446777
280,train/episode_length_steps,1258.7213161504762
280,train/fps,38826.35835007937
290,train/reward,1.3319518566131592
290,train/actor_loss,0.012717898003757
290,train/critic_loss,0.15529611706733704
290,train/entropy,-3.1745870113372803
290,train/episode_length_steps,1422.6687821455068
290,train/fps,38961.14821143548
300,train/reward,1.326272964477539
300,train/actor_loss,0.02184281125664711
300,train/critic_loss,0.2595810890197754
300,train/entropy,-3.275144338607788
300,train/episode_length_steps,1363.4717399177655
300,train/fps,39083.01747092707
310,train/reward,1.321803331375122
310,train/actor_loss,0.03384634107351303
310,train/critic_loss,0.4328378140926361
310,train/entropy,-3.3372364044189453
310,train/episode_length_steps,1258.7213161504762
310,train/fps,39202.49948616252
320,train/reward,1.321915864944458
320,train/actor_loss,0.015491791069507599
320,train/critic_loss,0.215688094496727
320,train/entropy,-3.3617234230041504
320,train/episode_length_steps,1022.9524966434373
320,train/fps,39326.2482363225
330,train/reward,1.3097834587097168
330,train/actor_loss,0.025774940848350525
330,train/critic_loss,0.4746038615703583
330,train/entropy,-3.367138624191284
330,train/episode_length_steps,935.352867349791
330,train/fps,39424.16014387753
340,train/reward,1.3074641227722168
340,train/actor_loss,0.024548364803195
340,train/critic_loss,0.10721929371356964
340,train/entropy,-3.4059722423553467
340,train/episode_length_steps,606.4468139037408
340,train/fps,39456.301283837434
350,train/reward,1.31270170211792
350,train/actor_loss,0.026756642386317253
350,train/critic_loss,0.2684454619884491
350,train/entropy,-3.462585210800171
350,train/episode_length_steps,909.3944711658012
350,train/fps,39540.89940647233
360,train/reward,1.3008317947387695
360,train/actor_loss,0.03476734086871147
360,train/critic_loss,0.1049363762140274
360,train/entropy,-3.5178725719451904
360,train/episode_length_steps,818.5294606658226
360,train/fps,39665.3992903323
370,train/reward,1.3068180084228516
370,train/actor_loss,0.04287439212203026
370,train/critic_loss,0.21247434616088867
370,train/entropy,-3.6429314613342285
370,train/episode_length_steps,909.3944711658012
370,train/fps,39778.96714652338
380,train/reward,1.3082284927368164
380,train/actor_loss,0.021070539951324463
380,train/critic_loss,0.11485960334539413
380,train/entropy,-3.727797031402588
380,train/episode_length_steps,727.6479207318547
380,train/fps,39885.574776401954
390,train/reward,1.3158400058746338
390,train/actor_loss,0.02205258049070835
390,train/critic_loss,0.12822389602661133
390,train/entropy,-3.8596999645233154
390,train/episode_length_steps,574.5468990738798
390,train/fps,39984.540014176644
400,train/reward,1.320798397064209
400,train/actor_loss,0.030824575573205948
400,train/critic_loss,0.2872796952724457
400,train/entropy,-3.860806703567505
400,train/episode_length_steps,696.70575204079
400,train/fps,40089.81848885256
410,train/reward,1.3158938884735107
410,train/actor_loss,0.019340895116329193
410,train/critic_loss,0.13471730053424835
410,train/entropy,-3.8500328063964844
410,train/episode_length_steps,761.4662389368028
410,train/fps,40184.16553702736
420,train/reward,1.3249249458312988
420,train/actor_loss,0.02553601935505867
420,train/critic_loss,0.13635364174842834
420,train/entropy,-3.9445838928222656
420,train/episode_length_steps,861.5728416085835
420,train/fps,40272.27485480351
430,train/reward,1.3292796611785889
430,train/actor_loss,0.02814078889787197
430,train/critic_loss,0.11239375174045563
430,train/entropy,-4.051383018493652
430,train/episode_length_steps,909.3944711658012
430,train/fps,40367.27087508802
440,train/reward,1.3386809825897217
440,train/actor_loss,0.013242530636489391
440,train/critic_loss,0.1619068831205368
440,train/entropy,-4.188994884490967
440,train/episode_length_steps,779.5822535408565
440,train/fps,40443.71068887371
450,train/reward,1.3419376611709595
450,train/actor_loss,0.02789936773478985
450,train/critic_loss,0.22985510528087616
450,train/entropy,-4.274447441101074
450,train/episode_length_steps,744.1730667488358
450,train/fps,40529.96546986527
460,train/reward,1.3423618078231812
460,train/actor_loss,0.0176697950810194
460,train/critic_loss,0.07408065348863602
460,train/entropy,-4.376011848449707
460,train/episode_length_steps,711.8407478776858
460,train/fps,40608.66264519626
470,train/reward,1.3422203063964844
470,train/actor_loss,0.04246601089835167
470,train/critic_loss,0.1739232838153839
470,train/entropy,-4.380889892578125
470,train/episode_length_steps,1055.9161206631647
470,train/fps,40688.41277336269
480,train/reward,1.3394346237182617
480,train/actor_loss,0.037065278738737106
480,train/critic_loss,0.20550020039081573
480,train/entropy,-4.343551158905029
480,train/episode_length_steps,1557.9499569433751
480,train/fps,40762.42626168109
490,train/reward,1.33417546749115
490,train/actor_loss,0.018728170543909073
490,train/critic_loss,0.22256635129451752
490,train/entropy,-4.32784366607666
490,train/episode_length_steps,798.5812704616955
490,train/fps,40835.312483793714
500,train/reward,1.325775384902954
500,train/actor_loss,0.03199660778045654
500,train/critic_loss,0.21082065999507904
500,train/entropy,-4.32811975479126
500,train/episode_length_steps,909.3944711658012
500,train/fps,40890.40874033144
510,train/reward,1.3286253213882446
510,train/actor_loss,0.020563973113894463
510,train/critic_loss,0.18271715939044952
510,train/entropy,-4.304839611053467
510,train/episode_length_steps,861.5728416085835
510,train/fps,40378.17386962272
520,train/reward,1.3321245908737183
520,train/actor_loss,0.021549036726355553
520,train/critic_loss,0.13979282975196838
520,train/entropy,-4.307618141174316
520,train/episode_length_steps,1055.9161206631647
520,train/fps,40457.499119337976
530,train/reward,1.3234578371047974
530,train/actor_loss,0.02312861755490303
530,train/critic_loss,0.20449404418468475
530,train/entropy,-4.345634460449219
530,train/episode_length_steps,1055.9161206631647
530,train/fps,40527.87390029049
540,train/reward,1.327460765838623
540,train/actor_loss,0.021260827779769897
540,train/critic_loss,0.13418160378932953
540,train/entropy,-4.362789154052734
540,train/episode_length_steps,1091.074921898641
540,train/fps,40587.769378028104
550,train/reward,1.3275147676467896
550,train/actor_loss,0.01758120208978653
550,train/critic_loss,0.1175735592842102
550,train/entropy,-4.404962062835693
550,train/episode_length_steps,1212.1585181362116
550,train/fps,40649.15420412839
560,train/reward,1.3316428661346436
560,train/actor_loss,0.020912611857056618
560,train/critic_loss,0.09958825260400772
560,train/entropy,-4.47697639465332
560,train/episode_length_steps,1091.074921898641
560,train/fps,40711.107858685325
570,train/reward,1.3308525085449219
570,train/actor_loss,0.023789744824171066
570,train/critic_loss,0.08835463970899582
570,train/entropy,-4.524429798126221
570,train/episode_length_steps,935.352867349791
570,train/fps,40776.50300173362
580,train/reward,1.3263579607009888
580,train/actor_loss,0.02989037148654461
580,train/critic_loss,0.09083157032728195
580,train/entropy,-4.554018497467041
580,train/episode_length_steps,861.5728416085835
580,train/fps,40829.5337568599
590,train/reward,1.3356832265853882
590,train/actor_loss,0.024202769622206688
590,train/critic_loss,0.14079177379608154
590,train/entropy,-4.579574108123779
590,train/episode_length_steps,779.5822535408565
590,train/fps,40878.479770246646
600,train/reward,1.33450186252594
600,train/actor_loss,0.03478291258215904
600,train/critic_loss,0.12398892641067505
600,train/entropy,-4.5869269371032715
600,train/episode_length_steps,962.8367577976614
600,train/fps,40932.26496374153
610,train/reward,1.3257801532745361
610,train/actor_loss,0.022100938484072685
610,train/critic_loss,0.09678880125284195
610,train/entropy,-4.625108242034912
610,train/episode_length_steps,935.352867349791
610,train/fps,40989.06289623547
620,train/reward,1.3369553089141846
620,train/actor_loss,0.022284597158432007
620,train/critic_loss,0.06475430727005005
620,train/entropy,-4.679413795471191
620,train/episode_length_steps,1091.074921898641
620,train/fps,41033.96317640037
630,train/reward,1.326823115348816
630,train/actor_loss,0.020974406972527504
630,train/critic_loss,0.12448632717132568
630,train/entropy,-4.735256195068359
630,train/episode_length_steps,798.5812704616955
630,train/fps,41082.67679644455
640,train/reward,1.3368775844573975
640,train/actor_loss,0.023931575939059258
640,train/critic_loss,0.06039760634303093
640,train/entropy,-4.784356594085693
640,train/episode_length_steps,744.1730667488358
640,train/fps,41130.440549049665
650,train/reward,1.3356130123138428
650,train/actor_loss,0.02926209382712841
650,train/critic_loss,0.047905389219522476
650,train/entropy,-4.8163676261901855
650,train/episode_length_steps,884.8379899660755
650,train/fps,41170.40486156294
660,train/reward,1.3343100547790527
660,train/actor_loss,0.021634874865412712
660,train/critic_loss,0.05465945228934288
660,train/entropy,-4.905043601989746
660,train/episode_length_steps,761.4662389368028
660,train/fps,41205.734588915875
670,train/reward,1.339494228363037
670,train/actor_loss,0.005504890810698271
670,train/critic_loss,0.3383978009223938
670,train/entropy,-4.9531731605529785
670,train/episode_length_steps,839.499776188048
670,train/fps,41238.61224168254
680,train/reward,1.3380404710769653
680,train/actor_loss,0.026135221123695374
680,train/critic_loss,0.06751836091279984
680,train/entropy,-4.9794511795043945
680,train/episode_length_steps,962.8367577976614
680,train/fps,41226.611063939534
690,train/reward,1.3512135744094849
690,train/actor_loss,0.027663161978125572
690,train/critic_loss,0.05690711364150047
690,train/entropy,-5.018883228302002
690,train/episode_length_steps,1022.9524966434373
690,train/fps,41267.10467186675
700,train/reward,1.3566910028457642
700,train/actor_loss,0.023259900510311127
700,train/critic_loss,0.027391105890274048
700,train/entropy,-5.1910271644592285
700,train/episode_length_steps,798.5812704616955
700,train/fps,41306.91745826634
710,train/reward,1.3429783582687378
710,train/actor_loss,0.022353384643793106
710,train/critic_loss,0.08018516004085541
710,train/entropy,-5.366639137268066
710,train/episode_length_steps,818.5294606658226
710,train/fps,41335.781941262685
720,train/reward,1.353492021560669
720,train/actor_loss,0.018606960773468018
720,train/critic_loss,0.0288525577634573
720,train/entropy,-5.4536662101745605
720,train/episode_length_steps,1422.6687821455068
720,train/fps,41365.02270408498
730,train/reward,1.3550382852554321
730,train/actor_loss,0.027734363451600075
730,train/critic_loss,0.07518058270215988
730,train/entropy,-5.562439918518066
730,train/episode_length_steps,1309.004261933798
730,train/fps,41398.8269073216
740,train/reward,1.353344440460205
740,train/actor_loss,0.035728808492422104
740,train/critic_loss,0.029784170910716057
740,train/entropy,-5.643974781036377
740,train/episode_length_steps,909.3944711658012
740,train/fps,41407.980788034896
750,train/reward,1.361099123954773
750,train/actor_loss,0.027951925992965698
750,train/critic_loss,0.03660646080970764
750,train/entropy,-5.75457763671875
750,train/episode_length_steps,1128.6557313446654
750,train/fps,41409.37748497798
760,train/reward,1.3585366010665894
760,train/actor_loss,0.010002262890338898
760,train/critic_loss,0.041770052164793015
760,train/entropy,-5.856906414031982
760,train/episode_length_steps,962.8367577976614
760,train/fps,41436.83904763749
770,train/reward,1.3566927909851074
770,train/actor_loss,0.006373992655426264
770,train/critic_loss,0.2947835624217987
770,train/entropy,-5.9210710525512695
770,train/episode_length_steps,744.1730667488358
770,train/fps,41460.10422648937
780,train/reward,1.3475209474563599
780,train/actor_loss,0.03788861259818077
780,train/critic_loss,0.09743097424507141
780,train/entropy,-5.872054576873779
780,train/episode_length_steps,1128.6557313446654
780,train/fps,41480.07297813449
790,train/reward,1.3406825065612793
790,train/actor_loss,0.023574044927954674
790,train/critic_loss,0.07633873075246811
790,train/entropy,-5.89019250869751
790,train/episode_length_steps,1055.9161206631647
790,train/fps,41495.548670923155
800,train/reward,1.3457574844360352
800,train/actor_loss,0.02579023316502571
800,train/critic_loss,0.05158349871635437
800,train/entropy,-5.8573431968688965
800,train/episode_length_steps,2335.1059463108063
800,train/fps,41505.64185433374
810,train/reward,1.3368513584136963
810,train/actor_loss,0.023760410025715828
810,train/critic_loss,0.1884067803621292
810,train/entropy,-5.832321643829346
810,train/episode_length_steps,909.3944711658012
810,train/fps,41518.061859539084
820,train/reward,1.325487732887268
820,train/actor_loss,0.022372815757989883
820,train/critic_loss,0.4994652271270752
820,train/entropy,-5.721841335296631
820,train/episode_length_steps,1258.7213161504762
820,train/fps,41536.909895232646
830,train/reward,1.3246779441833496
830,train/actor_loss,0.024498246610164642
830,train/critic_loss,0.6785385012626648
830,train/entropy,-5.670892238616943
830,train/episode_length_steps,861.5728416085835
830,train/fps,41550.6069603127
840,train/reward,1.331161618232727
840,train/actor_loss,0.01608963869512081
840,train/critic_loss,0.45104584097862244
840,train/entropy,-5.608600616455078
840,train/episode_length_steps,839.499776188048
840,train/fps,41577.27830198058
850,train/reward,1.3288588523864746
850,train/actor_loss,0.019168231636285782
850,train/critic_loss,0.4939074218273163
850,train/entropy,-5.55556058883667
850,train/episode_length_steps,935.352867349791
850,train/fps,41602.562507714654
860,train/reward,1.329246997833252
860,train/actor_loss,0.029005426913499832
860,train/critic_loss,0.5364136099815369
860,train/entropy,-5.493021011352539
860,train/episode_length_steps,761.4662389368028
860,train/fps,41627.60944045918
870,train/reward,1.3348854780197144
870,train/actor_loss,0.023616038262844086
870,train/critic_loss,0.22638766467571259
870,train/entropy,-5.423274993896484
870,train/episode_length_steps,935.352867349791
870,train/fps,41656.97996064896
880,train/reward,1.3426618576049805
880,train/actor_loss,0.014471158385276794
880,train/critic_loss,0.24928633868694305
880,train/entropy,-5.405137538909912
880,train/episode_length_steps,839.499776188048
880,train/fps,41684.048762410144
890,train/reward,1.3399380445480347
890,train/actor_loss,0.018967561423778534
890,train/critic_loss,0.18895632028579712
890,train/entropy,-5.379607677459717
890,train/episode_length_steps,818.5294606658226
890,train/fps,41704.57257520675
900,train/reward,1.3427231311798096
900,train/actor_loss,0.02431023120880127
900,train/critic_loss,0.09742707014083862
900,train/entropy,-5.3739848136901855
900,train/episode_length_steps,1022.9524966434373
900,train/fps,41727.51605768988
910,train/reward,1.346094012260437
910,train/actor_loss,0.017186546698212624
910,train/critic_loss,0.06960326433181763
910,train/entropy,-5.374179363250732
910,train/episode_length_steps,1168.9177465457567
910,train/fps,41751.68061078714
920,train/reward,1.342858076095581
920,train/actor_loss,0.01964489556849003
920,train/critic_loss,0.10753323137760162
920,train/entropy,-5.4821457862854
920,train/episode_length_steps,935.352867349791
920,train/fps,41774.11784551512
930,train/reward,1.3451783657073975
930,train/actor_loss,0.015234432183206081
930,train/critic_loss,0.1334594041109085
930,train/entropy,-5.534477710723877
930,train/episode_length_steps,991.9846862364063
930,train/fps,41796.1094853131
940,train/reward,1.3545955419540405
940,train/actor_loss,0.01981215551495552
940,train/critic_loss,0.10492219775915146
940,train/entropy,-5.6147027015686035
940,train/episode_length_steps,1168.9177465457567
940,train/fps,41821.55942200427
950,train/reward,1.3531116247177124
950,train/actor_loss,0.012947790324687958
950,train/critic_loss,0.2783304750919342
950,train/entropy,-5.75023078918457
950,train/episode_length_steps,839.499776188048
950,train/fps,41842.11330696564
960,train/reward,1.3427221775054932
960,train/actor_loss,0.02579083852469921
960,train/critic_loss,0.22460868954658508
960,train/entropy,-5.761533260345459
960,train/episode_length_steps,744.1730667488358
960,train/fps,41865.90200036801
970,train/reward,1.3492811918258667
970,train/actor_loss,0.030091170221567154
970,train/critic_loss,0.10391607135534286
970,train/entropy,-5.761509895324707
970,train/episode_length_steps,1128.6557313446654
970,train/fps,41887.72716389406
980,train/reward,1.3473272323608398
980,train/actor_loss,0.023004813119769096
980,train/critic_loss,0.08489503711462021
980,train/entropy,-5.722268104553223
980,train/episode_length_steps,1258.7213161504762
980,train/fps,41915.9466166414
990,train/reward,1.3500869274139404
990,train/actor_loss,0.01934114657342434
990,train/critic_loss,0.09845750778913498
990,train/entropy,-5.729708671569824
990,train/episode_length_steps,935.352867349791
990,train/fps,41945.02218206688
1000,train/reward,1.3536086082458496
1000,train/actor_loss,0.013744436204433441
1000,train/critic_loss,0.09786074608564377
1000,train/entropy,-5.704240322113037
1000,train/episode_length_steps,1168.9177465457567
1000,train/fps,41973.679159805346
1000,eval/med_figure8_normal,0.11257082968950272
1010,train/reward,1.3532934188842773
1010,train/actor_loss,0.02671545185148716
1010,train/critic_loss,0.1328105330467224
1010,train/entropy,-5.72022008895874
1010,train/episode_length_steps,935.352867349791
1010,train/fps,24929.664851342168
1020,train/reward,1.352916955947876
1020,train/actor_loss,0.02787010371685028
1020,train/critic_loss,0.04128008335828781
1020,train/entropy,-5.763320446014404
1020,train/episode_length_steps,1055.9161206631647
1020,train/fps,25026.50460899138
1030,train/reward,1.349311351776123
1030,train/actor_loss,0.03475293889641762
1030,train/critic_loss,0.06891664117574692
1030,train/entropy,-5.793666362762451
1030,train/episode_length_steps,909.3944711658012
1030,train/fps,25123.935464086408
1040,train/reward,1.3564891815185547
1040,train/actor_loss,0.013047860935330391
1040,train/critic_loss,0.05610327795147896
1040,train/entropy,-5.794596195220947
1040,train/episode_length_steps,884.8379899660755
1040,train/fps,25218.076160506873
1050,train/reward,1.349926233291626
1050,train/actor_loss,0.03640080615878105
1050,train/critic_loss,0.214422807097435
1050,train/entropy,-5.785550594329834
1050,train/episode_length_steps,1212.1585181362116
1050,train/fps,25310.278590967562
1060,train/reward,1.3497776985168457
1060,train/actor_loss,0.02076965756714344
1060,train/critic_loss,0.16734281182289124
1060,train/entropy,-5.7137451171875
1060,train/episode_length_steps,909.3944711658012
1060,train/fps,25397.960558324583
1070,train/reward,1.3562755584716797
1070,train/actor_loss,0.029789645224809647
1070,train/critic_loss,0.07123737037181854
1070,train/entropy,-5.717992305755615
1070,train/episode_length_steps,1212.1585181362116
1070,train/fps,25496.17091998774
1080,train/reward,1.3496313095092773
1080,train/actor_loss,0.014536446891725063
1080,train/critic_loss,0.03160068020224571
1080,train/entropy,-5.737046718597412
1080,train/episode_length_steps,839.499776188048
1080,train/fps,25600.24575532015
1090,train/reward,1.3569109439849854
1090,train/actor_loss,0.02225187048316002
1090,train/critic_loss,0.07369201630353928
1090,train/entropy,-5.812671661376953
1090,train/episode_length_steps,909.3944711658012
1090,train/fps,25701.841606241385
1100,train/reward,1.3528575897216797
1100,train/actor_loss,0.016948534175753593
1100,train/critic_loss,0.06040747091174126
1100,train/entropy,-5.917392253875732
1100,train/episode_length_steps,962.8367577976614
1100,train/fps,25804.357225345688
1110,train/reward,1.3550797700881958
1110,train/actor_loss,0.033671703189611435
1110,train/critic_loss,0.20377199351787567
1110,train/entropy,-5.892249584197998
1110,train/episode_length_steps,711.8407478776858
1110,train/fps,25901.560650991643
1120,train/reward,1.3555982112884521
1120,train/actor_loss,0.020176421850919724
1120,train/critic_loss,0.08703121542930603
1120,train/entropy,-5.867794990539551
1120,train/episode_length_steps,909.3944711658012
1120,train/fps,26002.272853097184
1130,train/reward,1.3523263931274414
1130,train/actor_loss,0.018902024254202843
1130,train/critic_loss,0.19223752617835999
1130,train/entropy,-5.806954860687256
1130,train/episode_length_steps,779.5822535408565
1130,train/fps,26102.48806553067
1140,train/reward,1.3421870470046997
1140,train/actor_loss,0.017696663737297058
1140,train/critic_loss,0.28845709562301636
1140,train/entropy,-5.735839366912842
1140,train/episode_length_steps,744.1730667488358
1140,train/fps,26201.018700837165
1150,train/reward,1.3449761867523193
1150,train/actor_loss,0.022736018523573875
1150,train/critic_loss,0.2840823829174042
1150,train/entropy,-5.688896179199219
1150,train/episode_length_steps,861.5728416085835
1150,train/fps,26297.05560701669
1160,train/reward,1.3440310955047607
1160,train/actor_loss,0.019652199000120163
1160,train/critic_loss,0.17639431357383728
1160,train/entropy,-5.666776657104492
1160,train/episode_length_steps,818.5294606658226
1160,train/fps,26389.83159937403
1170,train/reward,1.343534231185913
1170,train/actor_loss,0.020415110513567924
1170,train/critic_loss,0.10300818830728531
1170,train/entropy,-5.620131492614746
1170,train/episode_length_steps,818.5294606658226
1170,train/fps,26486.456686959056
1180,train/reward,1.3417659997940063
1180,train/actor_loss,0.025432003661990166
1180,train/critic_loss,0.19921369850635529
1180,train/entropy,-5.5565361976623535
1180,train/episode_length_steps,909.3944711658012
1180,train/fps,26584.63424665889
1190,train/reward,1.3483330011367798
1190,train/actor_loss,0.010800804011523724
1190,train/critic_loss,0.2088831514120102
1190,train/entropy,-5.564112186431885
1190,train/episode_length_steps,1022.9524966434373
1190,train/fps,26679.66104629927
1200,train/reward,1.3580992221832275
1200,train/actor_loss,0.022150326520204544
1200,train/critic_loss,0.13426022231578827
1200,train/entropy,-5.603116035461426
1200,train/episode_length_steps,1212.1585181362116
1200,train/fps,26773.439360876502
1210,train/reward,1.3455888032913208
1210,train/actor_loss,0.023005470633506775
1210,train/critic_loss,0.16992004215717316
1210,train/entropy,-5.585328102111816
1210,train/episode_length_steps,696.70575204079
1210,train/fps,26867.267687658197
1220,train/reward,1.349983811378479
1220,train/actor_loss,0.024446792900562286
1220,train/critic_loss,0.13740234076976776
1220,train/entropy,-5.55298376083374
1220,train/episode_length_steps,1055.9161206631647
1220,train/fps,26957.313460061894
1230,train/reward,1.3460724353790283
1230,train/actor_loss,0.012454082258045673
1230,train/critic_loss,0.22346501052379608
1230,train/entropy,-5.523927211761475
1230,train/episode_length_steps,1212.1585181362116
1230,train/fps,27049.619225800838
1240,train/reward,1.3410112857818604
1240,train/actor_loss,0.017895083874464035
1240,train/critic_loss,0.08615335822105408
1240,train/entropy,-5.4947357177734375
1240,train/episode_length_steps,761.4662389368028
1240,train/fps,27136.335704224217
1250,train/reward,1.3457152843475342
1250,train/actor_loss,0.019926486536860466
1250,train/critic_loss,0.191463902592659
1250,train/entropy,-5.51197624206543
1250,train/episode_length_steps,1055.9161206631647
1250,train/fps,27226.791657431204
1260,train/reward,1.3417491912841797
1260,train/actor_loss,0.008795556612312794
1260,train/critic_loss,0.20555496215820312
1260,train/entropy,-5.494748592376709
1260,train/episode_length_steps,696.70575204079
1260,train/fps,27316.57474939411
1270,train/reward,1.3456591367721558
1270,train/actor_loss,0.01462006475776434
1270,train/critic_loss,0.18931369483470917
1270,train/entropy,-5.5269317626953125
1270,train/episode_length_steps,884.8379899660755
1270,train/fps,27405.73175806272
1280,train/reward,1.339280128479004
1280,train/actor_loss,0.018874920904636383
1280,train/critic_loss,0.21677029132843018
1280,train/entropy,-5.540019512176514
1280,train/episode_length_steps,1309.004261933798
1280,train/fps,27492.952462958663
1290,train/reward,1.3385567665100098
1290,train/actor_loss,0.02233344130218029
1290,train/critic_loss,0.3233015537261963
1290,train/entropy,-5.5164923667907715
1290,train/episode_length_steps,884.8379899660755
1290,train/fps,27578.58203108495
1300,train/reward,1.3286092281341553
1300,train/actor_loss,0.013898401521146297
1300,train/critic_loss,0.15153029561042786
1300,train/entropy,-5.480964183807373
1300,train/episode_length_steps,1212.1585181362116
1300,train/fps,27664.94765434913
1310,train/reward,1.3457059860229492
1310,train/actor_loss,0.01729622296988964
1310,train/critic_loss,0.14663636684417725
1310,train/entropy,-5.479804515838623
1310,train/episode_length_steps,1212.1585181362116
1310,train/fps,27749.892356294076
1320,train/reward,1.33745539188385
1320,train/actor_loss,0.014192557893693447
1320,train/critic_loss,0.314451664686203
1320,train/entropy,-5.485202312469482
1320,train/episode_length_steps,1091.074921898641
1320,train/fps,27835.503408072385
1330,train/reward,1.329944372177124
1330,train/actor_loss,0.014557420276105404
1330,train/critic_loss,0.17797814309597015
1330,train/entropy,-5.490418910980225
1330,train/episode_length_steps,779.5822535408565
1330,train/fps,27916.495579209728
1340,train/reward,1.3410236835479736
1340,train/actor_loss,0.021615324541926384
1340,train/critic_loss,0.11124386638402939
1340,train/entropy,-5.527966499328613
1340,train/episode_length_steps,962.8367577976614
1340,train/fps,27998.414112281476
1350,train/reward,1.3487417697906494
1350,train/actor_loss,0.017869271337985992
1350,train/critic_loss,0.13376586139202118
1350,train/entropy,-5.505536079406738
1350,train/episode_length_steps,1487.2393700146981
1350,train/fps,28079.728399807733
1360,train/reward,1.3422880172729492
1360,train/actor_loss,0.012423062697052956
1360,train/critic_loss,0.15564511716365814
1360,train/entropy,-5.517919540405273
1360,train/episode_length_steps,798.5812704616955
1360,train/fps,28161.506534681925
1370,train/reward,1.3454110622406006
1370,train/actor_loss,0.01714589260518551
1370,train/critic_loss,0.2692261040210724
1370,train/entropy,-5.544890880584717
1370,train/episode_length_steps,1022.9524966434373
1370,train/fps,28243.09851059532
1380,train/reward,1.3426421880722046
1380,train/actor_loss,0.00765676936134696
1380,train/critic_loss,0.17613843083381653
1380,train/entropy,-5.582163333892822
1380,train/episode_length_steps,884.8379899660755
1380,train/fps,28320.238390136652
1390,train/reward,1.333967685699463
1390,train/actor_loss,0.016291117295622826
1390,train/critic_loss,0.17185968160629272
1390,train/entropy,-5.5959391593933105
1390,train/episode_length_steps,761.4662389368028
1390,train/fps,28398.90233096583
1400,train/reward,1.3487160205841064
1400,train/actor_loss,0.02286910079419613
1400,train/critic_loss,0.08162733167409897
1400,train/entropy,-5.59609317779541
1400,train/episode_length_steps,935.352867349791
1400,train/fps,28476.55832591551
1410,train/reward,1.352773666381836
1410,train/actor_loss,0.02524561993777752
1410,train/critic_loss,0.10149040073156357
1410,train/entropy,-5.682031631469727
1410,train/episode_length_steps,798.5812704616955
1410,train/fps,28550.815229512267
1420,train/reward,1.3502748012542725
1420,train/actor_loss,0.012015561573207378
1420,train/critic_loss,0.0982680544257164
1420,train/entropy,-5.663496494293213
1420,train/episode_length_steps,798.5812704616955
1420,train/fps,28626.160821628775
1430,train/reward,1.3397074937820435
1430,train/actor_loss,0.015661543235182762
1430,train/critic_loss,0.07615994662046432
1430,train/entropy,-5.672743320465088
1430,train/episode_length_steps,798.5812704616955
1430,train/fps,28703.593313536763
1440,train/reward,1.355846881866455
1440,train/actor_loss,0.01577880047261715
1440,train/critic_loss,0.19153377413749695
1440,train/entropy,-5.678647518157959
1440,train/episode_length_steps,962.8367577976614
1440,train/fps,28780.279647472256
1450,train/reward,1.3546314239501953
1450,train/actor_loss,0.009847501292824745
1450,train/critic_loss,0.10594697296619415
1450,train/entropy,-5.680558204650879
1450,train/episode_length_steps,1055.9161206631647
1450,train/fps,28856.10850435986
1460,train/reward,1.328150749206543
1460,train/actor_loss,0.023089079186320305
1460,train/critic_loss,0.6039336919784546
1460,train/entropy,-5.633932590484619
1460,train/episode_length_steps,528.2369472856668
1460,train/fps,28931.6810259919
1470,train/reward,1.3568029403686523
1470,train/actor_loss,0.012529544532299042
1470,train/critic_loss,0.10628284513950348
1470,train/entropy,-5.66970682144165
1470,train/episode_length_steps,1258.7213161504762
1470,train/fps,29005.26584855967
1480,train/reward,1.3466695547103882
1480,train/actor_loss,0.020248929038643837
1480,train/critic_loss,0.5505643486976624
1480,train/entropy,-5.644789218902588
1480,train/episode_length_steps,1091.074921898641
1480,train/fps,29076.019956694658
1490,train/reward,1.337135672569275
1490,train/actor_loss,0.03466476872563362
1490,train/critic_loss,0.7966341376304626
1490,train/entropy,-5.541959762573242
1490,train/episode_length_steps,574.5468990738798
1490,train/fps,29142.63401870835
1500,train/reward,1.3561980724334717
1500,train/actor_loss,0.01852477341890335
1500,train/critic_loss,0.43161287903785706
1500,train/entropy,-5.494495391845703
1500,train/episode_length_steps,909.3944711658012
1500,train/fps,29194.307725075858
1510,train/reward,1.351047396659851
1510,train/actor_loss,0.018784746527671814
1510,train/critic_loss,0.15653692185878754
1510,train/entropy,-5.4755539894104
1510,train/episode_length_steps,861.5728416085835
1510,train/fps,29235.74897704591
1520,train/reward,1.3433891534805298
1520,train/actor_loss,0.014538371935486794
1520,train/critic_loss,0.3076857626438141
1520,train/entropy,-5.498024940490723
1520,train/episode_length_steps,727.6479207318547
1520,train/fps,29280.70512087656
1530,train/reward,1.3483099937438965
1530,train/actor_loss,0.01573869399726391
1530,train/critic_loss,0.08968956023454666
1530,train/entropy,-5.4937005043029785
1530,train/episode_length_steps,884.8379899660755
1530,train/fps,29337.535032659416
1540,train/reward,1.3568143844604492
1540,train/actor_loss,0.013180161826312542
1540,train/critic_loss,0.11727120727300644
1540,train/entropy,-5.521814823150635
1540,train/episode_length_steps,1309.004261933798
1540,train/fps,29391.953184087717
1550,train/reward,1.3480865955352783
1550,train/actor_loss,0.01857549138367176
1550,train/critic_loss,0.1326095461845398
1550,train/entropy,-5.5686774253845215
1550,train/episode_length_steps,935.352867349791
1550,train/fps,29445.51415898789
1560,train/reward,1.3541005849838257
1560,train/actor_loss,0.01461418904364109
1560,train/critic_loss,0.05761308595538139
1560,train/entropy,-5.610779762268066
1560,train/episode_length_steps,1212.1585181362116
1560,train/fps,29499.88902410872
1570,train/reward,1.3563733100891113
1570,train/actor_loss,0.015450931154191494
1570,train/critic_loss,0.15507999062538147
1570,train/entropy,-5.693878650665283
1570,train/episode_length_steps,1557.9499569433751
1570,train/fps,29550.23722631819
1580,train/reward,1.352466106414795
1580,train/actor_loss,0.012244028970599174
1580,train/critic_loss,0.0754593163728714
1580,train/entropy,-5.752724647521973
1580,train/episode_length_steps,727.6479207318547
1580,train/fps,29601.74056878886
1590,train/reward,1.3511868715286255
1590,train/actor_loss,0.013426761142909527
1590,train/critic_loss,0.07152419537305832
1590,train/entropy,-5.802805423736572
1590,train/episode_length_steps,909.3944711658012
1590,train/fps,29646.691499276058
1600,train/reward,1.359407663345337
1600,train/actor_loss,0.011439943686127663
1600,train/critic_loss,0.07288246601819992
1600,train/entropy,-5.890688419342041
1600,train/episode_length_steps,1309.004261933798
1600,train/fps,29707.603982596742
1610,train/reward,1.354790449142456
1610,train/actor_loss,0.011792092584073544
1610,train/critic_loss,0.02140733413398266
1610,train/entropy,-6.041088581085205
1610,train/episode_length_steps,1055.9161206631647
1610,train/fps,29775.08029583309
1620,train/reward,1.351668357849121
1620,train/actor_loss,0.01661032624542713
1620,train/critic_loss,0.024091918021440506
1620,train/entropy,-6.169928073883057
1620,train/episode_length_steps,818.5294606658226
1620,train/fps,29842.143005780752
1630,train/reward,1.3568427562713623
1630,train/actor_loss,0.017573893070220947
1630,train/critic_loss,0.03908037766814232
1630,train/entropy,-6.32379150390625
1630,train/episode_length_steps,1363.4717399177655
1630,train/fps,29906.351161462844
1640,train/reward,1.3583530187606812
1640,train/actor_loss,0.022395387291908264
1640,train/critic_loss,0.019377706572413445
1640,train/entropy,-6.473565101623535
1640,train/episode_length_steps,861.5728416085835
1640,train/fps,29967.57247706296
1650,train/reward,1.3523461818695068
1650,train/actor_loss,0.018248101696372032
1650,train/critic_loss,0.02282509207725525
1650,train/entropy,-6.574540138244629
1650,train/episode_length_steps,682.2009508175753
1650,train/fps,30031.01353153127
1660,train/reward,1.356128215789795
1660,train/actor_loss,0.017139775678515434
1660,train/critic_loss,0.04062455892562866
1660,train/entropy,-6.6185302734375
1660,train/episode_length_steps,909.3944711658012
1660,train/fps,30094.930655344837
1670,train/reward,1.3599121570587158
1670,train/actor_loss,0.021228110417723656
1670,train/critic_loss,0.07199237495660782
1670,train/entropy,-6.703141212463379
1670,train/episode_length_steps,909.3944711658012
1670,train/fps,30157.3913278889
1680,train/reward,1.3506107330322266
1680,train/actor_loss,0.019741453230381012
1680,train/critic_loss,0.0898248553276062
1680,train/entropy,-6.7587571144104
1680,train/episode_length_steps,909.3944711658012
1680,train/fps,30218.74457742827
1690,train/reward,1.3630990982055664
1690,train/actor_loss,0.020444780588150024
1690,train/critic_loss,0.0524677038192749
1690,train/entropy,-6.8313307762146
1690,train/episode_length_steps,991.9846862364063
1690,train/fps,30281.15989421066
1700,train/reward,1.3648064136505127
1700,train/actor_loss,0.018421610817313194
1700,train/critic_loss,0.0959615707397461
1700,train/entropy,-6.859790802001953
1700,train/episode_length_steps,1422.6687821455068
1700,train/fps,30343.270513524065
1710,train/reward,1.3508092164993286
1710,train/actor_loss,0.01199380960315466
1710,train/critic_loss,0.09571447223424911
1710,train/entropy,-6.906137943267822
1710,train/episode_length_steps,606.4468139037408
1710,train/fps,30404.397506380625
1720,train/reward,1.3578599691390991
1720,train/actor_loss,0.021574871614575386
1720,train/critic_loss,0.050977226346731186
1720,train/entropy,-6.932021617889404
1720,train/episode_length_steps,1635.7200362925382
1720,train/fps,30464.85691085511
1730,train/reward,1.3653819561004639
1730,train/actor_loss,0.01948920637369156
1730,train/critic_loss,0.042536668479442596
1730,train/entropy,-7.042290687561035
1730,train/episode_length_steps,1258.7213161504762
1730,train/fps,30524.202634077425
1740,train/reward,1.3580225706100464
1740,train/actor_loss,0.022578908130526543
1740,train/critic_loss,0.10305365175008774
1740,train/entropy,-7.068696022033691
1740,train/episode_length_steps,909.3944711658012
1740,train/fps,30583.592168170882
1750,train/reward,1.3654087781906128
1750,train/actor_loss,0.02097751572728157
1750,train/critic_loss,0.9940077662467957
1750,train/entropy,-7.032680034637451
1750,train/episode_length_steps,884.8379899660755
1750,train/fps,30642.766226554046
1760,train/reward,1.3683626651763916
1760,train/actor_loss,0.023897996172308922
1760,train/critic_loss,0.24237917363643646
1760,train/entropy,-6.903619289398193
1760,train/episode_length_steps,839.499776188048
1760,train/fps,30702.459835570284
1770,train/reward,1.3535133600234985
1770,train/actor_loss,0.03086037002503872
1770,train/critic_loss,0.7360231280326843
1770,train/entropy,-6.817935943603516
1770,train/episode_length_steps,839.499776188048
1770,train/fps,30759.433240859416
1780,train/reward,1.3597065210342407
1780,train/actor_loss,0.03296881914138794
1780,train/critic_loss,0.2749961018562317
1780,train/entropy,-6.715014934539795
1780,train/episode_length_steps,1022.9524966434373
1780,train/fps,30817.147656682013
1790,train/reward,1.3600304126739502
1790,train/actor_loss,0.019058767706155777
1790,train/critic_loss,0.45620790123939514
1790,train/entropy,-6.653542995452881
1790,train/episode_length_steps,1309.004261933798
1790,train/fps,30875.284221975526
1800,train/reward,1.3437738418579102
1800,train/actor_loss,0.024135543033480644
1800,train/critic_loss,0.8776424527168274
1800,train/entropy,-6.563365459442139
1800,train/episode_length_steps,818.5294606658226
1800,train/fps,30931.698389896388
1810,train/reward,1.3509562015533447
1810,train/actor_loss,0.01641771011054516
1810,train/critic_loss,0.18718281388282776
1810,train/entropy,-6.491072177886963
1810,train/episode_length_steps,1168.9177465457567
1810,train/fps,30985.75227803915
1820,train/reward,1.352253794670105
1820,train/actor_loss,0.01579861342906952
1820,train/critic_loss,0.08609814941883087
1820,train/entropy,-6.5051188468933105
1820,train/episode_length_steps,1721.6623456976936
1820,train/fps,31041.181528341054
1830,train/reward,1.3584165573120117
1830,train/actor_loss,0.0185150858014822
1830,train/critic_loss,0.14118048548698425
1830,train/entropy,-6.557746887207031
1830,train/episode_length_steps,861.5728416085835
1830,train/fps,31096.832452569608
1840,train/reward,1.353184700012207
1840,train/actor_loss,0.019228745251893997
1840,train/critic_loss,0.21414199471473694
1840,train/entropy,-6.573845863342285
1840,train/episode_length_steps,962.8367577976614
1840,train/fps,31152.41570535134
1850,train/reward,1.3621097803115845
1850,train/actor_loss,0.022580662742257118
1850,train/critic_loss,0.05306079611182213
1850,train/entropy,-6.561627388000488
1850,train/episode_length_steps,1258.7213161504762
1850,train/fps,31204.875300357955
1860,train/reward,1.35402250289917
1860,train/actor_loss,0.0150437131524086
1860,train/critic_loss,0.16107746958732605
1860,train/entropy,-6.645717144012451
1860,train/episode_length_steps,1022.9524966434373
1860,train/fps,31256.824357907873
1870,train/reward,1.3536231517791748
1870,train/actor_loss,0.016159651800990105
1870,train/critic_loss,0.04689481481909752
1870,train/entropy,-6.665250301361084
1870,train/episode_length_steps,962.8367577976614
1870,train/fps,31310.767671300935
1880,train/reward,1.3565824031829834
1880,train/actor_loss,0.0148526132106781
1880,train/critic_loss,0.040270812809467316
1880,train/entropy,-6.7192301750183105
1880,train/episode_length_steps,1168.9177465457567
1880,train/fps,31364.391419753945
1890,train/reward,1.3580284118652344
1890,train/actor_loss,0.015739282593131065
1890,train/critic_loss,0.08495666086673737
1890,train/entropy,-6.791601657867432
1890,train/episode_length_steps,935.352867349791
1890,train/fps,31416.755132130464
1900,train/reward,1.3484184741973877
1900,train/actor_loss,0.021892087534070015
1900,train/critic_loss,0.06101806089282036
1900,train/entropy,-6.9198126792907715
1900,train/episode_length_steps,861.5728416085835
1900,train/fps,31467.930781346156
1910,train/reward,1.3573811054229736
1910,train/actor_loss,0.012062299065291882
1910,train/critic_loss,0.05491115525364876
1910,train/entropy,-7.024241924285889
1910,train/episode_length_steps,935.352867349791
1910,train/fps,31518.382038946143
1920,train/reward,1.3624496459960938
1920,train/actor_loss,0.016201205551624298
1920,train/critic_loss,0.018323011696338654
1920,train/entropy,-7.096621036529541
1920,train/episode_length_steps,861.5728416085835
1920,train/fps,31569.462723952092
1930,train/reward,1.3515422344207764
1930,train/actor_loss,0.029928971081972122
1930,train/critic_loss,0.08477010577917099
1930,train/entropy,-7.137706279754639
1930,train/episode_length_steps,935.352867349791
1930,train/fps,31619.182012084162
1940,train/reward,1.356793761253357
1940,train/actor_loss,0.01572505012154579
1940,train/critic_loss,0.016048012301325798
1940,train/entropy,-7.179481029510498
1940,train/episode_length_steps,1055.9161206631647
1940,train/fps,31668.654653162615
1950,train/reward,1.362288236618042
1950,train/actor_loss,0.02715945802628994
1950,train/critic_loss,0.04173886775970459
1950,train/entropy,-7.276180267333984
1950,train/episode_length_steps,1168.9177465457567
1950,train/fps,31716.281817510142
1960,train/reward,1.3486181497573853
1960,train/actor_loss,0.01632614992558956
1960,train/critic_loss,0.09869422763586044
1960,train/entropy,-7.324622631072998
1960,train/episode_length_steps,696.70575204079
1960,train/fps,31765.061652078348
1970,train/reward,1.3595317602157593
1970,train/actor_loss,0.01236809603869915
1970,train/critic_loss,0.031324196606874466
1970,train/entropy,-7.341434478759766
1970,train/episode_length_steps,1258.7213161504762
1970,train/fps,31814.805534210387
1980,train/reward,1.3614500761032104
1980,train/actor_loss,0.03164372965693474
1980,train/critic_loss,0.06472475826740265
1980,train/entropy,-7.397015571594238
1980,train/episode_length_steps,1055.9161206631647
1980,train/fps,31855.109913005774
1990,train/reward,1.354931116104126
1990,train/actor_loss,0.009935970418155193
1990,train/critic_loss,0.09090793877840042
1990,train/entropy,-7.406613826751709
1990,train/episode_length_steps,798.5812704616955
1990,train/fps,31881.900663609133
2000,train/reward,1.363165020942688
2000,train/actor_loss,0.013584752567112446
2000,train/critic_loss,0.12165409326553345
2000,train/entropy,-7.423995494842529
2000,train/episode_length_steps,798.5812704616955
2000,train/fps,31907.73636729115
2000,eval/med_figure8_normal,0.12511375546455383
2010,train/reward,1.3643889427185059
2010,train/actor_loss,0.02956755831837654
2010,train/critic_loss,0.5129165053367615
2010,train/entropy,-7.298349857330322
2010,train/episode_length_steps,991.9846862364063
2010,train/fps,26137.807049899886
2020,train/reward,1.3583688735961914
2020,train/actor_loss,0.03183068335056305
2020,train/critic_loss,0.17902369797229767
2020,train/entropy,-7.192183017730713
2020,train/episode_length_steps,884.8379899660755
2020,train/fps,26193.671522325472
2030,train/reward,1.36410653591156
2030,train/actor_loss,0.052975963801145554
2030,train/critic_loss,2.82430100440979
2030,train/entropy,-7.141417026519775
2030,train/episode_length_steps,1022.9524966434373
2030,train/fps,26248.45726152996
2040,train/reward,1.3614904880523682
2040,train/actor_loss,0.024912169203162193
2040,train/critic_loss,6.493966579437256
2040,train/entropy,-7.0168609619140625
2040,train/episode_length_steps,935.352867349791
2040,train/fps,26303.890984706337
2050,train/reward,1.3453667163848877
2050,train/actor_loss,0.029432857409119606
2050,train/critic_loss,6.476105690002441
2050,train/entropy,-6.920299053192139
2050,train/episode_length_steps,617.8821365688474
2050,train/fps,26359.53249054392
2060,train/reward,1.3465476036071777
2060,train/actor_loss,0.018031885847449303
2060,train/critic_loss,7.662700653076172
2060,train/entropy,-6.862794399261475
2060,train/episode_length_steps,779.5822535408565
2060,train/fps,26414.596552199702
2070,train/reward,1.3583723306655884
2070,train/actor_loss,0.025047099217772484
2070,train/critic_loss,4.894282817840576
2070,train/entropy,-6.781566143035889
2070,train/episode_length_steps,1258.7213161504762
2070,train/fps,26468.2828747761
2080,train/reward,1.3396050930023193
2080,train/actor_loss,0.021294716745615005
2080,train/critic_loss,6.931957244873047
2080,train/entropy,-6.730508327484131
2080,train/episode_length_steps,584.8006652107567
2080,train/fps,26522.56856770219
2090,train/reward,1.3443331718444824
2090,train/actor_loss,0.023737816140055656
2090,train/critic_loss,4.201853275299072
2090,train/entropy,-6.68002462387085
2090,train/episode_length_steps,839.499776188048
2090,train/fps,26574.8092882267
2100,train/reward,1.3591735363006592
2100,train/actor_loss,0.01934383623301983
2100,train/critic_loss,1.8997526168823242
2100,train/entropy,-6.627089977264404
2100,train/episode_length_steps,1635.7200362925382
2100,train/fps,26628.832650058186
2110,train/reward,1.35459566116333
2110,train/actor_loss,0.020268352702260017
2110,train/critic_loss,1.487976312637329
2110,train/entropy,-6.610391139984131
2110,train/episode_length_steps,818.5294606658226
2110,train/fps,26681.403171199257
2120,train/reward,1.3508117198944092
2120,train/actor_loss,0.019169244915246964
2120,train/critic_loss,0.44619986414909363
2120,train/entropy,-6.5830583572387695
2120,train/episode_length_steps,861.5728416085835
2120,train/fps,26734.69567965125
2130,train/reward,1.3524675369262695
2130,train/actor_loss,0.022154806181788445
2130,train/critic_loss,0.32486388087272644
2130,train/entropy,-6.538461208343506
2130,train/episode_length_steps,1055.9161206631647
2130,train/fps,26787.89853038918
2140,train/reward,1.3495190143585205
2140,train/actor_loss,0.02489692158997059
2140,train/critic_loss,1.1714999675750732
2140,train/entropy,-6.534340858459473
2140,train/episode_length_steps,711.8407478776858
2140,train/fps,26841.19291627721
2150,train/reward,1.3443424701690674
2150,train/actor_loss,0.017493246123194695
2150,train/critic_loss,0.6501607894897461
2150,train/entropy,-6.443975925445557
2150,train/episode_length_steps,711.8407478776858
2150,train/fps,26894.251525001295
2160,train/reward,1.3577977418899536
2160,train/actor_loss,0.023123441264033318
2160,train/critic_loss,0.7662452459335327
2160,train/entropy,-6.432956218719482
2160,train/episode_length_steps,1557.9499569433751
2160,train/fps,26944.653554837332
2170,train/reward,1.3498101234436035
2170,train/actor_loss,0.01984381675720215
2170,train/critic_loss,0.5646094679832458
2170,train/entropy,-6.398266792297363
2170,train/episode_length_steps,962.8367577976614
2170,train/fps,26995.776622185225
2180,train/reward,1.3370721340179443
2180,train/actor_loss,0.018706215545535088
2180,train/critic_loss,0.3925566077232361
2180,train/entropy,-6.368250370025635
2180,train/episode_length_steps,668.2877866491242
2180,train/fps,27047.052044101154
2190,train/reward,1.341395616531372
2190,train/actor_loss,0.021123072132468224
2190,train/critic_loss,0.549419641494751
2190,train/entropy,-6.334580421447754
2190,train/episode_length_steps,744.1730667488358
2190,train/fps,27098.44173067783
2200,train/reward,1.3472555875778198
2200,train/actor_loss,0.017695283517241478
2200,train/critic_loss,0.49569159746170044
2200,train/entropy,-6.324563503265381
2200,train/episode_length_steps,884.8379899660755
2200,train/fps,27148.707972147702
2210,train/reward,1.3463448286056519
2210,train/actor_loss,0.016763247549533844
2210,train/critic_loss,0.25907161831855774
2210,train/entropy,-6.32558536529541
2210,train/episode_length_steps,779.5822535408565
2210,train/fps,27198.34714375726
2220,train/reward,1.3477973937988281
2220,train/actor_loss,0.013784802518785
2220,train/critic_loss,0.5868858695030212
2220,train/entropy,-6.2849860191345215
2220,train/episode_length_steps,909.3944711658012
2220,train/fps,27249.169031678874
2230,train/reward,1.3410441875457764
2230,train/actor_loss,0.022496143355965614
2230,train/critic_loss,0.8847963213920593
2230,train/entropy,-6.218938827514648
2230,train/episode_length_steps,1022.9524966434373
2230,train/fps,27298.988022620324
2240,train/reward,1.3334852457046509
2240,train/actor_loss,0.02848568558692932
2240,train/critic_loss,0.5249930620193481
2240,train/entropy,-6.165351390838623
2240,train/episode_length_steps,696.70575204079
2240,train/fps,27349.047975736124
2250,train/reward,1.343011736869812
2250,train/actor_loss,0.017416218295693398
2250,train/critic_loss,0.5558232665061951
2250,train/entropy,-6.153132915496826
2250,train/episode_length_steps,935.352867349791
2250,train/fps,27397.088216974847
2260,train/reward,1.3476897478103638
2260,train/actor_loss,0.00983788724988699
2260,train/critic_loss,1.2823790311813354
2260,train/entropy,-6.120974540710449
2260,train/episode_length_steps,818.5294606658226
2260,train/fps,27445.46524471353
2270,train/reward,1.3361929655075073
2270,train/actor_loss,0.020019767805933952
2270,train/critic_loss,0.7443820238113403
2270,train/entropy,-6.063092231750488
2270,train/episode_length_steps,761.4662389368028
2270,train/fps,27495.0724695373
2280,train/reward,1.34423828125
2280,train/actor_loss,0.026506751775741577
2280,train/critic_loss,1.306695818901062
2280,train/entropy,-6.0192108154296875
2280,train/episode_length_steps,779.5822535408565
2280,train/fps,27544.665980963735
2290,train/reward,1.3514869213104248
2290,train/actor_loss,0.023253722116351128
2290,train/critic_loss,0.583943784236908
2290,train/entropy,-5.997987270355225
2290,train/episode_length_steps,1212.1585181362116
2290,train/fps,27592.83282715302
2300,train/reward,1.3310858011245728
2300,train/actor_loss,0.023397069424390793
2300,train/critic_loss,1.0442670583724976
2300,train/entropy,-6.000970363616943
2300,train/episode_length_steps,884.8379899660755
2300,train/fps,27640.49662540049
2310,train/reward,1.3399590253829956
2310,train/actor_loss,0.009733843617141247
2310,train/critic_loss,0.3797665536403656
2310,train/entropy,-5.99253511428833
2310,train/episode_length_steps,991.9846862364063
2310,train/fps,27689.426526570573
2320,train/reward,1.3478065729141235
2320,train/actor_loss,0.008716738782823086
2320,train/critic_loss,0.28142616152763367
2320,train/entropy,-6.01543664932251
2320,train/episode_length_steps,1055.9161206631647
2320,train/fps,27738.059223179815
2330,train/reward,1.3351303339004517
2330,train/actor_loss,0.010973245836794376
2330,train/critic_loss,0.4240413308143616
2330,train/entropy,-5.999969005584717
2330,train/episode_length_steps,818.5294606658226
2330,train/fps,27785.944025015327
2340,train/reward,1.3458304405212402
2340,train/actor_loss,0.022191449999809265
2340,train/critic_loss,0.43592262268066406
2340,train/entropy,-6.017432689666748
2340,train/episode_length_steps,991.9846862364063
2340,train/fps,27827.271727007876
2350,train/reward,1.3540775775909424
2350,train/actor_loss,0.015079773031175137
2350,train/critic_loss,0.21058280766010284
2350,train/entropy,-6.023642539978027
2350,train/episode_length_steps,1487.2393700146981
2350,train/fps,27859.923634043396
2360,train/reward,1.341543197631836
2360,train/actor_loss,0.021005937829613686
2360,train/critic_loss,0.3325694799423218
2360,train/entropy,-6.0041937828063965
2360,train/episode_length_steps,761.4662389368028
2360,train/fps,27893.56489257215
2370,train/reward,1.344241976737976
2370,train/actor_loss,0.018132351338863373
2370,train/critic_loss,0.2795133590698242
2370,train/entropy,-6.0147881507873535
2370,train/episode_length_steps,935.352867349791
2370,train/fps,27925.472461430192
2380,train/reward,1.3499951362609863
2380,train/actor_loss,0.015637651085853577
2380,train/critic_loss,0.24673400819301605
2380,train/entropy,-5.9950642585754395
2380,train/episode_length_steps,839.499776188048
2380,train/fps,27961.417416905504
2390,train/reward,1.3493785858154297
2390,train/actor_loss,0.02037224732339382
2390,train/critic_loss,0.9259082078933716
2390,train/entropy,-6.003228664398193
2390,train/episode_length_steps,761.4662389368028
2390,train/fps,28000.110877888223
2400,train/reward,1.3318824768066406
2400,train/actor_loss,0.012158788740634918
2400,train/critic_loss,0.5223047137260437
2400,train/entropy,-5.967994213104248
2400,train/episode_length_steps,595.4270735573396
2400,train/fps,28037.060250703915
2410,train/reward,1.339834213256836
2410,train/actor_loss,0.030243827030062675
2410,train/critic_loss,0.41850271821022034
2410,train/entropy,-5.963958263397217
2410,train/episode_length_steps,935.352867349791
2410,train/fps,28075.61636504734
2420,train/reward,1.3428378105163574
2420,train/actor_loss,0.012569332495331764
2420,train/critic_loss,0.48583346605300903
2420,train/entropy,-5.96322774887085
2420,train/episode_length_steps,991.9846862364063
2420,train/fps,28117.07805913939
2430,train/reward,1.3235087394714355
2430,train/actor_loss,0.019894912838935852
2430,train/critic_loss,3.305004835128784
2430,train/entropy,-5.874908447265625
2430,train/episode_length_steps,503.8690648997133
2430,train/fps,28157.805699553366
2440,train/reward,1.329301357269287
2440,train/actor_loss,0.031094113364815712
2440,train/critic_loss,2.157517671585083
2440,train/entropy,-5.844972133636475
2440,train/episode_length_steps,696.70575204079
2440,train/fps,28195.8329134484
2450,train/reward,1.3492693901062012
2450,train/actor_loss,0.012729698792099953
2450,train/critic_loss,1.4834593534469604
2450,train/entropy,-5.80117130279541
2450,train/episode_length_steps,962.8367577976614
2450,train/fps,28236.46742583298
2460,train/reward,1.3437774181365967
2460,train/actor_loss,0.016334768384695053
2460,train/critic_loss,0.8217419981956482
2460,train/entropy,-5.813081741333008
2460,train/episode_length_steps,779.5822535408565
2460,train/fps,28280.39282581243
2470,train/reward,1.335723638534546
2470,train/actor_loss,0.023989973589777946
2470,train/critic_loss,1.3233320713043213
2470,train/entropy,-5.7952752113342285
2470,train/episode_length_steps,779.5822535408565
2470,train/fps,28324.13679373261
2480,train/reward,1.348708152770996
2480,train/actor_loss,0.019754692912101746
2480,train/critic_loss,0.5934790968894958
2480,train/entropy,-5.767923355102539
2480,train/episode_length_steps,1022.9524966434373
2480,train/fps,28367.773121624705
2490,train/reward,1.3399543762207031
2490,train/actor_loss,0.02943066693842411
2490,train/critic_loss,0.39172208309173584
2490,train/entropy,-5.7441086769104
2490,train/episode_length_steps,779.5822535408565
2490,train/fps,28412.32483367888
2500,train/reward,1.3383762836456299
2500,train/actor_loss,0.01833372190594673
2500,train/critic_loss,0.7050296068191528
2500,train/entropy,-5.7227888107299805
2500,train/episode_length_steps,595.4270735573396
2500,train/fps,28455.182592842924
2510,train/reward,1.3505111932754517
2510,train/actor_loss,0.010732844471931458
2510,train/critic_loss,0.7388634085655212
2510,train/entropy,-5.690796852111816
2510,train/episode_length_steps,1363.4717399177655
2510,train/fps,28495.18828981118
2520,train/reward,1.3376564979553223
2520,train/actor_loss,0.016087606549263
2520,train/critic_loss,0.5635867714881897
2520,train/entropy,-5.681257247924805
2520,train/episode_length_steps,595.4270735573396
2520,train/fps,28538.486503154934
2530,train/reward,1.349393606185913
2530,train/actor_loss,0.018690286204218864
2530,train/critic_loss,0.21358707547187805
2530,train/entropy,-5.692819118499756
2530,train/episode_length_steps,711.8407478776858
2530,train/fps,28581.557132964932
2540,train/reward,1.349428415298462
2540,train/actor_loss,0.008192540146410465
2540,train/critic_loss,0.511703372001648
2540,train/entropy,-5.716397285461426
2540,train/episode_length_steps,884.8379899660755
2540,train/fps,28624.114709040303
2550,train/reward,1.3494470119476318
2550,train/actor_loss,0.03424850106239319
2550,train/critic_loss,0.3848586976528168
2550,train/entropy,-5.722741603851318
2550,train/episode_length_steps,682.2009508175753
2550,train/fps,28665.407948737964
2560,train/reward,1.3540321588516235
2560,train/actor_loss,0.01671479642391205
2560,train/critic_loss,0.12435895204544067
2560,train/entropy,-5.803037643432617
2560,train/episode_length_steps,991.9846862364063
2560,train/fps,28707.57488075408
2570,train/reward,1.3546357154846191
2570,train/actor_loss,0.0224506463855505
2570,train/critic_loss,0.3479411005973816
2570,train/entropy,-5.844551086425781
2570,train/episode_length_steps,991.9846862364063
2570,train/fps,28749.53508926259
2580,train/reward,1.3454246520996094
2580,train/actor_loss,0.018064284697175026
2580,train/critic_loss,0.2638993263244629
2580,train/entropy,-5.838631629943848
2580,train/episode_length_steps,1128.6557313446654
2580,train/fps,28791.15820507948
2590,train/reward,1.342083215713501
2590,train/actor_loss,0.008372283540666103
2590,train/critic_loss,0.20313850045204163
2590,train/entropy,-5.846560955047607
2590,train/episode_length_steps,779.5822535408565
2590,train/fps,28832.791349483065
2600,train/reward,1.3444740772247314
2600,train/actor_loss,0.013678564690053463
2600,train/critic_loss,0.12830550968647003
2600,train/entropy,-5.8745293617248535
2600,train/episode_length_steps,1128.6557313446654
2600,train/fps,28873.941028900717
2610,train/reward,1.3449856042861938
2610,train/actor_loss,0.019264111295342445
2610,train/critic_loss,0.19473344087600708
2610,train/entropy,-5.924055576324463
2610,train/episode_length_steps,1128.6557313446654
2610,train/fps,28915.032159019636
2620,train/reward,1.3379900455474854
2620,train/actor_loss,0.020016198977828026
2620,train/critic_loss,0.30657896399497986
2620,train/entropy,-5.993195056915283
2620,train/episode_length_steps,744.1730667488358
2620,train/fps,28956.18777582144
2630,train/reward,1.3402736186981201
2630,train/actor_loss,0.0163209680467844
2630,train/critic_loss,0.20588548481464386
2630,train/entropy,-5.987697124481201
2630,train/episode_length_steps,779.5822535408565
2630,train/fps,28997.912752824654
2640,train/reward,1.35645592212677
2640,train/actor_loss,0.016935279592871666
2640,train/critic_loss,0.14140929281711578
2640,train/entropy,-6.0438127517700195
2640,train/episode_length_steps,1055.9161206631647
2640,train/fps,29038.320204517946
2650,train/reward,1.3475710153579712
2650,train/actor_loss,0.014142343774437904
2650,train/critic_loss,0.09269803762435913
2650,train/entropy,-6.129115581512451
2650,train/episode_length_steps,798.5812704616955
2650,train/fps,29078.59136012997
2660,train/reward,1.3493386507034302
2660,train/actor_loss,0.01171096321195364
2660,train/critic_loss,0.12385614961385727
2660,train/entropy,-6.253965854644775
2660,train/episode_length_steps,935.352867349791
2660,train/fps,29119.271530335467
2670,train/reward,1.3608157634735107
2670,train/actor_loss,0.010416348464787006
2670,train/critic_loss,0.047319527715444565
2670,train/entropy,-6.288887977600098
2670,train/episode_length_steps,1168.9177465457567
2670,train/fps,29159.09295139187
2680,train/reward,1.352059006690979
2680,train/actor_loss,0.012020708061754704
2680,train/critic_loss,0.12598483264446259
2680,train/entropy,-6.319731712341309
2680,train/episode_length_steps,909.3944711658012
2680,train/fps,29198.863066222748
2690,train/reward,1.3445630073547363
2690,train/actor_loss,0.015024648979306221
2690,train/critic_loss,0.22586984932422638
2690,train/entropy,-6.346634387969971
2690,train/episode_length_steps,1022.9524966434373
2690,train/fps,29237.882575205767
2700,train/reward,1.3559815883636475
2700,train/actor_loss,0.014263271354138851
2700,train/critic_loss,0.14387114346027374
2700,train/entropy,-6.363094806671143
2700,train/episode_length_steps,1128.6557313446654
2700,train/fps,29276.712417424922
2710,train/reward,1.3464915752410889
2710,train/actor_loss,0.011554158292710781
2710,train/critic_loss,0.2991305887699127
2710,train/entropy,-6.383462429046631
2710,train/episode_length_steps,991.9846862364063
2710,train/fps,29315.465732567456
2720,train/reward,1.3475991487503052
2720,train/actor_loss,0.0122188376262784
2720,train/critic_loss,0.2864197790622711
2720,train/entropy,-6.415608882904053
2720,train/episode_length_steps,935.352867349791
2720,train/fps,29354.780081506156
2730,train/reward,1.3511848449707031
2730,train/actor_loss,0.014863374643027782
2730,train/critic_loss,0.2804524898529053
2730,train/entropy,-6.4073028564453125
2730,train/episode_length_steps,962.8367577976614
2730,train/fps,29392.49135025127
2740,train/reward,1.3463873863220215
2740,train/actor_loss,0.016461752355098724
2740,train/critic_loss,0.22128057479858398
2740,train/entropy,-6.394375324249268
2740,train/episode_length_steps,696.70575204079
2740,train/fps,29431.00734607609
2750,train/reward,1.346296787261963
2750,train/actor_loss,0.015910353511571884
2750,train/critic_loss,0.18021081387996674
2750,train/entropy,-6.382995128631592
2750,train/episode_length_steps,818.5294606658226
2750,train/fps,29467.152777216823
2760,train/reward,1.3505107164382935
2760,train/actor_loss,0.027844110503792763
2760,train/critic_loss,0.11587120592594147
2760,train/entropy,-6.34579610824585
2760,train/episode_length_steps,1055.9161206631647
2760,train/fps,29506.041262581584
2770,train/reward,1.3487296104431152
2770,train/actor_loss,0.014933421276509762
2770,train/critic_loss,0.11634042114019394
2770,train/entropy,-6.358363628387451
2770,train/episode_length_steps,839.499776188048
2770,train/fps,29543.775374900313
2780,train/reward,1.3519586324691772
2780,train/actor_loss,0.01778528466820717
2780,train/critic_loss,0.2327350378036499
2780,train/entropy,-6.369499683380127
2780,train/episode_length_steps,711.8407478776858
2780,train/fps,29581.82866955103
2790,train/reward,1.3585574626922607
2790,train/actor_loss,0.011315097101032734
2790,train/critic_loss,0.1094939112663269
2790,train/entropy,-6.42842435836792
2790,train/episode_length_steps,909.3944711658012
2790,train/fps,29619.628111263
2800,train/reward,1.349009394645691
2800,train/actor_loss,0.013824507594108582
2800,train/critic_loss,0.10181289911270142
2800,train/entropy,-6.4581451416015625
2800,train/episode_length_steps,711.8407478776858
2800,train/fps,29657.815870110026
2810,train/reward,1.3472659587860107
2810,train/actor_loss,0.014641709625720978
2810,train/critic_loss,0.08667431026697159
2810,train/entropy,-6.434512615203857
2810,train/episode_length_steps,861.5728416085835
2810,train/fps,29695.9801506547
2820,train/reward,1.3500359058380127
2820,train/actor_loss,0.01384571474045515
2820,train/critic_loss,0.09692263603210449
2820,train/entropy,-6.444866180419922
2820,train/episode_length_steps,1168.9177465457567
2820,train/fps,29732.70478925788
2830,train/reward,1.356676697731018
2830,train/actor_loss,0.018048783764243126
2830,train/critic_loss,0.09229244291782379
2830,train/entropy,-6.4935503005981445
2830,train/episode_length_steps,1363.4717399177655
2830,train/fps,29765.11332191827
2840,train/reward,1.3504505157470703
2840,train/actor_loss,0.014605375938117504
2840,train/critic_loss,0.13277709484100342
2840,train/entropy,-6.5631937980651855
2840,train/episode_length_steps,962.8367577976614
2840,train/fps,29787.81675982066
2850,train/reward,1.3493812084197998
2850,train/actor_loss,0.011348397471010685
2850,train/critic_loss,0.1170312911272049
2850,train/entropy,-6.580920696258545
2850,train/episode_length_steps,991.9846862364063
2850,train/fps,29810.573610190266
2860,train/reward,1.3588171005249023
2860,train/actor_loss,0.016574790701270103
2860,train/critic_loss,0.03670492395758629
2860,train/entropy,-6.672275543212891
2860,train/episode_length_steps,1212.1585181362116
2860,train/fps,29833.50322270913
2870,train/reward,1.3550870418548584
2870,train/actor_loss,0.02126394212245941
2870,train/critic_loss,0.14478856325149536
2870,train/entropy,-6.7310686111450195
2870,train/episode_length_steps,935.352867349791
2870,train/fps,29860.979509950866
2880,train/reward,1.354203701019287
2880,train/actor_loss,0.022279471158981323
2880,train/critic_loss,0.09987801313400269
2880,train/entropy,-6.710418224334717
2880,train/episode_length_steps,861.5728416085835
2880,train/fps,29889.751636479985
2890,train/reward,1.356342077255249
2890,train/actor_loss,0.01690901815891266
2890,train/critic_loss,0.12958002090454102
2890,train/entropy,-6.71520471572876
2890,train/episode_length_steps,1091.074921898641
2890,train/fps,29916.98576216203
2900,train/reward,1.3559398651123047
2900,train/actor_loss,0.01832164265215397
2900,train/critic_loss,0.059623684734106064
2900,train/entropy,-6.733124732971191
2900,train/episode_length_steps,884.8379899660755
2900,train/fps,29946.443460465907
2910,train/reward,1.3506245613098145
2910,train/actor_loss,0.008583205752074718
2910,train/critic_loss,0.06892590969800949
2910,train/entropy,-6.757938385009766
2910,train/episode_length_steps,991.9846862364063
2910,train/fps,29971.473655051326
2920,train/reward,1.3633826971054077
2920,train/actor_loss,0.017790773883461952
2920,train/critic_loss,0.07826876640319824
2920,train/entropy,-6.804193019866943
2920,train/episode_length_steps,1212.1585181362116
2920,train/fps,29999.224234721438
2930,train/reward,1.36005699634552
2930,train/actor_loss,0.013346535153687
2930,train/critic_loss,0.05543801933526993
2930,train/entropy,-6.929239749908447
2930,train/episode_length_steps,935.352867349791
2930,train/fps,30026.29040272233
2940,train/reward,1.358412742614746
2940,train/actor_loss,0.009938674978911877
2940,train/critic_loss,0.06365905702114105
2940,train/entropy,-6.977832794189453
2940,train/episode_length_steps,909.3944711658012
2940,train/fps,30057.480128002015
2950,train/reward,1.365490436553955
2950,train/actor_loss,0.013344711624085903
2950,train/critic_loss,0.073991559445858
2950,train/entropy,-7.028723239898682
2950,train/episode_length_steps,1309.004261933798
2950,train/fps,30093.039679083548
2960,train/reward,1.3596911430358887
2960,train/actor_loss,0.016650686040520668
2960,train/critic_loss,0.03663311526179314
2960,train/entropy,-7.107710361480713
2960,train/episode_length_steps,1128.6557313446654
2960,train/fps,30128.79511329643
2970,train/reward,1.3567231893539429
2970,train/actor_loss,0.017820997163653374
2970,train/critic_loss,0.07285010069608688
2970,train/entropy,-7.177314758300781
2970,train/episode_length_steps,991.9846862364063
2970,train/fps,30164.124600002167
2980,train/reward,1.3584492206573486
2980,train/actor_loss,0.014386358670890331
2980,train/critic_loss,0.03286274895071983
2980,train/entropy,-7.122812747955322
2980,train/episode_length_steps,1168.9177465457567
2980,train/fps,30199.751014157202
2990,train/reward,1.3564491271972656
2990,train/actor_loss,0.022200701758265495
2990,train/critic_loss,0.3108755052089691
2990,train/entropy,-7.2140793800354
2990,train/episode_length_steps,991.9846862364063
2990,train/fps,30234.096202551827
3000,train/reward,1.354039192199707
3000,train/actor_loss,0.019753674045205116
3000,train/critic_loss,0.2958627939224243
3000,train/entropy,-7.18319845199585
3000,train/episode_length_steps,818.5294606658226
3000,train/fps,30268.950962487503
3000,eval/med_figure8_normal,0.10605082660913467
3010,train/reward,1.3559813499450684
3010,train/actor_loss,0.02190459333360195
3010,train/critic_loss,0.22542650997638702
3010,train/entropy,-7.1083197593688965
3010,train/episode_length_steps,909.3944711658012
3010,train/fps,26508.312262702784
3020,train/reward,1.3568115234375
3020,train/actor_loss,0.02646571956574917
3020,train/critic_loss,0.13820166885852814
3020,train/entropy,-7.107513427734375
3020,train/episode_length_steps,935.352867349791
3020,train/fps,26545.236674145654
3030,train/reward,1.355583906173706
3030,train/actor_loss,0.012075408361852169
3030,train/critic_loss,0.08397897332906723
3030,train/entropy,-7.080697059631348
3030,train/episode_length_steps,798.5812704616955
3030,train/fps,26583.027929938697
3040,train/reward,1.3621944189071655
3040,train/actor_loss,0.01379088219255209
3040,train/critic_loss,0.1604144424200058
3040,train/entropy,-7.079991817474365
3040,train/episode_length_steps,1055.9161206631647
3040,train/fps,26620.665227962843
3050,train/reward,1.3668677806854248
3050,train/actor_loss,0.014397211372852325
3050,train/critic_loss,0.19669313728809357
3050,train/entropy,-7.093982696533203
3050,train/episode_length_steps,839.499776188048
3050,train/fps,26657.85885638731
3060,train/reward,1.3610694408416748
3060,train/actor_loss,0.013613030314445496
3060,train/critic_loss,0.21784761548042297
3060,train/entropy,-7.045507907867432
3060,train/episode_length_steps,839.499776188048
3060,train/fps,26694.15020413955
3070,train/reward,1.359940528869629
3070,train/actor_loss,0.02513483539223671
3070,train/critic_loss,0.5132505297660828
3070,train/entropy,-7.05145263671875
3070,train/episode_length_steps,884.8379899660755
3070,train/fps,26730.94316457887
3080,train/reward,1.3600633144378662
3080,train/actor_loss,0.010734754614531994
3080,train/critic_loss,0.3101549446582794
3080,train/entropy,-7.008666515350342
3080,train/episode_length_steps,1258.7213161504762
3080,train/fps,26768.022806142642
3090,train/reward,1.3591018915176392
3090,train/actor_loss,0.017386244609951973
3090,train/critic_loss,0.4180498719215393
3090,train/entropy,-7.002274990081787
3090,train/episode_length_steps,861.5728416085835
3090,train/fps,26804.388392672485
3100,train/reward,1.3646336793899536
3100,train/actor_loss,0.03195423632860184
3100,train/critic_loss,0.6782912611961365
3100,train/entropy,-6.929945468902588
3100,train/episode_length_steps,839.499776188048
3100,train/fps,26840.392985788098
3110,train/reward,1.3654894828796387
3110,train/actor_loss,0.026999009773135185
3110,train/critic_loss,0.2551822364330292
3110,train/entropy,-6.853750705718994
3110,train/episode_length_steps,839.499776188048
3110,train/fps,26876.671794187492
3120,train/reward,1.3628132343292236
3120,train/actor_loss,0.020035240799188614
3120,train/critic_loss,0.3072366416454315
3120,train/entropy,-6.8445353507995605
3120,train/episode_length_steps,1022.9524966434373
3120,train/fps,26913.107141125918
3130,train/reward,1.3600102663040161
3130,train/actor_loss,0.020268980413675308
3130,train/critic_loss,1.234519124031067
3130,train/entropy,-6.803187847137451
3130,train/episode_length_steps,935.352867349791
3130,train/fps,26949.682760188
3140,train/reward,1.3624807596206665
3140,train/actor_loss,0.02298331819474697
3140,train/critic_loss,0.3231881558895111
3140,train/entropy,-6.737722873687744
3140,train/episode_length_steps,761.4662389368028
3140,train/fps,26986.217703942762
3150,train/reward,1.3557474613189697
3150,train/actor_loss,0.021341755986213684
3150,train/critic_loss,0.19046743214130402
3150,train/entropy,-6.6823930740356445
3150,train/episode_length_steps,696.70575204079
3150,train/fps,27021.525897034928
3160,train/reward,1.3530104160308838
3160,train/actor_loss,0.018071219325065613
3160,train/critic_loss,0.7293642163276672
3160,train/entropy,-6.620118141174316
3160,train/episode_length_steps,682.2009508175753
3160,train/fps,27057.138809754848
3170,train/reward,1.3645081520080566
3170,train/actor_loss,0.009766103699803352
3170,train/critic_loss,0.17656591534614563
3170,train/entropy,-6.613444805145264
3170,train/episode_length_steps,744.1730667488358
3170,train/fps,27089.8881130533
3180,train/reward,1.3543367385864258
3180,train/actor_loss,0.021521011367440224
3180,train/critic_loss,0.30056679248809814
3180,train/entropy,-6.581309795379639
3180,train/episode_length_steps,682.2009508175753
3180,train/fps,27116.418871730042
3190,train/reward,1.3512659072875977
3190,train/actor_loss,0.020736342296004295
3190,train/critic_loss,0.5595199465751648
3190,train/entropy,-6.554673671722412
3190,train/episode_length_steps,696.70575204079
3190,train/fps,27141.920124321507
3200,train/reward,1.3528116941452026
3200,train/actor_loss,0.010190056636929512
3200,train/critic_loss,0.5645920038223267
3200,train/entropy,-6.517482757568359
3200,train/episode_length_steps,779.5822535408565
3200,train/fps,27167.122274056877
3210,train/reward,1.3506028652191162
3210,train/actor_loss,0.015171206556260586
3210,train/critic_loss,0.1973957121372223
3210,train/entropy,-6.489793300628662
3210,train/episode_length_steps,682.2009508175753
3210,train/fps,27194.49118595721
3220,train/reward,1.352062463760376
3220,train/actor_loss,0.011416363529860973
3220,train/critic_loss,0.3571568429470062
3220,train/entropy,-6.4676127433776855
3220,train/episode_length_steps,668.2877866491242
3220,train/fps,27221.49591954903
3230,train/reward,1.3482469320297241
3230,train/actor_loss,0.022565681487321854
3230,train/critic_loss,0.24832288920879364
3230,train/entropy,-6.4746222496032715
3230,train/episode_length_steps,467.89525726014426
3230,train/fps,27249.350969335454
3240,train/reward,1.3524030447006226
3240,train/actor_loss,0.02112703025341034
3240,train/critic_loss,0.1264784187078476
3240,train/entropy,-6.455924987792969
3240,train/episode_length_steps,511.73799014904364
3240,train/fps,27280.486499705596
3250,train/reward,1.3550149202346802
3250,train/actor_loss,0.03382948040962219
3250,train/critic_loss,0.15777263045310974
3250,train/entropy,-6.464608192443848
3250,train/episode_length_steps,744.1730667488358
3250,train/fps,27310.07017834012
3260,train/reward,1.357578992843628
3260,train/actor_loss,0.006912314333021641
3260,train/critic_loss,0.2515927255153656
3260,train/entropy,-6.438018798828125
3260,train/episode_length_steps,564.6465114329891
3260,train/fps,27337.123480463604
3270,train/reward,1.3487050533294678
3270,train/actor_loss,0.015835057944059372
3270,train/critic_loss,0.21479307115077972
3270,train/entropy,-6.394082546234131
3270,train/episode_length_steps,606.4468139037408
3270,train/fps,27364.878055974
3280,train/reward,1.3432785272598267
3280,train/actor_loss,0.011922700330615044
3280,train/critic_loss,0.1542113870382309
3280,train/entropy,-6.359593391418457
3280,train/episode_length_steps,654.9307845610301
3280,train/fps,27395.60093024725
3290,train/reward,1.3424690961837769
3290,train/actor_loss,0.020724046975374222
3290,train/critic_loss,0.5393444299697876
3290,train/entropy,-6.330665111541748
3290,train/episode_length_steps,629.7570023566689
3290,train/fps,27429.11080004592
3300,train/reward,1.3567109107971191
3300,train/actor_loss,0.014690287411212921
3300,train/critic_loss,0.12559062242507935
3300,train/entropy,-6.309574127197266
3300,train/episode_length_steps,1055.9161206631647
3300,train/fps,27463.05235288716
3310,train/reward,1.346135139465332
3310,train/actor_loss,0.009722935035824776
3310,train/critic_loss,0.38197624683380127
3310,train/entropy,-6.293345928192139
3310,train/episode_length_steps,668.2877866491242
3310,train/fps,27496.7440710949
3320,train/reward,1.3454434871673584
3320,train/actor_loss,0.017011448740959167
3320,train/critic_loss,0.34565624594688416
3320,train/entropy,-6.273105144500732
3320,train/episode_length_steps,574.5468990738798
3320,train/fps,27530.351885598782
3330,train/reward,1.3501900434494019
3330,train/actor_loss,0.00824612844735384
3330,train/critic_loss,0.27994582056999207
3330,train/entropy,-6.302780628204346
3330,train/episode_length_steps,861.5728416085835
3330,train/fps,27562.574321674798
3340,train/reward,1.3550543785095215
3340,train/actor_loss,0.01115607749670744
3340,train/critic_loss,0.10199669748544693
3340,train/entropy,-6.320191383361816
3340,train/episode_length_steps,884.8379899660755
3340,train/fps,27595.1846196289
3350,train/reward,1.3460371494293213
3350,train/actor_loss,0.013845405541360378
3350,train/critic_loss,0.4603567123413086
3350,train/entropy,-6.343702793121338
3350,train/episode_length_steps,629.7570023566689
3350,train/fps,27628.302590393363
3360,train/reward,1.3522813320159912
3360,train/actor_loss,0.018332993611693382
3360,train/critic_loss,0.4785365164279938
3360,train/entropy,-6.32391357421875
3360,train/episode_length_steps,682.2009508175753
3360,train/fps,27660.97221283657
3370,train/reward,1.3400332927703857
3370,train/actor_loss,0.011657125316560268
3370,train/critic_loss,0.6085785627365112
3370,train/entropy,-6.319257736206055
3370,train/episode_length_steps,727.6479207318547
3370,train/fps,27693.99231550858
3380,train/reward,1.3340356349945068
3380,train/actor_loss,0.022311298176646233
3380,train/critic_loss,1.3668969869613647
3380,train/entropy,-6.29611349105835
3380,train/episode_length_steps,414.6128350205322
3380,train/fps,27726.335076839707
3390,train/reward,1.330465316772461
3390,train/actor_loss,0.01703304797410965
3390,train/critic_loss,1.5222886800765991
3390,train/entropy,-6.290341377258301
3390,train/episode_length_steps,496.23847360147005
3390,train/fps,27758.364763088102
3400,train/reward,1.3462042808532715
3400,train/actor_loss,0.020508959889411926
3400,train/critic_loss,0.7108281254768372
3400,train/entropy,-6.297584056854248
3400,train/episode_length_steps,564.6465114329891
3400,train/fps,27790.393039585146
3410,train/reward,1.3431297540664673
3410,train/actor_loss,0.01092464104294777
3410,train/critic_loss,0.7546535730361938
3410,train/entropy,-6.293330192565918
3410,train/episode_length_steps,574.5468990738798
3410,train/fps,27823.29653139236
3420,train/reward,1.3444342613220215
3420,train/actor_loss,0.022547615692019463
3420,train/critic_loss,0.4021448791027069
3420,train/entropy,-6.268368244171143
3420,train/episode_length_steps,711.8407478776858
3420,train/fps,27855.68901954932
3430,train/reward,1.3536936044692993
3430,train/actor_loss,0.008608067408204079
3430,train/critic_loss,0.21760664880275726
3430,train/entropy,-6.2475152015686035
3430,train/episode_length_steps,818.5294606658226
3430,train/fps,27887.43817597384
3440,train/reward,1.3554513454437256
3440,train/actor_loss,0.009144946001470089
3440,train/critic_loss,0.31249311566352844
3440,train/entropy,-6.285609245300293
3440,train/episode_length_steps,761.4662389368028
3440,train/fps,27919.37702996107
3450,train/reward,1.337697982788086
3450,train/actor_loss,0.017938312143087387
3450,train/critic_loss,0.15669195353984833
3450,train/entropy,-6.264742851257324
3450,train/episode_length_steps,654.9307845610301
3450,train/fps,27951.414396663917
3460,train/reward,1.3449723720550537
3460,train/actor_loss,0.01374885905534029
3460,train/critic_loss,0.42531514167785645
3460,train/entropy,-6.261106014251709
3460,train/episode_length_steps,595.4270735573396
3460,train/fps,27983.746092762256
3470,train/reward,1.353178858757019
3470,train/actor_loss,0.015290364623069763
3470,train/critic_loss,0.32959824800491333
3470,train/entropy,-6.236947059631348
3470,train/episode_length_steps,1022.9524966434373
3470,train/fps,28014.54121043594
3480,train/reward,1.344031572341919
3480,train/actor_loss,0.01752481982111931
3480,train/critic_loss,0.1200924888253212
3480,train/entropy,-6.212380886077881
3480,train/episode_length_steps,564.6465114329891
3480,train/fps,28045.84197065612
3490,train/reward,1.3516466617584229
3490,train/actor_loss,0.01383967138826847
3490,train/critic_loss,0.08158999681472778
3490,train/entropy,-6.229875087738037
3490,train/episode_length_steps,779.5822535408565
3490,train/fps,28077.009854434997
3500,train/reward,1.3530516624450684
3500,train/actor_loss,0.012483099475502968
3500,train/critic_loss,0.25811243057250977
3500,train/entropy,-6.298814296722412
3500,train/episode_length_steps,798.5812704616955
3500,train/fps,28107.66642278076
3510,train/reward,1.3544743061065674
3510,train/actor_loss,0.008728958666324615
3510,train/critic_loss,0.13988275825977325
3510,train/entropy,-6.36799955368042
3510,train/episode_length_steps,629.7570023566689
3510,train/fps,28136.79600405114
3520,train/reward,1.3562376499176025
3520,train/actor_loss,0.016855979338288307
3520,train/critic_loss,0.12435372173786163
3520,train/entropy,-6.445710182189941
3520,train/episode_length_steps,744.1730667488358
3520,train/fps,28167.136141131086
3530,train/reward,1.354082465171814
3530,train/actor_loss,0.006080506835132837
3530,train/critic_loss,0.11765830963850021
3530,train/entropy,-6.441227912902832
3530,train/episode_length_steps,1022.9524966434373
3530,train/fps,28198.082288076726
3540,train/reward,1.3475197553634644
3540,train/actor_loss,0.017280636355280876
3540,train/critic_loss,0.09827499091625214
3540,train/entropy,-6.435838222503662
3540,train/episode_length_steps,711.8407478776858
3540,train/fps,28229.236100772287
3550,train/reward,1.359560251235962
3550,train/actor_loss,0.012942626141011715
3550,train/critic_loss,0.2676432430744171
3550,train/entropy,-6.480454921722412
3550,train/episode_length_steps,962.8367577976614
3550,train/fps,28260.58117472449
3560,train/reward,1.3316466808319092
3560,train/actor_loss,0.011678328737616539
3560,train/critic_loss,7.730598449707031
3560,train/entropy,-6.5182929039001465
3560,train/episode_length_steps,229.09435689589674
3560,train/fps,28290.762687904607
3570,train/reward,1.3449022769927979
3570,train/actor_loss,0.0129743292927742
3570,train/critic_loss,4.501832962036133
3570,train/entropy,-6.506405830383301
3570,train/episode_length_steps,368.04426882470955
3570,train/fps,28321.446508587505
3580,train/reward,1.35310959815979
3580,train/actor_loss,0.010048224590718746
3580,train/critic_loss,5.820401668548584
3580,train/entropy,-6.489543437957764
3580,train/episode_length_steps,682.2009508175753
3580,train/fps,28351.751298285762
3590,train/reward,1.3477652072906494
3590,train/actor_loss,0.00916821788996458
3590,train/critic_loss,2.7552661895751953
3590,train/entropy,-6.473879337310791
3590,train/episode_length_steps,448.6753124296206
3590,train/fps,28383.133636721806
3600,train/reward,1.3451287746429443
3600,train/actor_loss,0.01521297823637724
3600,train/critic_loss,2.0590641498565674
3600,train/entropy,-6.472690582275391
3600,train/episode_length_steps,511.73799014904364
3600,train/fps,28414.29562881242
3610,train/reward,1.351168155670166
3610,train/actor_loss,0.01611516997218132
3610,train/critic_loss,1.3566373586654663
3610,train/entropy,-6.497508525848389
3610,train/episode_length_steps,584.8006652107567
3610,train/fps,28444.207693292687
3620,train/reward,1.3592265844345093
3620,train/actor_loss,0.023813826963305473
3620,train/critic_loss,0.18957045674324036
3620,train/entropy,-6.537147045135498
3620,train/episode_length_steps,682.2009508175753
3620,train/fps,28474.5655710311
3630,train/reward,1.3520125150680542
3630,train/actor_loss,0.01557315606623888
3630,train/critic_loss,0.22476604580879211
3630,train/entropy,-6.49932861328125
3630,train/episode_length_steps,682.2009508175753
3630,train/fps,28505.13984027363
3640,train/reward,1.3559045791625977
3640,train/actor_loss,0.015986368060112
3640,train/critic_loss,0.250608891248703
3640,train/entropy,-6.523204803466797
3640,train/episode_length_steps,629.7570023566689
3640,train/fps,28535.54380865027
3650,train/reward,1.3538929224014282
3650,train/actor_loss,0.008207426406443119
3650,train/critic_loss,0.20816509425640106
3650,train/entropy,-6.532129764556885
3650,train/episode_length_steps,991.9846862364063
3650,train/fps,28564.888419164956
3660,train/reward,1.347596526145935
3660,train/actor_loss,0.013624602928757668
3660,train/critic_loss,0.3626220226287842
3660,train/entropy,-6.504194736480713
3660,train/episode_length_steps,595.4270735573396
3660,train/fps,28593.286814598927
3670,train/reward,1.3548904657363892
3670,train/actor_loss,0.017714761197566986
3670,train/critic_loss,0.25086480379104614
3670,train/entropy,-6.4938645362854
3670,train/episode_length_steps,909.3944711658012
3670,train/fps,28613.46208119028
3680,train/reward,1.3547420501708984
3680,train/actor_loss,0.009476901032030582
3680,train/critic_loss,0.2149650901556015
3680,train/entropy,-6.506910800933838
3680,train/episode_length_steps,711.8407478776858
3680,train/fps,28634.564135747354
3690,train/reward,1.3550676107406616
3690,train/actor_loss,0.010432771407067776
3690,train/critic_loss,0.7336739897727966
3690,train/entropy,-6.496644496917725
3690,train/episode_length_steps,696.70575204079
3690,train/fps,28654.076920007785
3700,train/reward,1.3527438640594482
3700,train/actor_loss,0.00874563492834568
3700,train/critic_loss,0.13936929404735565
3700,train/entropy,-6.5162882804870605
3700,train/episode_length_steps,798.5812704616955
3700,train/fps,28676.54465733678
3710,train/reward,1.3593666553497314
3710,train/actor_loss,0.009638244286179543
3710,train/critic_loss,0.1710422933101654
3710,train/entropy,-6.5252685546875
3710,train/episode_length_steps,861.5728416085835
3710,train/fps,28699.871953524314
3720,train/reward,1.354339599609375
3720,train/actor_loss,0.010841439478099346
3720,train/critic_loss,0.2927863299846649
3720,train/entropy,-6.506442546844482
3720,train/episode_length_steps,668.2877866491242
3720,train/fps,28722.42229381755
3730,train/reward,1.3611595630645752
3730,train/actor_loss,0.0115966210141778
3730,train/critic_loss,0.2165060043334961
3730,train/entropy,-6.561574459075928
3730,train/episode_length_steps,779.5822535408565
3730,train/fps,28745.3271230802
3740,train/reward,1.3614122867584229
3740,train/actor_loss,0.009327479638159275
3740,train/critic_loss,0.5456190705299377
3740,train/entropy,-6.568482875823975
3740,train/episode_length_steps,682.2009508175753
3740,train/fps,28770.335159693557
3750,train/reward,1.3483821153640747
3750,train/actor_loss,0.007914361543953419
3750,train/critic_loss,0.17014746367931366
3750,train/entropy,-6.57075834274292
3750,train/episode_length_steps,574.5468990738798
3750,train/fps,28793.055074476793
3760,train/reward,1.361558198928833
3760,train/actor_loss,0.014265218749642372
3760,train/critic_loss,0.26727205514907837
3760,train/entropy,-6.523173809051514
3760,train/episode_length_steps,1168.9177465457567
3760,train/fps,28814.06987929904
3770,train/reward,1.3584506511688232
3770,train/actor_loss,0.011298327706754208
3770,train/critic_loss,0.31403204798698425
3770,train/entropy,-6.521861553192139
3770,train/episode_length_steps,839.499776188048
3770,train/fps,28838.853895074695
3780,train/reward,1.3491255044937134
3780,train/actor_loss,0.013609458692371845
3780,train/critic_loss,0.4799060523509979
3780,train/entropy,-6.48010778427124
3780,train/episode_length_steps,574.5468990738798
3780,train/fps,28867.28609587696
3790,train/reward,1.3482673168182373
3790,train/actor_loss,0.008279161527752876
3790,train/critic_loss,0.1191452294588089
3790,train/entropy,-6.468193054199219
3790,train/episode_length_steps,798.5812704616955
3790,train/fps,28895.36137175606
3800,train/reward,1.3574604988098145
3800,train/actor_loss,0.012458262965083122
3800,train/critic_loss,0.3329917788505554
3800,train/entropy,-6.4702606201171875
3800,train/episode_length_steps,884.8379899660755
3800,train/fps,28924.470974233012
3810,train/reward,1.355717658996582
3810,train/actor_loss,0.013589354231953621
3810,train/critic_loss,0.2396121323108673
3810,train/entropy,-6.436682224273682
3810,train/episode_length_steps,779.5822535408565
3810,train/fps,28952.968985004416
3820,train/reward,1.351762294769287
3820,train/actor_loss,0.005943731404840946
3820,train/critic_loss,1.0838431119918823
3820,train/entropy,-6.4040398597717285
3820,train/episode_length_steps,654.9307845610301
3820,train/fps,28980.46402641572
3830,train/reward,1.3550512790679932
3830,train/actor_loss,0.014385282061994076
3830,train/critic_loss,0.5318130850791931
3830,train/entropy,-6.36725378036499
3830,train/episode_length_steps,668.2877866491242
3830,train/fps,29008.209984695874
3840,train/reward,1.3615164756774902
3840,train/actor_loss,0.008972088806331158
3840,train/critic_loss,0.42953529953956604
3840,train/entropy,-6.37263822555542
3840,train/episode_length_steps,861.5728416085835
3840,train/fps,29036.13213377856
3850,train/reward,1.349264144897461
3850,train/actor_loss,0.010792922228574753
3850,train/critic_loss,1.3386881351470947
3850,train/entropy,-6.367221832275391
3850,train/episode_length_steps,744.1730667488358
3850,train/fps,29064.17562875821
3860,train/reward,1.3566406965255737
3860,train/actor_loss,0.01216056663542986
3860,train/critic_loss,0.8445143103599548
3860,train/entropy,-6.331140995025635
3860,train/episode_length_steps,935.352867349791
3860,train/fps,29091.734114416966
3870,train/reward,1.3580238819122314
3870,train/actor_loss,0.006769566331058741
3870,train/critic_loss,0.29678210616111755
3870,train/entropy,-6.3091349601745605
3870,train/episode_length_steps,935.352867349791
3870,train/fps,29117.798834372028
3880,train/reward,1.3460869789123535
3880,train/actor_loss,0.007264392916113138
3880,train/critic_loss,0.3204028606414795
3880,train/entropy,-6.300400733947754
3880,train/episode_length_steps,606.4468139037408
3880,train/fps,29145.636829104176
3890,train/reward,1.358189582824707
3890,train/actor_loss,0.009868249297142029
3890,train/critic_loss,0.9562880396842957
3890,train/entropy,-6.293231010437012
3890,train/episode_length_steps,861.5728416085835
3890,train/fps,29173.259913425467
3900,train/reward,1.3612639904022217
3900,train/actor_loss,0.008925302885472775
3900,train/critic_loss,0.7140349745750427
3900,train/entropy,-6.308808326721191
3900,train/episode_length_steps,696.70575204079
3900,train/fps,29200.054153487687
3910,train/reward,1.3452773094177246
3910,train/actor_loss,0.008913988247513771
3910,train/critic_loss,1.1276863813400269
3910,train/entropy,-6.301790714263916
3910,train/episode_length_steps,617.8821365688474
3910,train/fps,29226.290960928185
3920,train/reward,1.3550384044647217
3920,train/actor_loss,0.011967535130679607
3920,train/critic_loss,0.3083648085594177
3920,train/entropy,-6.288178443908691
3920,train/episode_length_steps,744.1730667488358
3920,train/fps,29253.339053007072
3930,train/reward,1.3527698516845703
3930,train/actor_loss,0.013443772681057453
3930,train/critic_loss,0.4393251836299896
3930,train/entropy,-6.279262065887451
3930,train/episode_length_steps,798.5812704616955
3930,train/fps,29280.702417606026
3940,train/reward,1.3461918830871582
3940,train/actor_loss,0.013425925746560097
3940,train/critic_loss,0.6022159457206726
3940,train/entropy,-6.284974575042725
3940,train/episode_length_steps,555.0815438639096
3940,train/fps,29307.970612757956
3950,train/reward,1.3549154996871948
3950,train/actor_loss,0.023268448188900948
3950,train/critic_loss,0.2606676518917084
3950,train/entropy,-6.290396213531494
3950,train/episode_length_steps,779.5822535408565
3950,train/fps,29334.66850890074
3960,train/reward,1.3595352172851562
3960,train/actor_loss,0.017967263236641884
3960,train/critic_loss,0.17139331996440887
3960,train/entropy,-6.326234817504883
3960,train/episode_length_steps,761.4662389368028
3960,train/fps,29360.818324399384
3970,train/reward,1.3519549369812012
3970,train/actor_loss,0.01370307058095932
3970,train/critic_loss,0.7263359427452087
3970,train/entropy,-6.3380351066589355
3970,train/episode_length_steps,779.5822535408565
3970,train/fps,29387.898693851595
3980,train/reward,1.3538538217544556
3980,train/actor_loss,0.013628894463181496
3980,train/critic_loss,0.16817544400691986
3980,train/entropy,-6.3539862632751465
3980,train/episode_length_steps,839.499776188048
3980,train/fps,29414.727425127327
3990,train/reward,1.3641177415847778
3990,train/actor_loss,0.00905125867575407
3990,train/critic_loss,0.06074432656168938
3990,train/entropy,-6.416079044342041
3990,train/episode_length_steps,1022.9524966434373
3990,train/fps,29441.71622837661
4000,train/reward,1.360756516456604
4000,train/actor_loss,0.010480448603630066
4000,train/critic_loss,0.12892363965511322
4000,train/entropy,-6.5186591148376465
4000,train/episode_length_steps,884.8379899660755
4000,train/fps,29467.49514503554
4000,eval/med_figure8_normal,0.13429208099842072
4010,train/reward,1.3611347675323486
4010,train/actor_loss,0.01472881156951189
4010,train/critic_loss,0.29117271304130554
4010,train/entropy,-6.535714149475098
4010,train/episode_length_steps,991.9846862364063
4010,train/fps,26673.963731664833
4020,train/reward,1.3615028858184814
4020,train/actor_loss,0.015810055658221245
4020,train/critic_loss,0.15436114370822906
4020,train/entropy,-6.5896735191345215
4020,train/episode_length_steps,1091.074921898641
4020,train/fps,26693.306368248523
4030,train/reward,1.3569791316986084
4030,train/actor_loss,0.015590655617415905
4030,train/critic_loss,0.12684938311576843
4030,train/entropy,-6.645625591278076
4030,train/episode_length_steps,935.352867349791
4030,train/fps,26714.501840822348
4040,train/reward,1.3589659929275513
4040,train/actor_loss,0.01191724743694067
4040,train/critic_loss,0.05178770050406456
4040,train/entropy,-6.694604396820068
4040,train/episode_length_steps,761.4662389368028
4040,train/fps,26738.561593898252
4050,train/reward,1.3534377813339233
4050,train/actor_loss,0.017675483599305153
4050,train/critic_loss,0.10212470591068268
4050,train/entropy,-6.6752610206604
4050,train/episode_length_steps,818.5294606658226
4050,train/fps,26762.044562194995
4060,train/reward,1.3599398136138916
4060,train/actor_loss,0.004801449365913868
4060,train/critic_loss,0.24170421063899994
4060,train/entropy,-6.747194766998291
4060,train/episode_length_steps,711.8407478776858
4060,train/fps,26784.559557129003
4070,train/reward,1.350435733795166
4070,train/actor_loss,0.013441246934235096
4070,train/critic_loss,0.4444555342197418
4070,train/entropy,-6.734550476074219
4070,train/episode_length_steps,668.2877866491242
4070,train/fps,26809.287020777705
4080,train/reward,1.3571040630340576
4080,train/actor_loss,0.006410418543964624
4080,train/critic_loss,0.21432773768901825
4080,train/entropy,-6.7228217124938965
4080,train/episode_length_steps,761.4662389368028
4080,train/fps,26833.26336791879
4090,train/reward,1.3580706119537354
4090,train/actor_loss,0.01391503494232893
4090,train/critic_loss,0.37370043992996216
4090,train/entropy,-6.69758939743042
4090,train/episode_length_steps,1309.004261933798
4090,train/fps,26856.127513005675
4100,train/reward,1.342895269393921
4100,train/actor_loss,0.017586600035429
4100,train/critic_loss,0.7280269861221313
4100,train/entropy,-6.65661096572876
4100,train/episode_length_steps,474.6731291435395
4100,train/fps,26879.124974481674
4110,train/reward,1.3500781059265137
4110,train/actor_loss,0.013727821409702301
4110,train/critic_loss,0.7179352641105652
4110,train/entropy,-6.601021766662598
4110,train/episode_length_steps,668.2877866491242
4110,train/fps,26905.189367906514
4120,train/reward,1.3477060794830322
4120,train/actor_loss,0.012881430797278881
4120,train/critic_loss,2.3771350383758545
4120,train/entropy,-6.563992977142334
4120,train/episode_length_steps,606.4468139037408
4120,train/fps,26932.686898688487
4130,train/reward,1.3431768417358398
4130,train/actor_loss,0.017365172505378723
4130,train/critic_loss,1.1839898824691772
4130,train/entropy,-6.552415370941162
4130,train/episode_length_steps,545.8352345172557
4130,train/fps,26959.93295334862
4140,train/reward,1.3489139080047607
4140,train/actor_loss,0.017509160563349724
4140,train/critic_loss,0.4841160476207733
4140,train/entropy,-6.53591251373291
4140,train/episode_length_steps,761.4662389368028
4140,train/fps,26986.818157744998
4150,train/reward,1.3480595350265503
4150,train/actor_loss,0.02681952714920044
4150,train/critic_loss,0.1741725653409958
4150,train/entropy,-6.514540195465088
4150,train/episode_length_steps,584.8006652107567
4150,train/fps,27013.843621409174
4160,train/reward,1.3377187252044678
4160,train/actor_loss,0.014897093176841736
4160,train/critic_loss,0.4752255380153656
4160,train/entropy,-6.496598720550537
4160,train/episode_length_steps,696.70575204079
4160,train/fps,27040.904450263595
4170,train/reward,1.3446584939956665
4170,train/actor_loss,0.008912286721169949
4170,train/critic_loss,0.41791579127311707
4170,train/entropy,-6.523890972137451
4170,train/episode_length_steps,617.8821365688474
4170,train/fps,27067.929406297946
4180,train/reward,1.3393728733062744
4180,train/actor_loss,0.017653487622737885
4180,train/critic_loss,0.12216494232416153
4180,train/entropy,-6.565865516662598
4180,train/episode_length_steps,595.4270735573396
4180,train/fps,27094.6688342217
4190,train/reward,1.3432068824768066
4190,train/actor_loss,0.02384926937520504
4190,train/critic_loss,0.3239021301269531
4190,train/entropy,-6.56721830368042
4190,train/episode_length_steps,654.9307845610301
4190,train/fps,27120.69393609285
4200,train/reward,1.342434287071228
4200,train/actor_loss,0.012788498774170876
4200,train/critic_loss,0.09461196511983871
4200,train/entropy,-6.572484493255615
4200,train/episode_length_steps,861.5728416085835
4200,train/fps,27147.077445597843
4210,train/reward,1.3434181213378906
4210,train/actor_loss,0.024751747027039528
4210,train/critic_loss,0.0932183489203453
4210,train/entropy,-6.600354194641113
4210,train/episode_length_steps,574.5468990738798
4210,train/fps,27173.78288153733
4220,train/reward,1.3412002325057983
4220,train/actor_loss,0.018457641825079918
4220,train/critic_loss,1.2037445306777954
4220,train/entropy,-6.593064308166504
4220,train/episode_length_steps,668.2877866491242
4220,train/fps,27200.387426157526
4230,train/reward,1.343197226524353
4230,train/actor_loss,0.012023291550576687
4230,train/critic_loss,1.5370380878448486
4230,train/entropy,-6.514827251434326
4230,train/episode_length_steps,617.8821365688474
4230,train/fps,27225.987618018225
4240,train/reward,1.3499443531036377
4240,train/actor_loss,0.012239976786077023
4240,train/critic_loss,1.8296308517456055
4240,train/entropy,-6.503983974456787
4240,train/episode_length_steps,861.5728416085835
4240,train/fps,27251.66684515568
4250,train/reward,1.3400681018829346
4250,train/actor_loss,0.020478442311286926
4250,train/critic_loss,0.5685731768608093
4250,train/entropy,-6.443263530731201
4250,train/episode_length_steps,442.61481618517894
4250,train/fps,27277.95288003959
4260,train/reward,1.3459004163742065
4260,train/actor_loss,0.014230774715542793
4260,train/critic_loss,0.7400955557823181
4260,train/entropy,-6.414248943328857
4260,train/episode_length_steps,654.9307845610301
4260,train/fps,27304.560524710385
4270,train/reward,1.3456265926361084
4270,train/actor_loss,0.010069845244288445
4270,train/critic_loss,0.6082211136817932
4270,train/entropy,-6.4801154136657715
4270,train/episode_length_steps,496.23847360147005
4270,train/fps,27330.487529786446
4280,train/reward,1.3515756130218506
4280,train/actor_loss,0.013893524184823036
4280,train/critic_loss,0.8007540702819824
4280,train/entropy,-6.460475921630859
4280,train/episode_length_steps,761.4662389368028
4280,train/fps,27355.66459294885
4290,train/reward,1.3450889587402344
4290,train/actor_loss,0.01949567161500454
4290,train/critic_loss,0.4863598346710205
4290,train/entropy,-6.45849609375
4290,train/episode_length_steps,861.5728416085835
4290,train/fps,27381.748707647923
4300,train/reward,1.3598723411560059
4300,train/actor_loss,0.006605861242860556
4300,train/critic_loss,0.2796614170074463
4300,train/entropy,-6.472115516662598
4300,train/episode_length_steps,839.499776188048
4300,train/fps,27407.965218101253
4310,train/reward,1.3587431907653809
4310,train/actor_loss,0.007550281938165426
4310,train/critic_loss,0.10113711655139923
4310,train/entropy,-6.509535312652588
4310,train/episode_length_steps,761.4662389368028
4310,train/fps,27434.024461064786
4320,train/reward,1.3504505157470703
4320,train/actor_loss,0.014607726596295834
4320,train/critic_loss,0.47993549704551697
4320,train/entropy,-6.5347185134887695
4320,train/episode_length_steps,536.8919200911878
4320,train/fps,27458.883110864826
4330,train/reward,1.3560447692871094
4330,train/actor_loss,0.017084985971450806
4330,train/critic_loss,0.9745069742202759
4330,train/entropy,-6.540927410125732
4330,train/episode_length_steps,1091.074921898641
4330,train/fps,27484.125173876037
4340,train/reward,1.3566092252731323
4340,train/actor_loss,0.00822371058166027
4340,train/critic_loss,0.2059510499238968
4340,train/entropy,-6.54359769821167
4340,train/episode_length_steps,668.2877866491242
4340,train/fps,27509.268116005012
4350,train/reward,1.3491268157958984
4350,train/actor_loss,0.016759349033236504
4350,train/critic_loss,0.9509682059288025
4350,train/entropy,-6.522233486175537
4350,train/episode_length_steps,564.6465114329891
4350,train/fps,27534.74319416088
4360,train/reward,1.3520772457122803
4360,train/actor_loss,0.016316551715135574
4360,train/critic_loss,0.3932443857192993
4360,train/entropy,-6.536803722381592
4360,train/episode_length_steps,488.8355498015537
4360,train/fps,27560.31324646971
4370,train/reward,1.3503832817077637
4370,train/actor_loss,0.00979381799697876
4370,train/critic_loss,0.7846332788467407
4370,train/entropy,-6.4774489402771
4370,train/episode_length_steps,467.89525726014426
4370,train/fps,27585.16758681197
4380,train/reward,1.3416728973388672
4380,train/actor_loss,0.007036426104605198
4380,train/critic_loss,0.8180139660835266
4380,train/entropy,-6.434459209442139
4380,train/episode_length_steps,511.73799014904364
4380,train/fps,27610.38497075221
4390,train/reward,1.35300874710083
4390,train/actor_loss,0.007363335695117712
4390,train/critic_loss,1.043599247932434
4390,train/entropy,-6.444272041320801
4390,train/episode_length_steps,779.5822535408565
4390,train/fps,27635.797142022195
4400,train/reward,1.3420695066452026
4400,train/actor_loss,0.009719065390527248
4400,train/critic_loss,0.931973934173584
4400,train/entropy,-6.4174346923828125
4400,train/episode_length_steps,555.0815438639096
4400,train/fps,27661.026468886328
4410,train/reward,1.3386003971099854
4410,train/actor_loss,0.008673402480781078
4410,train/critic_loss,4.725734233856201
4410,train/entropy,-6.396417140960693
4410,train/episode_length_steps,404.3796208467172
4410,train/fps,27685.975705750356
4420,train/reward,1.3493983745574951
4420,train/actor_loss,0.024952620267868042
4420,train/critic_loss,0.8205018043518066
4420,train/entropy,-6.361159324645996
4420,train/episode_length_steps,496.23847360147005
4420,train/fps,27711.088354285297
4430,train/reward,1.343682050704956
4430,train/actor_loss,0.012071840465068817
4430,train/critic_loss,3.5024850368499756
4430,train/entropy,-6.301576137542725
4430,train/episode_length_steps,419.9261520493544
4430,train/fps,27736.181353545973
4440,train/reward,1.3431938886642456
4440,train/actor_loss,0.011172312311828136
4440,train/critic_loss,0.8676605224609375
4440,train/entropy,-6.262594699859619
4440,train/episode_length_steps,474.6731291435395
4440,train/fps,27761.24361232109
4450,train/reward,1.3436554670333862
4450,train/actor_loss,0.011707245372235775
4450,train/critic_loss,0.5466217994689941
4450,train/entropy,-6.25623083114624
4450,train/episode_length_steps,584.8006652107567
4450,train/fps,27786.423217199303
4460,train/reward,1.3460863828659058
4460,train/actor_loss,0.011521674692630768
4460,train/critic_loss,0.7861325740814209
4460,train/entropy,-6.282254695892334
4460,train/episode_length_steps,682.2009508175753
4460,train/fps,27810.96578861673
4470,train/reward,1.3409773111343384
4470,train/actor_loss,0.014220348559319973
4470,train/critic_loss,1.5747802257537842
4470,train/entropy,-6.3103203773498535
4470,train/episode_length_steps,399.45013192776815
4470,train/fps,27835.92243835521
4480,train/reward,1.3286185264587402
4480,train/actor_loss,0.011861554346978664
4480,train/critic_loss,7.359323024749756
4480,train/entropy,-6.292125701904297
4480,train/episode_length_steps,409.43229653134074
4480,train/fps,27860.973623323072
4490,train/reward,1.3361270427703857
4490,train/actor_loss,0.011170116253197193
4490,train/critic_loss,4.00703239440918
4490,train/entropy,-6.326493740081787
4490,train/episode_length_steps,425.3774186071049
4490,train/fps,27882.67375625255
4500,train/reward,1.3525068759918213
4500,train/actor_loss,0.009907793253660202
4500,train/critic_loss,1.6163352727890015
4500,train/entropy,-6.337039470672607
4500,train/episode_length_steps,935.352867349791
4500,train/fps,27898.83266172969
4510,train/reward,1.3398776054382324
4510,train/actor_loss,0.013928716070950031
4510,train/critic_loss,0.9978451728820801
4510,train/entropy,-6.312255859375
4510,train/episode_length_steps,372.2250332966924
4510,train/fps,27913.90592604537
4520,train/reward,1.3411386013031006
4520,train/actor_loss,0.010715902782976627
4520,train/critic_loss,0.8428573608398438
4520,train/entropy,-6.301756858825684
4520,train/episode_length_steps,555.0815438639096
4520,train/fps,27932.021350663646
4530,train/reward,1.3459022045135498
4530,train/actor_loss,0.013199247419834137
4530,train/critic_loss,2.0405220985412598
4530,train/entropy,-6.2743754386901855
4530,train/episode_length_steps,696.70575204079
4530,train/fps,27950.660588406277
4540,train/reward,1.327711582183838
4540,train/actor_loss,0.00998777151107788
4540,train/critic_loss,2.5287222862243652
4540,train/entropy,-6.259948253631592
4540,train/episode_length_steps,519.8565926852523
4540,train/fps,27969.29039156108
4550,train/reward,1.334511637687683
4550,train/actor_loss,0.03256099671125412
4550,train/critic_loss,1.258556842803955
4550,train/entropy,-6.245341777801514
4550,train/episode_length_steps,584.8006652107567
4550,train/fps,27989.154135628454
4560,train/reward,1.336735486984253
4560,train/actor_loss,0.008798914030194283
4560,train/critic_loss,0.6904856562614441
4560,train/entropy,-6.248292446136475
4560,train/episode_length_steps,654.9307845610301
4560,train/fps,28009.86511982464
4570,train/reward,1.325996994972229
4570,train/actor_loss,0.012138184159994125
4570,train/critic_loss,0.5217931866645813
4570,train/entropy,-6.256345748901367
4570,train/episode_length_steps,617.8821365688474
4570,train/fps,28029.43956225219
4580,train/reward,1.335524320602417
4580,train/actor_loss,0.010527024045586586
4580,train/critic_loss,0.2694235146045685
4580,train/entropy,-6.2757182121276855
4580,train/episode_length_steps,779.5822535408565
4580,train/fps,28048.563144969292
4590,train/reward,1.3418114185333252
4590,train/actor_loss,0.009396356530487537
4590,train/critic_loss,0.2091168910264969
4590,train/entropy,-6.3055243492126465
4590,train/episode_length_steps,727.6479207318547
4590,train/fps,28065.86614162643
4600,train/reward,1.3331722021102905
4600,train/actor_loss,0.01483387965708971
4600,train/critic_loss,0.9220771193504333
4600,train/entropy,-6.361342430114746
4600,train/episode_length_steps,528.2369472856668
4600,train/fps,28089.837929389603
4610,train/reward,1.3325583934783936
4610,train/actor_loss,0.012861467897891998
4610,train/critic_loss,0.5293241143226624
4610,train/entropy,-6.3456339836120605
4610,train/episode_length_steps,606.4468139037408
4610,train/fps,28114.106055875047
4620,train/reward,1.344416856765747
4620,train/actor_loss,0.013934007845818996
4620,train/critic_loss,0.8645055890083313
4620,train/entropy,-6.354350566864014
4620,train/episode_length_steps,574.5468990738798
4620,train/fps,28137.780093086814
4630,train/reward,1.328819990158081
4630,train/actor_loss,0.01651168428361416
4630,train/critic_loss,2.790365219116211
4630,train/entropy,-6.285931587219238
4630,train/episode_length_steps,314.977680878394
4630,train/fps,28161.335102480054
4640,train/reward,1.3309227228164673
4640,train/actor_loss,0.014218856580555439
4640,train/critic_loss,2.3634378910064697
4640,train/entropy,-6.2339372634887695
4640,train/episode_length_steps,330.8803809260385
4640,train/fps,28184.563280703584
4650,train/reward,1.3453022241592407
4650,train/actor_loss,0.013120124116539955
4650,train/critic_loss,0.3420322835445404
4650,train/entropy,-6.231197357177734
4650,train/episode_length_steps,744.1730667488358
4650,train/fps,28208.151540909425
4660,train/reward,1.334197998046875
4660,train/actor_loss,0.01743008755147457
4660,train/critic_loss,1.7065448760986328
4660,train/entropy,-6.223913669586182
4660,train/episode_length_steps,368.04426882470955
4660,train/fps,28231.379733237827
4670,train/reward,1.3341898918151855
4670,train/actor_loss,0.01242953073233366
4670,train/critic_loss,1.535916805267334
4670,train/entropy,-6.192872047424316
4670,train/episode_length_steps,481.6502541833958
4670,train/fps,28253.96489636412
4680,train/reward,1.3464035987854004
4680,train/actor_loss,0.005449661519378424
4680,train/critic_loss,2.5586893558502197
4680,train/entropy,-6.178195953369141
4680,train/episode_length_steps,642.0972501432806
4680,train/fps,28276.618119335075
4690,train/reward,1.3443753719329834
4690,train/actor_loss,0.015857025980949402
4690,train/critic_loss,0.8352555632591248
4690,train/entropy,-6.188499450683594
4690,train/episode_length_steps,511.73799014904364
4690,train/fps,28300.00723656119
4700,train/reward,1.3371721506118774
4700,train/actor_loss,0.011529367417097092
4700,train/critic_loss,0.9383525252342224
4700,train/entropy,-6.137217998504639
4700,train/episode_length_steps,474.6731291435395
4700,train/fps,28323.394602268338
4710,train/reward,1.3356504440307617
4710,train/actor_loss,0.01174301840364933
4710,train/critic_loss,1.49212646484375
4710,train/entropy,-6.084327697753906
4710,train/episode_length_steps,629.7570023566689
4710,train/fps,28345.740332693138
4720,train/reward,1.3514260053634644
4720,train/actor_loss,0.00802525319159031
4720,train/critic_loss,1.0825825929641724
4720,train/entropy,-6.087923049926758
4720,train/episode_length_steps,991.9846862364063
4720,train/fps,28368.50294274815
4730,train/reward,1.3304791450500488
4730,train/actor_loss,0.005878499709069729
4730,train/critic_loss,0.4300351142883301
4730,train/entropy,-6.066646575927734
4730,train/episode_length_steps,399.45013192776815
4730,train/fps,28391.575331053133
4740,train/reward,1.3333253860473633
4740,train/actor_loss,0.011030307970941067
4740,train/critic_loss,1.209926962852478
4740,train/entropy,-6.060492038726807
4740,train/episode_length_steps,818.5294606658226
4740,train/fps,28414.794479619126
4750,train/reward,1.3473191261291504
4750,train/actor_loss,0.010840356349945068
4750,train/critic_loss,0.174601748585701
4750,train/entropy,-6.105639934539795
4750,train/episode_length_steps,1091.074921898641
4750,train/fps,28437.696906180932
4760,train/reward,1.3375980854034424
4760,train/actor_loss,0.01875607855618
4760,train/critic_loss,0.22350971400737762
4760,train/entropy,-6.152531623840332
4760,train/episode_length_steps,654.9307845610301
4760,train/fps,28459.851706315014
4770,train/reward,1.337117314338684
4770,train/actor_loss,0.011625342071056366
4770,train/critic_loss,0.5035600662231445
4770,train/entropy,-6.1842570304870605
4770,train/episode_length_steps,668.2877866491242
4770,train/fps,28482.523937345493
4780,train/reward,1.3449121713638306
4780,train/actor_loss,0.01338121760636568
4780,train/critic_loss,0.543260395526886
4780,train/entropy,-6.190141201019287
4780,train/episode_length_steps,909.3944711658012
4780,train/fps,28505.35748495027
4790,train/reward,1.3305095434188843
4790,train/actor_loss,0.012029342353343964
4790,train/critic_loss,0.7864915132522583
4790,train/entropy,-6.217663288116455
4790,train/episode_length_steps,564.6465114329891
4790,train/fps,28528.230615777382
4800,train/reward,1.3361626863479614
4800,train/actor_loss,0.009699049405753613
4800,train/critic_loss,0.2647993564605713
4800,train/entropy,-6.226592540740967
4800,train/episode_length_steps,511.73799014904364
4800,train/fps,28550.311959882234
4810,train/reward,1.353277325630188
4810,train/actor_loss,0.014763574115931988
4810,train/critic_loss,0.3945649266242981
4810,train/entropy,-6.255547523498535
4810,train/episode_length_steps,861.5728416085835
4810,train/fps,28571.452884476457
4820,train/reward,1.3428833484649658
4820,train/actor_loss,0.010038144886493683
4820,train/critic_loss,0.30337604880332947
4820,train/entropy,-6.277646064758301
4820,train/episode_length_steps,584.8006652107567
4820,train/fps,28593.92983099013
4830,train/reward,1.3417229652404785
4830,train/actor_loss,0.017975926399230957
4830,train/critic_loss,0.6407573819160461
4830,train/entropy,-6.241456031799316
4830,train/episode_length_steps,798.5812704616955
4830,train/fps,28616.53186306156
4840,train/reward,1.3530933856964111
4840,train/actor_loss,0.016530845314264297
4840,train/critic_loss,0.16012828052043915
4840,train/entropy,-6.363284587860107
4840,train/episode_length_steps,909.3944711658012
4840,train/fps,28638.90786003013
4850,train/reward,1.3389685153961182
4850,train/actor_loss,0.015445281751453876
4850,train/critic_loss,0.5717644095420837
4850,train/entropy,-6.354647159576416
4850,train/episode_length_steps,744.1730667488358
4850,train/fps,28660.50297574112
4860,train/reward,1.3336029052734375
4860,train/actor_loss,0.020766373723745346
4860,train/critic_loss,0.6267179250717163
4860,train/entropy,-6.334606170654297
4860,train/episode_length_steps,584.8006652107567
4860,train/fps,28682.742454958727
4870,train/reward,1.3507664203643799
4870,train/actor_loss,0.011096575297415257
4870,train/critic_loss,0.24724657833576202
4870,train/entropy,-6.328580379486084
4870,train/episode_length_steps,711.8407478776858
4870,train/fps,28705.317600205875
4880,train/reward,1.3448294401168823
4880,train/actor_loss,0.010459656827151775
4880,train/critic_loss,0.45742151141166687
4880,train/entropy,-6.315720081329346
4880,train/episode_length_steps,564.6465114329891
4880,train/fps,28727.80486281228
4890,train/reward,1.343036413192749
4890,train/actor_loss,0.011019467376172543
4890,train/critic_loss,0.4888276755809784
4890,train/entropy,-6.311648845672607
4890,train/episode_length_steps,682.2009508175753
4890,train/fps,28749.893069530037
4900,train/reward,1.3559985160827637
4900,train/actor_loss,0.010399247519671917
4900,train/critic_loss,0.37268081307411194
4900,train/entropy,-6.314964294433594
4900,train/episode_length_steps,1258.7213161504762
4900,train/fps,28771.883657995957
4910,train/reward,1.3549914360046387
4910,train/actor_loss,0.013726422563195229
4910,train/critic_loss,0.31263357400894165
4910,train/entropy,-6.343657493591309
4910,train/episode_length_steps,839.499776188048
4910,train/fps,28794.33541828383
4920,train/reward,1.3366185426712036
4920,train/actor_loss,0.009177920408546925
4920,train/critic_loss,1.5300551652908325
4920,train/entropy,-6.291839599609375
4920,train/episode_length_steps,467.89525726014426
4920,train/fps,28816.76562955303
4930,train/reward,1.3489885330200195
4930,train/actor_loss,0.015180549584329128
4930,train/critic_loss,0.4552637040615082
4930,train/entropy,-6.269734859466553
4930,train/episode_length_steps,727.6479207318547
4930,train/fps,28838.733825434923
4940,train/reward,1.3573143482208252
4940,train/actor_loss,0.013809792697429657
4940,train/critic_loss,0.6759507060050964
4940,train/entropy,-6.270315647125244
4940,train/episode_length_steps,839.499776188048
4940,train/fps,28859.26660632459
4950,train/reward,1.3425285816192627
4950,train/actor_loss,0.009014648385345936
4950,train/critic_loss,0.932586669921875
4950,train/entropy,-6.241190433502197
4950,train/episode_length_steps,668.2877866491242
4950,train/fps,28880.423691011558
4960,train/reward,1.3439099788665771
4960,train/actor_loss,0.010649292729794979
4960,train/critic_loss,0.8010911345481873
4960,train/entropy,-6.2213358879089355
4960,train/episode_length_steps,935.352867349791
4960,train/fps,28901.734645342025
4970,train/reward,1.354416847229004
4970,train/actor_loss,0.009635920636355877
4970,train/critic_loss,0.3165353536605835
4970,train/entropy,-6.229208469390869
4970,train/episode_length_steps,1309.004261933798
4970,train/fps,28922.46063662092
4980,train/reward,1.3424139022827148
4980,train/actor_loss,0.010709136724472046
4980,train/critic_loss,0.449068546295166
4980,train/entropy,-6.285027503967285
4980,train/episode_length_steps,761.4662389368028
4980,train/fps,28938.076452687754
4990,train/reward,1.3412435054779053
4990,train/actor_loss,0.009702729992568493
4990,train/critic_loss,0.22642087936401367
4990,train/entropy,-6.321731090545654
4990,train/episode_length_steps,884.8379899660755
4990,train/fps,28951.473162162176
5000,train/reward,1.347200870513916
5000,train/actor_loss,0.01687517575919628
5000,train/critic_loss,0.21883617341518402
5000,train/entropy,-6.3197760581970215
5000,train/episode_length_steps,1055.9161206631647
5000,train/fps,28965.502584084417
5000,eval/med_figure8_normal,0.17196159064769745
5010,train/reward,1.3454712629318237
5010,train/actor_loss,0.01572670228779316
5010,train/critic_loss,0.12879705429077148
5010,train/entropy,-6.356027126312256
5010,train/episode_length_steps,574.5468990738798
5010,train/fps,26713.176151005315
5020,train/reward,1.3459486961364746
5020,train/actor_loss,0.01564165949821472
5020,train/critic_loss,0.14625386893749237
5020,train/entropy,-6.338092803955078
5020,train/episode_length_steps,727.6479207318547
5020,train/fps,26735.782860281946
5030,train/reward,1.3584128618240356
5030,train/actor_loss,0.01594228856265545
5030,train/critic_loss,0.3589179813861847
5030,train/entropy,-6.4322381019592285
5030,train/episode_length_steps,839.499776188048
5030,train/fps,26758.041024473318
5040,train/reward,1.3444653749465942
5040,train/actor_loss,0.012522349134087563
5040,train/critic_loss,0.11506529152393341
5040,train/entropy,-6.4323039054870605
5040,train/episode_length_steps,696.70575204079
5040,train/fps,26780.420995934677
5050,train/reward,1.3501121997833252
5050,train/actor_loss,0.012662562541663647
5050,train/critic_loss,0.09835202246904373
5050,train/entropy,-6.499984264373779
5050,train/episode_length_steps,682.2009508175753
5050,train/fps,26802.58554218413
5060,train/reward,1.3534340858459473
5060,train/actor_loss,0.01538928784430027
5060,train/critic_loss,0.0644039437174797
5060,train/entropy,-6.52557373046875
5060,train/episode_length_steps,962.8367577976614
5060,train/fps,26824.63601175506
5070,train/reward,1.3489845991134644
5070,train/actor_loss,0.010723606683313847
5070,train/critic_loss,0.2978576123714447
5070,train/entropy,-6.5863494873046875
5070,train/episode_length_steps,909.3944711658012
5070,train/fps,26846.574417780175
5080,train/reward,1.345677375793457
5080,train/actor_loss,0.013698766008019447
5080,train/critic_loss,0.7467116713523865
5080,train/entropy,-6.595839977264404
5080,train/episode_length_steps,909.3944711658012
5080,train/fps,26868.73447257823
5090,train/reward,1.3514032363891602
5090,train/actor_loss,0.012343673035502434
5090,train/critic_loss,0.06820995360612869
5090,train/entropy,-6.653721809387207
5090,train/episode_length_steps,1128.6557313446654
5090,train/fps,26890.928657328925
5100,train/reward,1.3457351922988892
5100,train/actor_loss,0.012169892899692059
5100,train/critic_loss,0.22984369099140167
5100,train/entropy,-6.723062038421631
5100,train/episode_length_steps,779.5822535408565
5100,train/fps,26913.275440073707
5110,train/reward,1.3346569538116455
5110,train/actor_loss,0.020496124401688576
5110,train/critic_loss,0.3854385316371918
5110,train/entropy,-6.753448486328125
5110,train/episode_length_steps,606.4468139037408
5110,train/fps,26935.510797104933
5120,train/reward,1.3525853157043457
5120,train/actor_loss,0.015908388420939445
5120,train/critic_loss,0.3664795458316803
5120,train/entropy,-6.745547771453857
5120,train/episode_length_steps,1128.6557313446654
5120,train/fps,26957.16860799493
5130,train/reward,1.3562955856323242
5130,train/actor_loss,0.014572027139365673
5130,train/critic_loss,0.22236433625221252
5130,train/entropy,-6.837143898010254
5130,train/episode_length_steps,839.499776188048
5130,train/fps,26979.049859753253
5140,train/reward,1.3412965536117554
5140,train/actor_loss,0.01679822988808155
5140,train/critic_loss,0.3008170425891876
5140,train/entropy,-6.84829044342041
5140,train/episode_length_steps,606.4468139037408
5140,train/fps,27000.54800967801
5150,train/reward,1.352787733078003
5150,train/actor_loss,0.00885743461549282
5150,train/critic_loss,0.3946722447872162
5150,train/entropy,-6.853429317474365
5150,train/episode_length_steps,909.3944711658012
5150,train/fps,27022.467399336172
5160,train/reward,1.3574907779693604
5160,train/actor_loss,0.01917310431599617
5160,train/critic_loss,0.7915693521499634
5160,train/entropy,-6.8577704429626465
5160,train/episode_length_steps,1168.9177465457567
5160,train/fps,27043.408462128635
5170,train/reward,1.3480679988861084
5170,train/actor_loss,0.015890059992671013
5170,train/critic_loss,0.07692863047122955
5170,train/entropy,-6.848869323730469
5170,train/episode_length_steps,727.6479207318547
5170,train/fps,27064.433960430182
5180,train/reward,1.3588471412658691
5180,train/actor_loss,0.008623919449746609
5180,train/critic_loss,0.1298941969871521
5180,train/entropy,-6.870814800262451
5180,train/episode_length_steps,861.5728416085835
5180,train/fps,27086.259815319758
5190,train/reward,1.358338475227356
5190,train/actor_loss,0.018271440640091896
5190,train/critic_loss,0.3199833929538727
5190,train/entropy,-6.881153106689453
5190,train/episode_length_steps,1635.7200362925382
5190,train/fps,27108.112600832166
5200,train/reward,1.348757266998291
5200,train/actor_loss,0.010808451101183891
5200,train/critic_loss,0.2691960632801056
5200,train/entropy,-6.869307994842529
5200,train/episode_length_steps,818.5294606658226
5200,train/fps,27129.86201396506
5210,train/reward,1.3499717712402344
5210,train/actor_loss,0.011414207518100739
5210,train/critic_loss,0.06753092259168625
5210,train/entropy,-6.888862609863281
5210,train/episode_length_steps,1128.6557313446654
5210,train/fps,27151.185320266857
5220,train/reward,1.3581123352050781
5220,train/actor_loss,0.014408573508262634
5220,train/critic_loss,0.07606872916221619
5220,train/entropy,-6.923913478851318
5220,train/episode_length_steps,1128.6557313446654
5220,train/fps,27172.21249256469
5230,train/reward,1.3451752662658691
5230,train/actor_loss,0.01645819842815399
5230,train/critic_loss,0.3231116533279419
5230,train/entropy,-6.955446720123291
5230,train/episode_length_steps,696.70575204079
5230,train/fps,27193.897736643878
5240,train/reward,1.3501346111297607
5240,train/actor_loss,0.015683986246585846
5240,train/critic_loss,0.10256350040435791
5240,train/entropy,-6.985785007476807
5240,train/episode_length_steps,711.8407478776858
5240,train/fps,27215.55917945195
5250,train/reward,1.3601597547531128
5250,train/actor_loss,0.016626397147774696
5250,train/critic_loss,0.38184258341789246
5250,train/entropy,-7.024762153625488
5250,train/episode_length_steps,962.8367577976614
5250,train/fps,27236.668830818657
5260,train/reward,1.346078634262085
5260,train/actor_loss,0.02678910829126835
5260,train/critic_loss,0.03747633844614029
5260,train/entropy,-7.062236309051514
5260,train/episode_length_steps,711.8407478776858
5260,train/fps,27257.989286817778
5270,train/reward,1.3504787683486938
5270,train/actor_loss,0.021251101046800613
5270,train/critic_loss,0.07238048315048218
5270,train/entropy,-7.086656093597412
5270,train/episode_length_steps,727.6479207318547
5270,train/fps,27279.389406220394
5280,train/reward,1.3594543933868408
5280,train/actor_loss,0.02772068977355957
5280,train/critic_loss,0.13398461043834686
5280,train/entropy,-7.185283660888672
5280,train/episode_length_steps,991.9846862364063
5280,train/fps,27300.88641488207
5290,train/reward,1.3575212955474854
5290,train/actor_loss,0.010752814821898937
5290,train/critic_loss,0.07447498291730881
5290,train/entropy,-7.248599529266357
5290,train/episode_length_steps,761.4662389368028
5290,train/fps,27322.133104402834
5300,train/reward,1.3514057397842407
5300,train/actor_loss,0.01897873543202877
5300,train/critic_loss,0.037826016545295715
5300,train/entropy,-7.346505641937256
5300,train/episode_length_steps,884.8379899660755
5300,train/fps,27342.47735355826
5310,train/reward,1.360384225845337
5310,train/actor_loss,0.028936807066202164
5310,train/critic_loss,0.3187435269355774
5310,train/entropy,-7.381474494934082
5310,train/episode_length_steps,909.3944711658012
5310,train/fps,27358.81944438399
5320,train/reward,1.3570823669433594
5320,train/actor_loss,0.017211951315402985
5320,train/critic_loss,0.06468012928962708
5320,train/entropy,-7.454040050506592
5320,train/episode_length_steps,884.8379899660755
5320,train/fps,27373.933065577115
5330,train/reward,1.3511463403701782
5330,train/actor_loss,0.040104325860738754
5330,train/critic_loss,0.07226457446813583
5330,train/entropy,-7.520472049713135
5330,train/episode_length_steps,779.5822535408565
5330,train/fps,27388.460874466367
5340,train/reward,1.3609046936035156
5340,train/actor_loss,0.014275993220508099
5340,train/critic_loss,0.05300441011786461
5340,train/entropy,-7.5976762771606445
5340,train/episode_length_steps,1487.2393700146981
5340,train/fps,27403.878287933025
5350,train/reward,1.3609775304794312
5350,train/actor_loss,0.022434018552303314
5350,train/critic_loss,0.033322613686323166
5350,train/entropy,-7.669810771942139
5350,train/episode_length_steps,909.3944711658012
5350,train/fps,27419.88751411805
5360,train/reward,1.3436771631240845
5360,train/actor_loss,0.011007606983184814
5360,train/critic_loss,0.06783514469861984
5360,train/entropy,-7.699594020843506
5360,train/episode_length_steps,574.5468990738798
5360,train/fps,27436.506817011697
5370,train/reward,1.3631596565246582
5370,train/actor_loss,0.02070850506424904
5370,train/critic_loss,0.05662969872355461
5370,train/entropy,-7.7350754737854
5370,train/episode_length_steps,991.9846862364063
5370,train/fps,27452.28177870823
5380,train/reward,1.368997573852539
5380,train/actor_loss,0.01826304942369461
5380,train/critic_loss,0.01931132934987545
5380,train/entropy,-7.853339672088623
5380,train/episode_length_steps,1212.1585181362116
5380,train/fps,27470.304175928337
5390,train/reward,1.3546361923217773
5390,train/actor_loss,0.01465869415551424
5390,train/critic_loss,0.02353568747639656
5390,train/entropy,-7.894986152648926
5390,train/episode_length_steps,798.5812704616955
5390,train/fps,27488.142325408844
5400,train/reward,1.3662278652191162
5400,train/actor_loss,0.018524857237935066
5400,train/critic_loss,0.058290790766477585
5400,train/entropy,-7.9908318519592285
5400,train/episode_length_steps,1022.9524966434373
5400,train/fps,27506.305376473858
5410,train/reward,1.3703919649124146
5410,train/actor_loss,0.02084461599588394
5410,train/critic_loss,0.01622696779668331
5410,train/entropy,-8.039999008178711
5410,train/episode_length_steps,1309.004261933798
5410,train/fps,27523.301052939347
5420,train/reward,1.3581323623657227
5420,train/actor_loss,0.01675950177013874
5420,train/critic_loss,0.05632982403039932
5420,train/entropy,-8.07036018371582
5420,train/episode_length_steps,727.6479207318547
5420,train/fps,27540.145313323337
5430,train/reward,1.3639469146728516
5430,train/actor_loss,0.02107861451804638
5430,train/critic_loss,0.15789449214935303
5430,train/entropy,-8.07873821258545
5430,train/episode_length_steps,1022.9524966434373
5430,train/fps,27557.32083190603
5440,train/reward,1.3714640140533447
5440,train/actor_loss,0.013381877914071083
5440,train/critic_loss,0.054694827646017075
5440,train/entropy,-8.126338005065918
5440,train/episode_length_steps,1258.7213161504762
5440,train/fps,27575.006229620707
5450,train/reward,1.356968641281128
5450,train/actor_loss,0.025128720328211784
5450,train/critic_loss,0.2485552579164505
5450,train/entropy,-8.194849014282227
5450,train/episode_length_steps,642.0972501432806
5450,train/fps,27592.65240235732
5460,train/reward,1.361274242401123
5460,train/actor_loss,0.036545176059007645
5460,train/critic_loss,0.040649157017469406
5460,train/entropy,-8.200098991394043
5460,train/episode_length_steps,1055.9161206631647
5460,train/fps,27611.577333306588
5470,train/reward,1.367552399635315
5470,train/actor_loss,0.014235029928386211
5470,train/critic_loss,0.16361762583255768
5470,train/entropy,-8.242159843444824
5470,train/episode_length_steps,1128.6557313446654
5470,train/fps,27631.831009165915
5480,train/reward,1.3542819023132324
5480,train/actor_loss,0.01411072351038456
5480,train/critic_loss,0.1964007169008255
5480,train/entropy,-8.211485862731934
5480,train/episode_length_steps,536.8919200911878
5480,train/fps,27652.21916341051
5490,train/reward,1.360909104347229
5490,train/actor_loss,0.016612228006124496
5490,train/critic_loss,0.0530075840651989
5490,train/entropy,-8.24099063873291
5490,train/episode_length_steps,668.2877866491242
5490,train/fps,27672.779128654372
5500,train/reward,1.3666386604309082
5500,train/actor_loss,0.024870634078979492
5500,train/critic_loss,0.023714009672403336
5500,train/entropy,-8.25334358215332
5500,train/episode_length_steps,935.352867349791
5500,train/fps,27692.775934326633
5510,train/reward,1.3627814054489136
5510,train/actor_loss,0.02616444043815136
5510,train/critic_loss,0.09763218462467194
5510,train/entropy,-8.284402847290039
5510,train/episode_length_steps,761.4662389368028
5510,train/fps,27711.85394462123
5520,train/reward,1.359046459197998
5520,train/actor_loss,0.018483346328139305
5520,train/critic_loss,0.08012756705284119
5520,train/entropy,-8.270374298095703
5520,train/episode_length_steps,682.2009508175753
5520,train/fps,27731.89975903072
5530,train/reward,1.36782968044281
5530,train/actor_loss,0.017175741493701935
5530,train/critic_loss,0.03187953680753708
5530,train/entropy,-8.344889640808105
5530,train/episode_length_steps,1258.7213161504762
5530,train/fps,27752.021716224906
5540,train/reward,1.3620495796203613
5540,train/actor_loss,0.01808897964656353
5540,train/critic_loss,0.0377608947455883
5540,train/entropy,-8.327010154724121
5540,train/episode_length_steps,935.352867349791
5540,train/fps,27772.088321891475
5550,train/reward,1.3566659688949585
5550,train/actor_loss,0.014139018021523952
5550,train/critic_loss,0.17691177129745483
5550,train/entropy,-8.352522850036621
5550,train/episode_length_steps,818.5294606658226
5550,train/fps,27791.434540148166
5560,train/reward,1.3720451593399048
5560,train/actor_loss,0.02024347148835659
5560,train/critic_loss,0.03679526969790459
5560,train/entropy,-8.363702774047852
5560,train/episode_length_steps,861.5728416085835
5560,train/fps,27811.540913247078
5570,train/reward,1.3583024740219116
5570,train/actor_loss,0.018406985327601433
5570,train/critic_loss,0.03955021873116493
5570,train/entropy,-8.417521476745605
5570,train/episode_length_steps,727.6479207318547
5570,train/fps,27831.588674030558
5580,train/reward,1.3522268533706665
5580,train/actor_loss,0.018380075693130493
5580,train/critic_loss,0.09349311143159866
5580,train/entropy,-8.440994262695312
5580,train/episode_length_steps,617.8821365688474
5580,train/fps,27851.80541820771
5590,train/reward,1.3665226697921753
5590,train/actor_loss,0.015436246991157532
5590,train/critic_loss,0.018807973712682724
5590,train/entropy,-8.448233604431152
5590,train/episode_length_steps,1212.1585181362116
5590,train/fps,27871.424434974946
5600,train/reward,1.369413137435913
5600,train/actor_loss,0.024011023342609406
5600,train/critic_loss,0.02373710833489895
5600,train/entropy,-8.47852897644043
5600,train/episode_length_steps,779.5822535408565
5600,train/fps,27891.00423302007
5610,train/reward,1.3491160869598389
5610,train/actor_loss,0.02775435522198677
5610,train/critic_loss,0.037653084844350815
5610,train/entropy,-8.485384941101074
5610,train/episode_length_steps,606.4468139037408
5610,train/fps,27910.46457832368
5620,train/reward,1.3650543689727783
5620,train/actor_loss,0.020899996161460876
5620,train/critic_loss,0.04377198591828346
5620,train/entropy,-8.455416679382324
5620,train/episode_length_steps,744.1730667488358
5620,train/fps,27930.22130231583
5630,train/reward,1.3700032234191895
5630,train/actor_loss,0.018743062391877174
5630,train/critic_loss,0.05806193873286247
5630,train/entropy,-8.458517074584961
5630,train/episode_length_steps,1168.9177465457567
5630,train/fps,27949.330379766645
5640,train/reward,1.3555761575698853
5640,train/actor_loss,0.02530250884592533
5640,train/critic_loss,0.0496162548661232
5640,train/entropy,-8.442392349243164
5640,train/episode_length_steps,654.9307845610301
5640,train/fps,27967.619724959473
5650,train/reward,1.3652493953704834
5650,train/actor_loss,0.019992055371403694
5650,train/critic_loss,0.1605357676744461
5650,train/entropy,-8.415801048278809
5650,train/episode_length_steps,861.5728416085835
5650,train/fps,27986.253902272925
5660,train/reward,1.3725864887237549
5660,train/actor_loss,0.030670801177620888
5660,train/critic_loss,0.020503154024481773
5660,train/entropy,-8.403555870056152
5660,train/episode_length_steps,909.3944711658012
5660,train/fps,28005.179353210257
5670,train/reward,1.3575530052185059
5670,train/actor_loss,0.019915759563446045
5670,train/critic_loss,0.1199442520737648
5670,train/entropy,-8.43361759185791
5670,train/episode_length_steps,584.8006652107567
5670,train/fps,28024.374860622556
5680,train/reward,1.3593553304672241
5680,train/actor_loss,0.01640571653842926
5680,train/critic_loss,0.09196002781391144
5680,train/entropy,-8.399565696716309
5680,train/episode_length_steps,1055.9161206631647
5680,train/fps,28043.61874950702
5690,train/reward,1.3682196140289307
5690,train/actor_loss,0.014123978093266487
5690,train/critic_loss,0.09032049030065536
5690,train/entropy,-8.343186378479004
5690,train/episode_length_steps,1422.6687821455068
5690,train/fps,28062.681258972756
5700,train/reward,1.3591898679733276
5700,train/actor_loss,0.015759285539388657
5700,train/critic_loss,0.09060897678136826
5700,train/entropy,-8.360417366027832
5700,train/episode_length_steps,668.2877866491242
5700,train/fps,28081.966083431646
5710,train/reward,1.3597288131713867
5710,train/actor_loss,0.01788662001490593
5710,train/critic_loss,0.052191924303770065
5710,train/entropy,-8.400294303894043
5710,train/episode_length_steps,711.8407478776858
5710,train/fps,28101.17299772086
5720,train/reward,1.3684024810791016
5720,train/actor_loss,0.03586595878005028
5720,train/critic_loss,0.051097702234983444
5720,train/entropy,-8.338174819946289
5720,train/episode_length_steps,1212.1585181362116
5720,train/fps,28120.669286767257
5730,train/reward,1.359839916229248
5730,train/actor_loss,0.023548029363155365
5730,train/critic_loss,0.062422048300504684
5730,train/entropy,-8.324374198913574
5730,train/episode_length_steps,617.8821365688474
5730,train/fps,28139.215378537498
5740,train/reward,1.3648808002471924
5740,train/actor_loss,0.024078544229269028
5740,train/critic_loss,0.05720534548163414
5740,train/entropy,-8.328662872314453
5740,train/episode_length_steps,818.5294606658226
5740,train/fps,28158.40867141648
5750,train/reward,1.3668148517608643
5750,train/actor_loss,0.021956617012619972
5750,train/critic_loss,0.05790185555815697
5750,train/entropy,-8.363495826721191
5750,train/episode_length_steps,1128.6557313446654
5750,train/fps,28177.52583472526
5760,train/reward,1.3617595434188843
5760,train/actor_loss,0.019662804901599884
5760,train/critic_loss,0.035104937851428986
5760,train/entropy,-8.316433906555176
5760,train/episode_length_steps,861.5728416085835
5760,train/fps,28196.66912953549
5770,train/reward,1.3569221496582031
5770,train/actor_loss,0.03552423045039177
5770,train/critic_loss,0.11045219004154205
5770,train/entropy,-8.238621711730957
5770,train/episode_length_steps,1091.074921898641
5770,train/fps,28215.367573290972
5780,train/reward,1.3631573915481567
5780,train/actor_loss,0.020883986726403236
5780,train/critic_loss,0.11109906435012817
5780,train/entropy,-8.196791648864746
5780,train/episode_length_steps,1055.9161206631647
5780,train/fps,28233.337595277728
5790,train/reward,1.3573392629623413
5790,train/actor_loss,0.017974937334656715
5790,train/critic_loss,0.15680301189422607
5790,train/entropy,-8.186908721923828
5790,train/episode_length_steps,1022.9524966434373
5790,train/fps,28247.605290330397
5800,train/reward,1.3476301431655884
5800,train/actor_loss,0.018009886145591736
5800,train/critic_loss,0.08514156192541122
5800,train/entropy,-8.102343559265137
5800,train/episode_length_steps,839.499776188048
5800,train/fps,28260.181413226106
5810,train/reward,1.3646502494812012
5810,train/actor_loss,0.014067103154957294
5810,train/critic_loss,0.2030487358570099
5810,train/entropy,-8.085923194885254
5810,train/episode_length_steps,1055.9161206631647
5810,train/fps,28273.204778979245
5820,train/reward,1.3645390272140503
5820,train/actor_loss,0.016357196494936943
5820,train/critic_loss,0.021301671862602234
5820,train/entropy,-8.086169242858887
5820,train/episode_length_steps,962.8367577976614
5820,train/fps,28286.119166508386
5830,train/reward,1.3515191078186035
5830,train/actor_loss,0.01803160086274147
5830,train/critic_loss,0.05714362859725952
5830,train/entropy,-8.112916946411133
5830,train/episode_length_steps,818.5294606658226
5830,train/fps,28300.79091239424
5840,train/reward,1.363796591758728
5840,train/actor_loss,0.01816665753722191
5840,train/critic_loss,0.11100377887487411
5840,train/entropy,-8.061596870422363
5840,train/episode_length_steps,1363.4717399177655
5840,train/fps,28315.618367275158
5850,train/reward,1.3649975061416626
5850,train/actor_loss,0.020496880635619164
5850,train/critic_loss,0.051446039229631424
5850,train/entropy,-8.048323631286621
5850,train/episode_length_steps,1309.004261933798
5850,train/fps,28329.979200105157
5860,train/reward,1.347076177597046
5860,train/actor_loss,0.017056025564670563
5860,train/critic_loss,0.13459549844264984
5860,train/entropy,-8.021016120910645
5860,train/episode_length_steps,668.2877866491242
5860,train/fps,28345.204593739156
5870,train/reward,1.363654613494873
5870,train/actor_loss,0.020272571593523026
5870,train/critic_loss,0.18441788852214813
5870,train/entropy,-7.971839904785156
5870,train/episode_length_steps,884.8379899660755
5870,train/fps,28361.23626028016
5880,train/reward,1.3660314083099365
5880,train/actor_loss,0.020717207342386246
5880,train/critic_loss,0.07789065688848495
5880,train/entropy,-7.947484493255615
5880,train/episode_length_steps,1128.6557313446654
5880,train/fps,28375.350180035755
5890,train/reward,1.356586217880249
5890,train/actor_loss,0.01604222133755684
5890,train/critic_loss,0.13365423679351807
5890,train/entropy,-7.929307460784912
5890,train/episode_length_steps,744.1730667488358
5890,train/fps,28389.606650317746
5900,train/reward,1.36705482006073
5900,train/actor_loss,0.014905198477208614
5900,train/critic_loss,0.03290810063481331
5900,train/entropy,-7.88844633102417
5900,train/episode_length_steps,935.352867349791
5900,train/fps,28406.311361130876
5910,train/reward,1.366418480873108
5910,train/actor_loss,0.01347751822322607
5910,train/critic_loss,0.05851401016116142
5910,train/entropy,-7.913331508636475
5910,train/episode_length_steps,1212.1585181362116
5910,train/fps,28424.708269573755
5920,train/reward,1.3574196100234985
5920,train/actor_loss,0.013724254444241524
5920,train/critic_loss,0.2145901918411255
5920,train/entropy,-7.916316509246826
5920,train/episode_length_steps,991.9846862364063
5920,train/fps,28442.74615263652
5930,train/reward,1.3548264503479004
5930,train/actor_loss,0.016115106642246246
5930,train/critic_loss,0.10083355009555817
5930,train/entropy,-7.903181552886963
5930,train/episode_length_steps,1258.7213161504762
5930,train/fps,28460.981526280342
5940,train/reward,1.3676607608795166
5940,train/actor_loss,0.01415314245969057
5940,train/critic_loss,0.043411049991846085
5940,train/entropy,-7.941263675689697
5940,train/episode_length_steps,1309.004261933798
5940,train/fps,28478.830817278602
5950,train/reward,1.3531783819198608
5950,train/actor_loss,0.014464640989899635
5950,train/critic_loss,0.30752554535865784
5950,train/entropy,-7.927433967590332
5950,train/episode_length_steps,839.499776188048
5950,train/fps,28496.7667574875
5960,train/reward,1.3605773448944092
5960,train/actor_loss,0.01941203884780407
5960,train/critic_loss,0.14537669718265533
5960,train/entropy,-7.905188083648682
5960,train/episode_length_steps,798.5812704616955
5960,train/fps,28515.096869908575
5970,train/reward,1.3664356470108032
5970,train/actor_loss,0.01710035279393196
5970,train/critic_loss,0.47391244769096375
5970,train/entropy,-7.879024505615234
5970,train/episode_length_steps,1258.7213161504762
5970,train/fps,28533.36189476058
5980,train/reward,1.3602750301361084
5980,train/actor_loss,0.020316114649176598
5980,train/critic_loss,0.2061045914888382
5980,train/entropy,-7.831302165985107
5980,train/episode_length_steps,696.70575204079
5980,train/fps,28551.046032535924
5990,train/reward,1.3642568588256836
5990,train/actor_loss,0.02172457054257393
5990,train/critic_loss,0.16381080448627472
5990,train/entropy,-7.79371976852417
5990,train/episode_length_steps,909.3944711658012
5990,train/fps,28568.410334919543
6000,train/reward,1.3659734725952148
6000,train/actor_loss,0.01757059060037136
6000,train/critic_loss,0.03551311418414116
6000,train/entropy,-7.771439552307129
6000,train/episode_length_steps,1128.6557313446654
6000,train/fps,28586.933105714557
6000,eval/med_figure8_normal,0.10897483676671982
6010,train/reward,1.3631532192230225
6010,train/actor_loss,0.016789769753813744
6010,train/critic_loss,0.11840557307004929
6010,train/entropy,-7.83704137802124
6010,train/episode_length_steps,1128.6557313446654
6010,train/fps,26746.10254283113
6020,train/reward,1.3622633218765259
6020,train/actor_loss,0.009918446652591228
6020,train/critic_loss,0.044868893921375275
6020,train/entropy,-7.832530498504639
6020,train/episode_length_steps,909.3944711658012
6020,train/fps,26765.3927927125
6030,train/reward,1.3638677597045898
6030,train/actor_loss,0.035212066024541855
6030,train/critic_loss,0.06964270770549774
6030,train/entropy,-7.839890480041504
6030,train/episode_length_steps,1022.9524966434373
6030,train/fps,26784.45397190291
6040,train/reward,1.360429048538208
6040,train/actor_loss,0.014898652210831642
6040,train/critic_loss,0.06064736843109131
6040,train/entropy,-7.893101692199707
6040,train/episode_length_steps,861.5728416085835
6040,train/fps,26802.81983870603
6050,train/reward,1.3571720123291016
6050,train/actor_loss,0.021865826100111008
6050,train/critic_loss,0.18973222374916077
6050,train/entropy,-7.868553161621094
6050,train/episode_length_steps,798.5812704616955
6050,train/fps,26821.69244818494
6060,train/reward,1.36936616897583
6060,train/actor_loss,0.025794142857193947
6060,train/critic_loss,0.04748879000544548
6060,train/entropy,-7.940209865570068
6060,train/episode_length_steps,1091.074921898641
6060,train/fps,26840.755694304284
6070,train/reward,1.3637588024139404
6070,train/actor_loss,0.023853633552789688
6070,train/critic_loss,0.3281572759151459
6070,train/entropy,-7.877404689788818
6070,train/episode_length_steps,962.8367577976614
6070,train/fps,26859.75002617041
6080,train/reward,1.353960394859314
6080,train/actor_loss,0.022719062864780426
6080,train/critic_loss,0.2529711127281189
6080,train/entropy,-7.755093574523926
6080,train/episode_length_steps,818.5294606658226
6080,train/fps,26878.116934241847
6090,train/reward,1.3624809980392456
6090,train/actor_loss,0.029654745012521744
6090,train/critic_loss,0.2048017829656601
6090,train/entropy,-7.7111053466796875
6090,train/episode_length_steps,1022.9524966434373
6090,train/fps,26896.705040196637
6100,train/reward,1.3649444580078125
6100,train/actor_loss,0.025020241737365723
6100,train/critic_loss,0.23114459216594696
6100,train/entropy,-7.624100685119629
6100,train/episode_length_steps,1168.9177465457567
6100,train/fps,26915.4124824086
6110,train/reward,1.3475323915481567
6110,train/actor_loss,0.02860153652727604
6110,train/critic_loss,0.3906404972076416
6110,train/entropy,-7.606498718261719
6110,train/episode_length_steps,711.8407478776858
6110,train/fps,26933.089733976314
6120,train/reward,1.3590035438537598
6120,train/actor_loss,0.020996199920773506
6120,train/critic_loss,0.6966974139213562
6120,train/entropy,-7.529856204986572
6120,train/episode_length_steps,861.5728416085835
6120,train/fps,26946.904444257325
6130,train/reward,1.364180088043213
6130,train/actor_loss,0.014044138602912426
6130,train/critic_loss,0.22151975333690643
6130,train/entropy,-7.450755596160889
6130,train/episode_length_steps,1091.074921898641
6130,train/fps,26959.172138298876
6140,train/reward,1.3465359210968018
6140,train/actor_loss,0.042763154953718185
6140,train/critic_loss,1.346494436264038
6140,train/entropy,-7.409660339355469
6140,train/episode_length_steps,761.4662389368028
6140,train/fps,26972.339208571622
6150,train/reward,1.360703945159912
6150,train/actor_loss,0.02684810198843479
6150,train/critic_loss,0.6755760312080383
6150,train/entropy,-7.328255653381348
6150,train/episode_length_steps,962.8367577976614
6150,train/fps,26987.484271547073
6160,train/reward,1.3692717552185059
6160,train/actor_loss,0.017800483852624893
6160,train/critic_loss,0.3209976255893707
6160,train/entropy,-7.284643650054932
6160,train/episode_length_steps,1091.074921898641
6160,train/fps,27002.04279725889
6170,train/reward,1.3487284183502197
6170,train/actor_loss,0.021732661873102188
6170,train/critic_loss,0.6408604383468628
6170,train/entropy,-7.188821315765381
6170,train/episode_length_steps,682.2009508175753
6170,train/fps,27017.201119623343
6180,train/reward,1.3525841236114502
6180,train/actor_loss,0.017423130571842194
6180,train/critic_loss,0.2738492786884308
6180,train/entropy,-7.122361660003662
6180,train/episode_length_steps,991.9846862364063
6180,train/fps,27032.959891636307
6190,train/reward,1.359131932258606
6190,train/actor_loss,0.013737487606704235
6190,train/critic_loss,0.2942422032356262
6190,train/entropy,-7.085504055023193
6190,train/episode_length_steps,1422.6687821455068
6190,train/fps,27047.734332416676
6200,train/reward,1.3549906015396118
6200,train/actor_loss,0.021929031237959862
6200,train/critic_loss,0.7576817274093628
6200,train/entropy,-7.051743984222412
6200,train/episode_length_steps,779.5822535408565
6200,train/fps,27061.558117715325
6210,train/reward,1.3505017757415771
6210,train/actor_loss,0.014493620954453945
6210,train/critic_loss,0.4766862988471985
6210,train/entropy,-6.984870910644531
6210,train/episode_length_steps,779.5822535408565
6210,train/fps,27074.907017976468
6220,train/reward,1.3547524213790894
6220,train/actor_loss,0.02751309983432293
6220,train/critic_loss,0.37955835461616516
6220,train/entropy,-6.926229000091553
6220,train/episode_length_steps,884.8379899660755
6220,train/fps,27090.49902943501
6230,train/reward,1.3475918769836426
6230,train/actor_loss,0.021801451221108437
6230,train/critic_loss,0.7961898446083069
6230,train/entropy,-6.916139125823975
6230,train/episode_length_steps,798.5812704616955
6230,train/fps,27108.95986347748
6240,train/reward,1.3467867374420166
6240,train/actor_loss,0.014485346153378487
6240,train/critic_loss,1.0542364120483398
6240,train/entropy,-6.846722602844238
6240,train/episode_length_steps,861.5728416085835
6240,train/fps,27127.07753265788
6250,train/reward,1.359024167060852
6250,train/actor_loss,0.016143089160323143
6250,train/critic_loss,0.38358208537101746
6250,train/entropy,-6.789878845214844
6250,train/episode_length_steps,1055.9161206631647
6250,train/fps,27144.270634231943
6260,train/reward,1.3560962677001953
6260,train/actor_loss,0.015619597397744656
6260,train/critic_loss,0.742216169834137
6260,train/entropy,-6.7562432289123535
6260,train/episode_length_steps,909.3944711658012
6260,train/fps,27162.065187798118
6270,train/reward,1.3372573852539062
6270,train/actor_loss,0.04288247227668762
6270,train/critic_loss,1.2015609741210938
6270,train/entropy,-6.669234752655029
6270,train/episode_length_steps,629.7570023566689
6270,train/fps,27180.07265517794
6280,train/reward,1.3520872592926025
6280,train/actor_loss,0.01671525090932846
6280,train/critic_loss,0.94758141040802
6280,train/entropy,-6.592817783355713
6280,train/episode_length_steps,798.5812704616955
6280,train/fps,27197.751207279387
6290,train/reward,1.3555142879486084
6290,train/actor_loss,0.0106955049559474
6290,train/critic_loss,0.4845963418483734
6290,train/entropy,-6.577304363250732
6290,train/episode_length_steps,1091.074921898641
6290,train/fps,27215.151269545444
6300,train/reward,1.353532075881958
6300,train/actor_loss,0.022981194779276848
6300,train/critic_loss,0.870215892791748
6300,train/entropy,-6.54552698135376
6300,train/episode_length_steps,798.5812704616955
6300,train/fps,27232.634600148114
6310,train/reward,1.3547639846801758
6310,train/actor_loss,0.01679876260459423
6310,train/critic_loss,0.5340955853462219
6310,train/entropy,-6.524925231933594
6310,train/episode_length_steps,884.8379899660755
6310,train/fps,27250.22278924523
6320,train/reward,1.355064868927002
6320,train/actor_loss,0.01611529104411602
6320,train/critic_loss,0.3964180052280426
6320,train/entropy,-6.540698528289795
6320,train/episode_length_steps,1128.6557313446654
6320,train/fps,27268.018986453684
6330,train/reward,1.350816249847412
6330,train/actor_loss,0.015771089121699333
6330,train/critic_loss,0.7976973652839661
6330,train/entropy,-6.54878568649292
6330,train/episode_length_steps,1091.074921898641
6330,train/fps,27285.786674218285
6340,train/reward,1.3581490516662598
6340,train/actor_loss,0.01787358894944191
6340,train/critic_loss,0.6658439040184021
6340,train/entropy,-6.501626491546631
6340,train/episode_length_steps,1022.9524966434373
6340,train/fps,27303.087884894998
6350,train/reward,1.3617916107177734
6350,train/actor_loss,0.012695679441094398
6350,train/critic_loss,0.2808767259120941
6350,train/entropy,-6.4872894287109375
6350,train/episode_length_steps,1091.074921898641
6350,train/fps,27320.779813599067
6360,train/reward,1.3478071689605713
6360,train/actor_loss,0.018800469115376472
6360,train/critic_loss,0.594369113445282
6360,train/entropy,-6.454998970031738
6360,train/episode_length_steps,668.2877866491242
6360,train/fps,27338.68865742366
6370,train/reward,1.355386734008789
6370,train/actor_loss,0.02101246640086174
6370,train/critic_loss,0.403776615858078
6370,train/entropy,-6.419166564941406
6370,train/episode_length_steps,1022.9524966434373
6370,train/fps,27356.5765722585
6380,train/reward,1.362562894821167
6380,train/actor_loss,0.01618773303925991
6380,train/critic_loss,0.4402851164340973
6380,train/entropy,-6.407007694244385
6380,train/episode_length_steps,1422.6687821455068
6380,train/fps,27373.730703293386
6390,train/reward,1.3493376970291138
6390,train/actor_loss,0.022792935371398926
6390,train/critic_loss,0.6540298461914062
6390,train/entropy,-6.409152984619141
6390,train/episode_length_steps,962.8367577976614
6390,train/fps,27391.068944377195
6400,train/reward,1.3562912940979004
6400,train/actor_loss,0.02132062241435051
6400,train/critic_loss,0.08656715601682663
6400,train/entropy,-6.430606842041016
6400,train/episode_length_steps,1258.7213161504762
6400,train/fps,27408.73741027311
6410,train/reward,1.3647795915603638
6410,train/actor_loss,0.014948921278119087
6410,train/critic_loss,0.15304094552993774
6410,train/entropy,-6.452455997467041
6410,train/episode_length_steps,1422.6687821455068
6410,train/fps,27426.242034515777
6420,train/reward,1.34897780418396
6420,train/actor_loss,0.010001377202570438
6420,train/critic_loss,0.5059364438056946
6420,train/entropy,-6.458928108215332
6420,train/episode_length_steps,668.2877866491242
6420,train/fps,27443.79137625277
6430,train/reward,1.3525747060775757
6430,train/actor_loss,0.023642266169190407
6430,train/critic_loss,0.8476031422615051
6430,train/entropy,-6.446479320526123
6430,train/episode_length_steps,909.3944711658012
6430,train/fps,27460.375379485344
6440,train/reward,1.3590753078460693
6440,train/actor_loss,0.013021774590015411
6440,train/critic_loss,1.2582682371139526
6440,train/entropy,-6.439088344573975
6440,train/episode_length_steps,1022.9524966434373
6440,train/fps,27476.986632341454
6450,train/reward,1.3533730506896973
6450,train/actor_loss,0.01818625070154667
6450,train/critic_loss,0.8189053535461426
6450,train/entropy,-6.422397613525391
6450,train/episode_length_steps,761.4662389368028
6450,train/fps,27493.74717999177
6460,train/reward,1.3466603755950928
6460,train/actor_loss,0.016027219593524933
6460,train/critic_loss,0.7875353693962097
6460,train/entropy,-6.369121551513672
6460,train/episode_length_steps,696.70575204079
6460,train/fps,27510.985240546164
6470,train/reward,1.3554565906524658
6470,train/actor_loss,0.008585880510509014
6470,train/critic_loss,0.3199444115161896
6470,train/entropy,-6.355654716491699
6470,train/episode_length_steps,962.8367577976614
6470,train/fps,27527.319570523723
6480,train/reward,1.3538193702697754
6480,train/actor_loss,0.007824001833796501
6480,train/critic_loss,0.45383667945861816
6480,train/entropy,-6.313096523284912
6480,train/episode_length_steps,1022.9524966434373
6480,train/fps,27544.01737528406
6490,train/reward,1.34312105178833
6490,train/actor_loss,0.017334315925836563
6490,train/critic_loss,0.33901286125183105
6490,train/entropy,-6.2787885665893555
6490,train/episode_length_steps,839.499776188048
6490,train/fps,27561.276242070366
6500,train/reward,1.3522968292236328
6500,train/actor_loss,0.014438319019973278
6500,train/critic_loss,0.29671794176101685
6500,train/entropy,-6.3422532081604
6500,train/episode_length_steps,1128.6557313446654
6500,train/fps,27578.544344832273
6510,train/reward,1.3561286926269531
6510,train/actor_loss,0.017901433631777763
6510,train/critic_loss,0.46689391136169434
6510,train/entropy,-6.355341911315918
6510,train/episode_length_steps,909.3944711658012
6510,train/fps,27594.923866356363
6520,train/reward,1.3373767137527466
6520,train/actor_loss,0.021586380898952484
6520,train/critic_loss,1.2128437757492065
6520,train/entropy,-6.3480329513549805
6520,train/episode_length_steps,555.0815438639096
6520,train/fps,27611.493556838297
6530,train/reward,1.3488740921020508
6530,train/actor_loss,0.02031560242176056
6530,train/critic_loss,0.534725546836853
6530,train/entropy,-6.306828022003174
6530,train/episode_length_steps,818.5294606658226
6530,train/fps,27628.78719286292
6540,train/reward,1.351851463317871
6540,train/actor_loss,0.015960630029439926
6540,train/critic_loss,0.48447686433792114
6540,train/entropy,-6.265547275543213
6540,train/episode_length_steps,1168.9177465457567
6540,train/fps,27646.054867308983
6550,train/reward,1.3504021167755127
6550,train/actor_loss,0.014700397849082947
6550,train/critic_loss,1.1731901168823242
6550,train/entropy,-6.232758522033691
6550,train/episode_length_steps,629.7570023566689
6550,train/fps,27663.309062118977
6560,train/reward,1.3549821376800537
6560,train/actor_loss,0.013672624714672565
6560,train/critic_loss,1.0383702516555786
6560,train/entropy,-6.181508541107178
6560,train/episode_length_steps,1168.9177465457567
6560,train/fps,27680.008778117764
6570,train/reward,1.3569576740264893
6570,train/actor_loss,0.01194517221301794
6570,train/critic_loss,0.4717531204223633
6570,train/entropy,-6.240560531616211
6570,train/episode_length_steps,1055.9161206631647
6570,train/fps,27696.67512438374
6580,train/reward,1.3501256704330444
6580,train/actor_loss,0.011718705296516418
6580,train/critic_loss,0.18559031188488007
6580,train/entropy,-6.206506252288818
6580,train/episode_length_steps,1055.9161206631647
6580,train/fps,27713.775291553153
6590,train/reward,1.3614248037338257
6590,train/actor_loss,0.014886170625686646
6590,train/critic_loss,0.25241562724113464
6590,train/entropy,-6.26383113861084
6590,train/episode_length_steps,909.3944711658012
6590,train/fps,27730.739798335235
6600,train/reward,1.3606760501861572
6600,train/actor_loss,0.009506965056061745
6600,train/critic_loss,0.4978080689907074
6600,train/entropy,-6.310496807098389
6600,train/episode_length_steps,1258.7213161504762
6600,train/fps,27746.66211970395
6610,train/reward,1.3548067808151245
6610,train/actor_loss,0.015641620382666588
6610,train/critic_loss,0.28591006994247437
6610,train/entropy,-6.384143352508545
6610,train/episode_length_steps,761.4662389368028
6610,train/fps,27757.325681618244
6620,train/reward,1.3615329265594482
6620,train/actor_loss,0.01798117347061634
6620,train/critic_loss,0.30635884404182434
6620,train/entropy,-6.418938636779785
6620,train/episode_length_steps,1258.7213161504762
6620,train/fps,27768.59838795791
6630,train/reward,1.3611522912979126
6630,train/actor_loss,0.01700524240732193
6630,train/critic_loss,0.15677118301391602
6630,train/entropy,-6.445672035217285
6630,train/episode_length_steps,1212.1585181362116
6630,train/fps,27780.333261343276
6640,train/reward,1.3528380393981934
6640,train/actor_loss,0.016232362017035484
6640,train/critic_loss,0.08577524870634079
6640,train/entropy,-6.442421913146973
6640,train/episode_length_steps,1212.1585181362116
6640,train/fps,27793.808744190257
6650,train/reward,1.3548076152801514
6650,train/actor_loss,0.012576689012348652
6650,train/critic_loss,0.5570656061172485
6650,train/entropy,-6.448709011077881
6650,train/episode_length_steps,1168.9177465457567
6650,train/fps,27807.844563376024
6660,train/reward,1.3576340675354004
6660,train/actor_loss,0.01783103123307228
6660,train/critic_loss,0.1359580010175705
6660,train/entropy,-6.478263854980469
6660,train/episode_length_steps,1212.1585181362116
6660,train/fps,27821.281168998343
6670,train/reward,1.3530362844467163
6670,train/actor_loss,0.010755580849945545
6670,train/critic_loss,0.10239491611719131
6670,train/entropy,-6.517889499664307
6670,train/episode_length_steps,744.1730667488358
6670,train/fps,27835.569502311897
6680,train/reward,1.3561525344848633
6680,train/actor_loss,0.00813016202300787
6680,train/critic_loss,0.6357643604278564
6680,train/entropy,-6.547914981842041
6680,train/episode_length_steps,909.3944711658012
6680,train/fps,27848.17400929066
6690,train/reward,1.3596171140670776
6690,train/actor_loss,0.017968524247407913
6690,train/critic_loss,0.3761684000492096
6690,train/entropy,-6.575084209442139
6690,train/episode_length_steps,1128.6557313446654
6690,train/fps,27861.56706474528
6700,train/reward,1.3584953546524048
6700,train/actor_loss,0.016074135899543762
6700,train/critic_loss,0.5468597412109375
6700,train/entropy,-6.581737041473389
6700,train/episode_length_steps,818.5294606658226
6700,train/fps,27873.708631176196
6710,train/reward,1.348870038986206
6710,train/actor_loss,0.014336638152599335
6710,train/critic_loss,0.31571540236473083
6710,train/entropy,-6.5939812660217285
6710,train/episode_length_steps,861.5728416085835
6710,train/fps,27888.111454215046
6720,train/reward,1.3590353727340698
6720,train/actor_loss,0.011492484249174595
6720,train/critic_loss,0.21491895616054535
6720,train/entropy,-6.579944610595703
6720,train/episode_length_steps,935.352867349791
6720,train/fps,27904.709882029678
6730,train/reward,1.3577392101287842
6730,train/actor_loss,0.007942565716803074
6730,train/critic_loss,0.3339637219905853
6730,train/entropy,-6.6837687492370605
6730,train/episode_length_steps,1422.6687821455068
6730,train/fps,27920.701088451842
6740,train/reward,1.355349063873291
6740,train/actor_loss,0.008916839957237244
6740,train/critic_loss,0.12209820747375488
6740,train/entropy,-6.70700216293335
6740,train/episode_length_steps,744.1730667488358
6740,train/fps,27937.113345868176
6750,train/reward,1.3602979183197021
6750,train/actor_loss,0.02066148817539215
6750,train/critic_loss,0.16782324016094208
6750,train/entropy,-6.778228282928467
6750,train/episode_length_steps,1055.9161206631647
6750,train/fps,27953.70972808922
6760,train/reward,1.3568847179412842
6760,train/actor_loss,0.008466280065476894
6760,train/critic_loss,0.6129699945449829
6760,train/entropy,-6.903148174285889
6760,train/episode_length_steps,839.499776188048
6760,train/fps,27970.007786148457
6770,train/reward,1.352759599685669
6770,train/actor_loss,0.016493242233991623
6770,train/critic_loss,0.10252126306295395
6770,train/entropy,-6.88915491104126
6770,train/episode_length_steps,909.3944711658012
6770,train/fps,27985.717905950354
6780,train/reward,1.359940767288208
6780,train/actor_loss,0.013537980616092682
6780,train/critic_loss,0.11123593896627426
6780,train/entropy,-6.902292728424072
6780,train/episode_length_steps,1055.9161206631647
6780,train/fps,28001.782692812845
6790,train/reward,1.3619439601898193
6790,train/actor_loss,0.020668119192123413
6790,train/critic_loss,0.10883011668920517
6790,train/entropy,-6.914172649383545
6790,train/episode_length_steps,991.9846862364063
6790,train/fps,28017.446775649987
6800,train/reward,1.3549201488494873
6800,train/actor_loss,0.023843180388212204
6800,train/critic_loss,0.11041039228439331
6800,train/entropy,-6.95635986328125
6800,train/episode_length_steps,642.0972501432806
6800,train/fps,28033.709278349863
6810,train/reward,1.3644737005233765
6810,train/actor_loss,0.01604439504444599
6810,train/critic_loss,0.22212615609169006
6810,train/entropy,-6.995161533355713
6810,train/episode_length_steps,1363.4717399177655
6810,train/fps,28049.852716512294
6820,train/reward,1.360365629196167
6820,train/actor_loss,0.01268844585865736
6820,train/critic_loss,0.0972408652305603
6820,train/entropy,-7.087123870849609
6820,train/episode_length_steps,1091.074921898641
6820,train/fps,28065.020553569753
6830,train/reward,1.3595995903015137
6830,train/actor_loss,0.013842104934155941
6830,train/critic_loss,0.13076446950435638
6830,train/entropy,-7.123588562011719
6830,train/episode_length_steps,884.8379899660755
6830,train/fps,28080.98813375479
6840,train/reward,1.3611352443695068
6840,train/actor_loss,0.014354991726577282
6840,train/critic_loss,0.2263679951429367
6840,train/entropy,-7.192486763000488
6840,train/episode_length_steps,1055.9161206631647
6840,train/fps,28096.89481895095
6850,train/reward,1.3624236583709717
6850,train/actor_loss,0.011996987275779247
6850,train/critic_loss,0.07788035273551941
6850,train/entropy,-7.197086334228516
6850,train/episode_length_steps,962.8367577976614
6850,train/fps,28112.903426633573
6860,train/reward,1.3624823093414307
6860,train/actor_loss,0.012139290571212769
6860,train/critic_loss,0.1593003273010254
6860,train/entropy,-7.195563793182373
6860,train/episode_length_steps,884.8379899660755
6860,train/fps,28128.798410559197
6870,train/reward,1.3637161254882812
6870,train/actor_loss,0.012767165899276733
6870,train/critic_loss,0.1023537889122963
6870,train/entropy,-7.2248735427856445
6870,train/episode_length_steps,1168.9177465457567
6870,train/fps,28144.53159137455
6880,train/reward,1.3651123046875
6880,train/actor_loss,0.01758328266441822
6880,train/critic_loss,0.19982080161571503
6880,train/entropy,-7.228031158447266
6880,train/episode_length_steps,1422.6687821455068
6880,train/fps,28160.497156323665
6890,train/reward,1.3567736148834229
6890,train/actor_loss,0.03328265622258186
6890,train/critic_loss,0.08185429871082306
6890,train/entropy,-7.273694038391113
6890,train/episode_length_steps,1168.9177465457567
6890,train/fps,28176.51221981329
6900,train/reward,1.3556439876556396
6900,train/actor_loss,0.013834151439368725
6900,train/critic_loss,0.241291806101799
6900,train/entropy,-7.29074239730835
6900,train/episode_length_steps,1128.6557313446654
6900,train/fps,28192.581962208125
6910,train/reward,1.3624591827392578
6910,train/actor_loss,0.016848934814333916
6910,train/critic_loss,0.08597208559513092
6910,train/entropy,-7.355581760406494
6910,train/episode_length_steps,1168.9177465457567
6910,train/fps,28207.98525732938
6920,train/reward,1.357147216796875
6920,train/actor_loss,0.011667375452816486
6920,train/critic_loss,0.036206457763910294
6920,train/entropy,-7.408518314361572
6920,train/episode_length_steps,779.5822535408565
6920,train/fps,28223.78547524248
6930,train/reward,1.3609308004379272
6930,train/actor_loss,0.018073057755827904
6930,train/critic_loss,0.08452656120061874
6930,train/entropy,-7.4608001708984375
6930,train/episode_length_steps,909.3944711658012
6930,train/fps,28239.699956167417
6940,train/reward,1.367110252380371
6940,train/actor_loss,0.020503701642155647
6940,train/critic_loss,0.03634246811270714
6940,train/entropy,-7.547257900238037
6940,train/episode_length_steps,1055.9161206631647
6940,train/fps,28255.628660741884
6950,train/reward,1.3602911233901978
6950,train/actor_loss,0.014400181360542774
6950,train/critic_loss,0.16631925106048584
6950,train/entropy,-7.510961055755615
6950,train/episode_length_steps,909.3944711658012
6950,train/fps,28270.766992860357
6960,train/reward,1.3583828210830688
6960,train/actor_loss,0.019948070868849754
6960,train/critic_loss,0.25978899002075195
6960,train/entropy,-7.459233283996582
6960,train/episode_length_steps,962.8367577976614
6960,train/fps,28285.83514535596
6970,train/reward,1.362112283706665
6970,train/actor_loss,0.01581576094031334
6970,train/critic_loss,0.07924371212720871
6970,train/entropy,-7.493442058563232
6970,train/episode_length_steps,818.5294606658226
6970,train/fps,28301.47516253383
6980,train/reward,1.365220308303833
6980,train/actor_loss,0.011110975407063961
6980,train/critic_loss,0.12872177362442017
6980,train/entropy,-7.508016109466553
6980,train/episode_length_steps,1363.4717399177655
6980,train/fps,28317.00836798733
6990,train/reward,1.3543763160705566
6990,train/actor_loss,0.011483863927423954
6990,train/critic_loss,0.39012545347213745
6990,train/entropy,-7.529782772064209
6990,train/episode_length_steps,798.5812704616955
6990,train/fps,28332.379600609664
7000,train/reward,1.3604084253311157
7000,train/actor_loss,0.018853208050131798
7000,train/critic_loss,0.05382245406508446
7000,train/entropy,-7.573681831359863
7000,train/episode_length_steps,935.352867349791
7000,train/fps,28347.014997770708
7000,eval/med_figure8_normal,0.12576362490653992
7010,train/reward,1.356049656867981
7010,train/actor_loss,0.013703636825084686
7010,train/critic_loss,0.38254618644714355
7010,train/entropy,-7.5985918045043945
7010,train/episode_length_steps,884.8379899660755
7010,train/fps,26747.78561593473
7020,train/reward,1.3537299633026123
7020,train/actor_loss,0.02015693485736847
7020,train/critic_loss,0.38487640023231506
7020,train/entropy,-7.62642240524292
7020,train/episode_length_steps,962.8367577976614
7020,train/fps,26760.58651774462
7030,train/reward,1.3615760803222656
7030,train/actor_loss,0.026100385934114456
7030,train/critic_loss,0.08894316852092743
7030,train/entropy,-7.643430233001709
7030,train/episode_length_steps,1091.074921898641
7030,train/fps,26775.132017240863
7040,train/reward,1.3609645366668701
7040,train/actor_loss,0.012608751654624939
7040,train/critic_loss,0.21028350293636322
7040,train/entropy,-7.627053737640381
7040,train/episode_length_steps,1055.9161206631647
7040,train/fps,26791.08983914459
7050,train/reward,1.3549211025238037
7050,train/actor_loss,0.011630693450570107
7050,train/critic_loss,0.05537191778421402
7050,train/entropy,-7.6315598487854
7050,train/episode_length_steps,711.8407478776858
7050,train/fps,26807.32811788382
7060,train/reward,1.361810564994812
7060,train/actor_loss,0.014779465273022652
7060,train/critic_loss,0.09927216917276382
7060,train/entropy,-7.6672844886779785
7060,train/episode_length_steps,1258.7213161504762
7060,train/fps,26823.700525856628
7070,train/reward,1.3626399040222168
7070,train/actor_loss,0.01855306141078472
7070,train/critic_loss,0.057578857988119125
7070,train/entropy,-7.659161567687988
7070,train/episode_length_steps,1055.9161206631647
7070,train/fps,26839.91295896005
7080,train/reward,1.3595560789108276
7080,train/actor_loss,0.015537780709564686
7080,train/critic_loss,0.21609091758728027
7080,train/entropy,-7.649962902069092
7080,train/episode_length_steps,991.9846862364063
7080,train/fps,26855.170152582312
7090,train/reward,1.365646243095398
7090,train/actor_loss,0.018144819885492325
7090,train/critic_loss,0.35359588265419006
7090,train/entropy,-7.616370677947998
7090,train/episode_length_steps,1363.4717399177655
7090,train/fps,26870.872478243204
7100,train/reward,1.3668537139892578
7100,train/actor_loss,0.01305475551635027
7100,train/critic_loss,0.05928640440106392
7100,train/entropy,-7.558292388916016
7100,train/episode_length_steps,1022.9524966434373
7100,train/fps,26886.58836267252
7110,train/reward,1.3619062900543213
7110,train/actor_loss,0.011863470077514648
7110,train/critic_loss,0.3024563789367676
7110,train/entropy,-7.5360107421875
7110,train/episode_length_steps,779.5822535408565
7110,train/fps,26902.53559575847
7120,train/reward,1.361091136932373
7120,train/actor_loss,0.014451153576374054
7120,train/critic_loss,0.18006911873817444
7120,train/entropy,-7.502109050750732
7120,train/episode_length_steps,1212.1585181362116
7120,train/fps,26918.38186183258
7130,train/reward,1.363152265548706
7130,train/actor_loss,0.018935982137918472
7130,train/critic_loss,0.231623575091362
7130,train/entropy,-7.494627475738525
7130,train/episode_length_steps,1487.2393700146981
7130,train/fps,26933.655854213597
7140,train/reward,1.3593106269836426
7140,train/actor_loss,0.18501563370227814
7140,train/critic_loss,0.3068521022796631
7140,train/entropy,-7.420942783355713
7140,train/episode_length_steps,1091.074921898641
7140,train/fps,26949.646225219014
7150,train/reward,1.3587143421173096
7150,train/actor_loss,0.01971300132572651
7150,train/critic_loss,0.6972958445549011
7150,train/entropy,-7.350110054016113
7150,train/episode_length_steps,962.8367577976614
7150,train/fps,26965.48448222346
7160,train/reward,1.361149549484253
7160,train/actor_loss,0.021274497732520103
7160,train/critic_loss,0.07740544527769089
7160,train/entropy,-7.350040435791016
7160,train/episode_length_steps,1022.9524966434373
7160,train/fps,26981.03041010829
7170,train/reward,1.3534348011016846
7170,train/actor_loss,0.007465726230293512
7170,train/critic_loss,0.07665296643972397
7170,train/entropy,-7.3820343017578125
7170,train/episode_length_steps,884.8379899660755
7170,train/fps,26996.362462640078
7180,train/reward,1.3526349067687988
7180,train/actor_loss,0.01051249261945486
7180,train/critic_loss,0.0808665007352829
7180,train/entropy,-7.422645568847656
7180,train/episode_length_steps,839.499776188048
7180,train/fps,27011.983876751015
7190,train/reward,1.3628922700881958
7190,train/actor_loss,0.020926347002387047
7190,train/critic_loss,0.16041778028011322
7190,train/entropy,-7.429509162902832
7190,train/episode_length_steps,1022.9524966434373
7190,train/fps,27027.682291750916
7200,train/reward,1.3679207563400269
7200,train/actor_loss,0.014254987239837646
7200,train/critic_loss,0.14995527267456055
7200,train/entropy,-7.448858737945557
7200,train/episode_length_steps,884.8379899660755
7200,train/fps,27043.560657376533
7210,train/reward,1.3576842546463013
7210,train/actor_loss,0.02030632272362709
7210,train/critic_loss,0.16329599916934967
7210,train/entropy,-7.424047946929932
7210,train/episode_length_steps,909.3944711658012
7210,train/fps,27059.273230484127
7220,train/reward,1.3622562885284424
7220,train/actor_loss,0.03247091919183731
7220,train/critic_loss,0.10226322710514069
7220,train/entropy,-7.419223308563232
7220,train/episode_length_steps,779.5822535408565
7220,train/fps,27074.617042864946
7230,train/reward,1.3644719123840332
7230,train/actor_loss,0.022579247131943703
7230,train/critic_loss,0.33861324191093445
7230,train/entropy,-7.3908209800720215
7230,train/episode_length_steps,1055.9161206631647
7230,train/fps,27090.21364743996
7240,train/reward,1.3477177619934082
7240,train/actor_loss,0.020143473520874977
7240,train/critic_loss,0.4628731906414032
7240,train/entropy,-7.343245983123779
7240,train/episode_length_steps,818.5294606658226
7240,train/fps,27105.607662881874
7250,train/reward,1.3641002178192139
7250,train/actor_loss,0.018385959789156914
7250,train/critic_loss,0.21250413358211517
7250,train/entropy,-7.404704570770264
7250,train/episode_length_steps,962.8367577976614
7250,train/fps,27120.91796034579
7260,train/reward,1.3619534969329834
7260,train/actor_loss,0.016215099021792412
7260,train/critic_loss,0.28149986267089844
7260,train/entropy,-7.44503116607666
7260,train/episode_length_steps,1212.1585181362116
7260,train/fps,27135.936645084916
7270,train/reward,1.3571803569793701
7270,train/actor_loss,0.01396703626960516
7270,train/critic_loss,0.3223904073238373
7270,train/entropy,-7.41818380355835
7270,train/episode_length_steps,935.352867349791
7270,train/fps,27151.037745174977
7280,train/reward,1.3632394075393677
7280,train/actor_loss,0.013670160435140133
7280,train/critic_loss,0.08683858066797256
7280,train/entropy,-7.388089179992676
7280,train/episode_length_steps,909.3944711658012
7280,train/fps,27166.392028579903
7290,train/reward,1.3625664710998535
7290,train/actor_loss,0.015575704164803028
7290,train/critic_loss,0.11181793361902237
7290,train/entropy,-7.4075517654418945
7290,train/episode_length_steps,935.352867349791
7290,train/fps,27181.927254333317
7300,train/reward,1.353394865989685
7300,train/actor_loss,0.026798931881785393
7300,train/critic_loss,0.2629025876522064
7300,train/entropy,-7.3827972412109375
7300,train/episode_length_steps,654.9307845610301
7300,train/fps,27197.463081392645
7310,train/reward,1.360351800918579
7310,train/actor_loss,0.02198144793510437
7310,train/critic_loss,0.15820491313934326
7310,train/entropy,-7.40442419052124
7310,train/episode_length_steps,1055.9161206631647
7310,train/fps,27212.362466836148
7320,train/reward,1.3651249408721924
7320,train/actor_loss,0.008645749650895596
7320,train/critic_loss,0.0840374231338501
7320,train/entropy,-7.382172584533691
7320,train/episode_length_steps,1258.7213161504762
7320,train/fps,27227.331952034627
7330,train/reward,1.3548791408538818
7330,train/actor_loss,0.018336467444896698
7330,train/critic_loss,0.09117182344198227
7330,train/entropy,-7.373032569885254
7330,train/episode_length_steps,818.5294606658226
7330,train/fps,27242.58554716686
7340,train/reward,1.361860752105713
7340,train/actor_loss,0.0155126778408885
7340,train/critic_loss,0.0448821596801281
7340,train/entropy,-7.376539707183838
7340,train/episode_length_steps,1168.9177465457567
7340,train/fps,27258.008727073837
7350,train/reward,1.3651366233825684
7350,train/actor_loss,0.02065233699977398
7350,train/critic_loss,0.07306481152772903
7350,train/entropy,-7.4021172523498535
7350,train/episode_length_steps,1168.9177465457567
7350,train/fps,27273.00918757563
7360,train/reward,1.3581383228302002
7360,train/actor_loss,0.014317351393401623
7360,train/critic_loss,0.06756503880023956
7360,train/entropy,-7.402432918548584
7360,train/episode_length_steps,779.5822535408565
7360,train/fps,27287.98926847602
7370,train/reward,1.3616849184036255
7370,train/actor_loss,0.011322561651468277
7370,train/critic_loss,0.2460908442735672
7370,train/entropy,-7.419793605804443
7370,train/episode_length_steps,1022.9524966434373
7370,train/fps,27302.96861671065
7380,train/reward,1.3637350797653198
7380,train/actor_loss,0.014292135834693909
7380,train/critic_loss,0.14010457694530487
7380,train/entropy,-7.4070048332214355
7380,train/episode_length_steps,1309.004261933798
7380,train/fps,27318.24819209324
7390,train/reward,1.3547782897949219
7390,train/actor_loss,0.018049880862236023
7390,train/critic_loss,0.1677282154560089
7390,train/entropy,-7.4477667808532715
7390,train/episode_length_steps,935.352867349791
7390,train/fps,27333.559286938416
7400,train/reward,1.3596715927124023
7400,train/actor_loss,0.013104937970638275
7400,train/critic_loss,0.2543568015098572
7400,train/entropy,-7.404200077056885
7400,train/episode_length_steps,1055.9161206631647
7400,train/fps,27348.318376070732
7410,train/reward,1.3622238636016846
7410,train/actor_loss,0.010543481446802616
7410,train/critic_loss,0.13940201699733734
7410,train/entropy,-7.364387035369873
7410,train/episode_length_steps,962.8367577976614
7410,train/fps,27363.038388089415
7420,train/reward,1.3597983121871948
7420,train/actor_loss,0.017496509477496147
7420,train/critic_loss,0.09426385164260864
7420,train/entropy,-7.388970851898193
7420,train/episode_length_steps,861.5728416085835
7420,train/fps,27374.442825203492
7430,train/reward,1.3579750061035156
7430,train/actor_loss,0.019941464066505432
7430,train/critic_loss,0.3306216895580292
7430,train/entropy,-7.333325386047363
7430,train/episode_length_steps,935.352867349791
7430,train/fps,27384.828453540988
7440,train/reward,1.362823247909546
7440,train/actor_loss,0.022922279313206673
7440,train/critic_loss,0.26036426424980164
7440,train/entropy,-7.280533790588379
7440,train/episode_length_steps,1055.9161206631647
7440,train/fps,27395.23688761871
7450,train/reward,1.3606367111206055
7450,train/actor_loss,0.01406975369900465
7450,train/critic_loss,0.22722724080085754
7450,train/entropy,-7.207093715667725
7450,train/episode_length_steps,1055.9161206631647
7450,train/fps,27407.028816135804
7460,train/reward,1.3585007190704346
7460,train/actor_loss,0.016711246222257614
7460,train/critic_loss,0.23034422099590302
7460,train/entropy,-7.177600383758545
7460,train/episode_length_steps,798.5812704616955
7460,train/fps,27418.091108767127
7470,train/reward,1.3547327518463135
7470,train/actor_loss,0.018394414335489273
7470,train/critic_loss,0.5170534253120422
7470,train/entropy,-7.144128322601318
7470,train/episode_length_steps,861.5728416085835
7470,train/fps,27429.87399031624
7480,train/reward,1.3607828617095947
7480,train/actor_loss,0.010229961946606636
7480,train/critic_loss,0.20373256504535675
7480,train/entropy,-7.128537178039551
7480,train/episode_length_steps,861.5728416085835
7480,train/fps,27442.01006681238
7490,train/reward,1.3527470827102661
7490,train/actor_loss,0.018938353285193443
7490,train/critic_loss,0.26568421721458435
7490,train/entropy,-7.101597785949707
7490,train/episode_length_steps,884.8379899660755
7490,train/fps,27452.809689554997
7500,train/reward,1.3624063730239868
7500,train/actor_loss,0.004299482796341181
7500,train/critic_loss,0.30423256754875183
7500,train/entropy,-7.0746612548828125
7500,train/episode_length_steps,909.3944711658012
7500,train/fps,27465.60771790102
7510,train/reward,1.3617751598358154
7510,train/actor_loss,0.017954101786017418
7510,train/critic_loss,0.1650223433971405
7510,train/entropy,-7.038278102874756
7510,train/episode_length_steps,1128.6557313446654
7510,train/fps,27476.50158211808
7520,train/reward,1.348610281944275
7520,train/actor_loss,0.014290139079093933
7520,train/critic_loss,0.4016147255897522
7520,train/entropy,-6.99767541885376
7520,train/episode_length_steps,779.5822535408565
7520,train/fps,27489.06286893131
7530,train/reward,1.3572160005569458
7530,train/actor_loss,0.012281762436032295
7530,train/critic_loss,0.15568657219409943
7530,train/entropy,-6.993996620178223
7530,train/episode_length_steps,798.5812704616955
7530,train/fps,27503.986691053346
7540,train/reward,1.3600345849990845
7540,train/actor_loss,0.02053496614098549
7540,train/critic_loss,0.3520807921886444
7540,train/entropy,-6.959918975830078
7540,train/episode_length_steps,909.3944711658012
7540,train/fps,27519.064567279092
7550,train/reward,1.3539074659347534
7550,train/actor_loss,0.015147054567933083
7550,train/critic_loss,0.5501205325126648
7550,train/entropy,-6.954380035400391
7550,train/episode_length_steps,779.5822535408565
7550,train/fps,27534.023865507665
7560,train/reward,1.357730507850647
7560,train/actor_loss,0.01644991897046566
7560,train/critic_loss,0.07623685896396637
7560,train/entropy,-6.93795919418335
7560,train/episode_length_steps,884.8379899660755
7560,train/fps,27548.206119815306
7570,train/reward,1.3643910884857178
7570,train/actor_loss,0.012062138877809048
7570,train/critic_loss,0.047820184379816055
7570,train/entropy,-6.977332592010498
7570,train/episode_length_steps,1055.9161206631647
7570,train/fps,27562.72230205078
7580,train/reward,1.3542479276657104
7580,train/actor_loss,0.015263390727341175
7580,train/critic_loss,0.15113483369350433
7580,train/entropy,-6.972695350646973
7580,train/episode_length_steps,682.2009508175753
7580,train/fps,27577.284611188443
7590,train/reward,1.359696388244629
7590,train/actor_loss,0.013743206858634949
7590,train/critic_loss,0.2097061723470688
7590,train/entropy,-6.939399719238281
7590,train/episode_length_steps,1022.9524966434373
7590,train/fps,27592.068059231766
7600,train/reward,1.364228367805481
7600,train/actor_loss,0.014493641443550587
7600,train/critic_loss,0.26612329483032227
7600,train/entropy,-6.949096202850342
7600,train/episode_length_steps,991.9846862364063
7600,train/fps,27606.729959285592
7610,train/reward,1.3589887619018555
7610,train/actor_loss,0.015538475476205349
7610,train/critic_loss,0.13973508775234222
7610,train/entropy,-6.937998294830322
7610,train/episode_length_steps,727.6479207318547
7610,train/fps,27621.048464856183
7620,train/reward,1.354466438293457
7620,train/actor_loss,0.014123505912721157
7620,train/critic_loss,0.41819387674331665
7620,train/entropy,-6.919041633605957
7620,train/episode_length_steps,798.5812704616955
7620,train/fps,27635.675262351368
7630,train/reward,1.357147455215454
7630,train/actor_loss,0.015423710457980633
7630,train/critic_loss,0.20299743115901947
7630,train/entropy,-6.872466564178467
7630,train/episode_length_steps,861.5728416085835
7630,train/fps,27650.33178237448
7640,train/reward,1.3582113981246948
7640,train/actor_loss,0.016288023442029953
7640,train/critic_loss,0.17495271563529968
7640,train/entropy,-6.888125896453857
7640,train/episode_length_steps,962.8367577976614
7640,train/fps,27664.887963112746
7650,train/reward,1.353584885597229
7650,train/actor_loss,0.014631669037044048
7650,train/critic_loss,0.26634448766708374
7650,train/entropy,-6.848135471343994
7650,train/episode_length_steps,861.5728416085835
7650,train/fps,27679.22844623292
7660,train/reward,1.3587088584899902
7660,train/actor_loss,0.01559943612664938
7660,train/critic_loss,0.2483818382024765
7660,train/entropy,-6.868785858154297
7660,train/episode_length_steps,1022.9524966434373
7660,train/fps,27693.573837791842
7670,train/reward,1.3601102828979492
7670,train/actor_loss,0.009074117057025433
7670,train/critic_loss,0.21656492352485657
7670,train/entropy,-6.860098361968994
7670,train/episode_length_steps,1022.9524966434373
7670,train/fps,27708.10424700707
7680,train/reward,1.350504755973816
7680,train/actor_loss,0.02055964805185795
7680,train/critic_loss,0.8043573498725891
7680,train/entropy,-6.914228916168213
7680,train/episode_length_steps,962.8367577976614
7680,train/fps,27722.783999423515
7690,train/reward,1.356580376625061
7690,train/actor_loss,0.01324279885739088
7690,train/critic_loss,0.12085361778736115
7690,train/entropy,-6.90071439743042
7690,train/episode_length_steps,839.499776188048
7690,train/fps,27737.357643732106
7700,train/reward,1.360584020614624
7700,train/actor_loss,0.01693730428814888
7700,train/critic_loss,0.311800092458725
7700,train/entropy,-6.913756847381592
7700,train/episode_length_steps,1055.9161206631647
7700,train/fps,27751.455322583737
7710,train/reward,1.3506240844726562
7710,train/actor_loss,0.012816145084798336
7710,train/critic_loss,0.22946904599666595
7710,train/entropy,-6.917212009429932
7710,train/episode_length_steps,761.4662389368028
7710,train/fps,27765.96875323251
7720,train/reward,1.356611728668213
7720,train/actor_loss,0.013832944445312023
7720,train/critic_loss,0.3386532664299011
7720,train/entropy,-6.947103023529053
7720,train/episode_length_steps,744.1730667488358
7720,train/fps,27780.2795932474
7730,train/reward,1.3610734939575195
7730,train/actor_loss,0.007745253387838602
7730,train/critic_loss,0.2151271402835846
7730,train/entropy,-6.921090126037598
7730,train/episode_length_steps,744.1730667488358
7730,train/fps,27794.481990559925
7740,train/reward,1.350557565689087
7740,train/actor_loss,0.0162766482681036
7740,train/critic_loss,0.5488287806510925
7740,train/entropy,-6.911086559295654
7740,train/episode_length_steps,839.499776188048
7740,train/fps,27807.91728970538
7750,train/reward,1.3578574657440186
7750,train/actor_loss,0.010184837505221367
7750,train/critic_loss,0.5106287002563477
7750,train/entropy,-6.90857458114624
7750,train/episode_length_steps,798.5812704616955
7750,train/fps,27821.848130295402
7760,train/reward,1.3604072332382202
7760,train/actor_loss,0.016460424289107323
7760,train/critic_loss,0.4757141172885895
7760,train/entropy,-6.9124274253845215
7760,train/episode_length_steps,1168.9177465457567
7760,train/fps,27836.127623330492
7770,train/reward,1.3621265888214111
7770,train/actor_loss,0.014997285790741444
7770,train/critic_loss,0.29654669761657715
7770,train/entropy,-6.894039154052734
7770,train/episode_length_steps,1022.9524966434373
7770,train/fps,27850.364647905793
7780,train/reward,1.3572970628738403
7780,train/actor_loss,0.012923547998070717
7780,train/critic_loss,0.13542413711547852
7780,train/entropy,-6.878686428070068
7780,train/episode_length_steps,962.8367577976614
7780,train/fps,27864.6882811565
7790,train/reward,1.3584914207458496
7790,train/actor_loss,0.02017110213637352
7790,train/critic_loss,0.13616101443767548
7790,train/entropy,-6.8733367919921875
7790,train/episode_length_steps,798.5812704616955
7790,train/fps,27878.424085869723
7800,train/reward,1.3578989505767822
7800,train/actor_loss,0.014943080022931099
7800,train/critic_loss,0.1742037832736969
7800,train/entropy,-6.87842321395874
7800,train/episode_length_steps,779.5822535408565
7800,train/fps,27892.312432505772
7810,train/reward,1.355560302734375
7810,train/actor_loss,0.010215557180345058
7810,train/critic_loss,0.2964363098144531
7810,train/entropy,-6.849923610687256
7810,train/episode_length_steps,861.5728416085835
7810,train/fps,27906.179284495895
7820,train/reward,1.3645737171173096
7820,train/actor_loss,0.018985895439982414
7820,train/critic_loss,0.3137229084968567
7820,train/entropy,-6.875645637512207
7820,train/episode_length_steps,1128.6557313446654
7820,train/fps,27920.450097388635
7830,train/reward,1.3591136932373047
7830,train/actor_loss,0.01091725379228592
7830,train/critic_loss,0.3455064594745636
7830,train/entropy,-6.869763374328613
7830,train/episode_length_steps,909.3944711658012
7830,train/fps,27934.41792482293
7840,train/reward,1.3562712669372559
7840,train/actor_loss,0.016884012147784233
7840,train/critic_loss,0.5053573846817017
7840,train/entropy,-6.856088161468506
7840,train/episode_length_steps,884.8379899660755
7840,train/fps,27948.282576521422
7850,train/reward,1.3617901802062988
7850,train/actor_loss,0.019615542143583298
7850,train/critic_loss,0.25814172625541687
7850,train/entropy,-6.828926086425781
7850,train/episode_length_steps,1309.004261933798
7850,train/fps,27962.316941413243
7860,train/reward,1.3530240058898926
7860,train/actor_loss,0.011964976787567139
7860,train/critic_loss,0.663051962852478
7860,train/entropy,-6.8343729972839355
7860,train/episode_length_steps,861.5728416085835
7860,train/fps,27976.426354227136
7870,train/reward,1.3426597118377686
7870,train/actor_loss,0.016776515170931816
7870,train/critic_loss,0.5753287076950073
7870,train/entropy,-6.816596984863281
7870,train/episode_length_steps,798.5812704616955
7870,train/fps,27990.52826314857
7880,train/reward,1.3604520559310913
7880,train/actor_loss,0.011243379674851894
7880,train/critic_loss,1.156995415687561
7880,train/entropy,-6.761463165283203
7880,train/episode_length_steps,909.3944711658012
7880,train/fps,28003.749424582016
7890,train/reward,1.3581598997116089
7890,train/actor_loss,0.008814281783998013
7890,train/critic_loss,0.4057376980781555
7890,train/entropy,-6.748219966888428
7890,train/episode_length_steps,818.5294606658226
7890,train/fps,28017.48147527997
7900,train/reward,1.3492506742477417
7900,train/actor_loss,0.014201943762600422
7900,train/critic_loss,0.3799332082271576
7900,train/entropy,-6.788623332977295
7900,train/episode_length_steps,727.6479207318547
7900,train/fps,28029.88362594739
7910,train/reward,1.3623394966125488
7910,train/actor_loss,0.00910152681171894
7910,train/critic_loss,0.3748804032802582
7910,train/entropy,-6.768368721008301
7910,train/episode_length_steps,1168.9177465457567
7910,train/fps,28039.18723465217
7920,train/reward,1.3617126941680908
7920,train/actor_loss,0.010043658316135406
7920,train/critic_loss,0.1204608678817749
7920,train/entropy,-6.754927158355713
7920,train/episode_length_steps,909.3944711658012
7920,train/fps,28047.689991738844
7930,train/reward,1.3597955703735352
7930,train/actor_loss,0.024878038093447685
7930,train/critic_loss,0.08245401084423065
7930,train/entropy,-6.753697395324707
7930,train/episode_length_steps,1022.9524966434373
7930,train/fps,28056.9398629631
7940,train/reward,1.3556063175201416
7940,train/actor_loss,0.01940946653485298
7940,train/critic_loss,0.30274006724357605
7940,train/entropy,-6.7507643699646
7940,train/episode_length_steps,1128.6557313446654
7940,train/fps,28067.497287394126
7950,train/reward,1.3649275302886963
7950,train/actor_loss,0.014500761404633522
7950,train/critic_loss,0.2545798718929291
7950,train/entropy,-6.739209175109863
7950,train/episode_length_steps,1091.074921898641
7950,train/fps,28077.817253308844
7960,train/reward,1.3567173480987549
7960,train/actor_loss,0.008550827391445637
7960,train/critic_loss,0.5167668461799622
7960,train/entropy,-6.70648193359375
7960,train/episode_length_steps,696.70575204079
7960,train/fps,28087.772330419666
7970,train/reward,1.3541219234466553
7970,train/actor_loss,0.01216810941696167
7970,train/critic_loss,0.39511528611183167
7970,train/entropy,-6.678929805755615
7970,train/episode_length_steps,682.2009508175753
7970,train/fps,28098.140998322942
7980,train/reward,1.3628042936325073
7980,train/actor_loss,0.011336509138345718
7980,train/critic_loss,0.1712484508752823
7980,train/entropy,-6.635634899139404
7980,train/episode_length_steps,962.8367577976614
7980,train/fps,28108.43060975698
7990,train/reward,1.3613156080245972
7990,train/actor_loss,0.009542698040604591
7990,train/critic_loss,0.9612908363342285
7990,train/entropy,-6.670010566711426
7990,train/episode_length_steps,818.5294606658226
7990,train/fps,28117.82744006273
8000,train/reward,1.3552863597869873
8000,train/actor_loss,0.009935109876096249
8000,train/critic_loss,0.5895516276359558
8000,train/entropy,-6.675684452056885
8000,train/episode_length_steps,909.3944711658012
8000,train/fps,28127.90480386121
8000,eval/med_figure8_normal,0.1291225105524063
8010,train/reward,1.3650755882263184
8010,train/actor_loss,0.010835468769073486
8010,train/critic_loss,0.6009001135826111
8010,train/entropy,-6.667771816253662
8010,train/episode_length_steps,962.8367577976614
8010,train/fps,26768.26745998441
8020,train/reward,1.3546104431152344
8020,train/actor_loss,0.014759129844605923
8020,train/critic_loss,0.1948421150445938
8020,train/entropy,-6.654693603515625
8020,train/episode_length_steps,1022.9524966434373
8020,train/fps,26782.446576615235
8030,train/reward,1.3581476211547852
8030,train/actor_loss,0.010730909183621407
8030,train/critic_loss,0.13315629959106445
8030,train/entropy,-6.711879253387451
8030,train/episode_length_steps,654.9307845610301
8030,train/fps,26796.689009822247
8040,train/reward,1.3594506978988647
8040,train/actor_loss,0.01915763132274151
8040,train/critic_loss,1.15187668800354
8040,train/entropy,-6.686694622039795
8040,train/episode_length_steps,909.3944711658012
8040,train/fps,26811.005269744033
8050,train/reward,1.355980396270752
8050,train/actor_loss,0.011102362535893917
8050,train/critic_loss,0.540411651134491
8050,train/entropy,-6.696598052978516
8050,train/episode_length_steps,1091.074921898641
8050,train/fps,26824.507687163758
8060,train/reward,1.3556464910507202
8060,train/actor_loss,0.013586724177002907
8060,train/critic_loss,0.37455037236213684
8060,train/entropy,-6.669658184051514
8060,train/episode_length_steps,779.5822535408565
8060,train/fps,26838.013318607365
8070,train/reward,1.362073540687561
8070,train/actor_loss,0.010672246105968952
8070,train/critic_loss,0.27036210894584656
8070,train/entropy,-6.690145969390869
8070,train/episode_length_steps,1168.9177465457567
8070,train/fps,26851.858504713462
8080,train/reward,1.352980375289917
8080,train/actor_loss,0.011980094015598297
8080,train/critic_loss,0.5189706087112427
8080,train/entropy,-6.748992919921875
8080,train/episode_length_steps,727.6479207318547
8080,train/fps,26865.726352862075
8090,train/reward,1.3539949655532837
8090,train/actor_loss,0.013840191066265106
8090,train/critic_loss,0.386586993932724
8090,train/entropy,-6.742007732391357
8090,train/episode_length_steps,839.499776188048
8090,train/fps,26879.40208242556
8100,train/reward,1.3546276092529297
8100,train/actor_loss,0.010710841976106167
8100,train/critic_loss,0.43235012888908386
8100,train/entropy,-6.7671661376953125
8100,train/episode_length_steps,884.8379899660755
8100,train/fps,26893.312942838336
8110,train/reward,1.3578715324401855
8110,train/actor_loss,0.01940675638616085
8110,train/critic_loss,0.44897493720054626
8110,train/entropy,-6.816863536834717
8110,train/episode_length_steps,779.5822535408565
8110,train/fps,26907.255011584828
8120,train/reward,1.3553471565246582
8120,train/actor_loss,0.01200085412710905
8120,train/critic_loss,0.9412260055541992
8120,train/entropy,-6.818508148193359
8120,train/episode_length_steps,711.8407478776858
8120,train/fps,26921.406787716987
8130,train/reward,1.3576143980026245
8130,train/actor_loss,0.013033305294811726
8130,train/critic_loss,0.16694773733615875
8130,train/entropy,-6.797496318817139
8130,train/episode_length_steps,696.70575204079
8130,train/fps,26935.5202385002
8140,train/reward,1.3632920980453491
8140,train/actor_loss,0.019830675795674324
8140,train/critic_loss,0.14225797355175018
8140,train/entropy,-6.8332414627075195
8140,train/episode_length_steps,962.8367577976614
8140,train/fps,26948.549817314553
8150,train/reward,1.3644323348999023
8150,train/actor_loss,0.014161347411572933
8150,train/critic_loss,0.36127784848213196
8150,train/entropy,-6.784919738769531
8150,train/episode_length_steps,861.5728416085835
8150,train/fps,26962.335931383106
8160,train/reward,1.3640475273132324
8160,train/actor_loss,0.012231128290295601
8160,train/critic_loss,0.7552031874656677
8160,train/entropy,-6.801658630371094
8160,train/episode_length_steps,1422.6687821455068
8160,train/fps,26976.52849907023
8170,train/reward,1.3661507368087769
8170,train/actor_loss,0.013790452852845192
8170,train/critic_loss,0.8127145767211914
8170,train/entropy,-6.82544469833374
8170,train/episode_length_steps,1128.6557313446654
8170,train/fps,26990.632613561615
8180,train/reward,1.359135627746582
8180,train/actor_loss,0.013074460439383984
8180,train/critic_loss,0.1594836264848709
8180,train/entropy,-6.833442211151123
8180,train/episode_length_steps,884.8379899660755
8180,train/fps,27004.14923614467
8190,train/reward,1.360097885131836
8190,train/actor_loss,0.012702650390565395
8190,train/critic_loss,0.2281065732240677
8190,train/entropy,-6.8607964515686035
8190,train/episode_length_steps,884.8379899660755
8190,train/fps,27017.662409419758
8200,train/reward,1.365577220916748
8200,train/actor_loss,0.012097577564418316
8200,train/critic_loss,0.09576660394668579
8200,train/entropy,-6.875828742980957
8200,train/episode_length_steps,1168.9177465457567
8200,train/fps,27031.541208228227
8210,train/reward,1.3617634773254395
8210,train/actor_loss,0.011768003925681114
8210,train/critic_loss,0.20835523307323456
8210,train/entropy,-6.87851095199585
8210,train/episode_length_steps,909.3944711658012
8210,train/fps,27045.480674197217
8220,train/reward,1.357823133468628
8220,train/actor_loss,0.01351426262408495
8220,train/critic_loss,0.2571209669113159
8220,train/entropy,-6.872213840484619
8220,train/episode_length_steps,909.3944711658012
8220,train/fps,27057.24484539135
8230,train/reward,1.3684676885604858
8230,train/actor_loss,0.009367615915834904
8230,train/critic_loss,0.20996856689453125
8230,train/entropy,-6.849008083343506
8230,train/episode_length_steps,991.9846862364063
8230,train/fps,27066.309413342526
8240,train/reward,1.3601171970367432
8240,train/actor_loss,0.010517445392906666
8240,train/critic_loss,0.3949345350265503
8240,train/entropy,-6.845800876617432
8240,train/episode_length_steps,884.8379899660755
8240,train/fps,27076.645929732083
8250,train/reward,1.3575458526611328
8250,train/actor_loss,0.015608705580234528
8250,train/critic_loss,0.31739485263824463
8250,train/entropy,-6.85329008102417
8250,train/episode_length_steps,818.5294606658226
8250,train/fps,27088.905913307673
8260,train/reward,1.3624334335327148
8260,train/actor_loss,0.02260429970920086
8260,train/critic_loss,0.17771942913532257
8260,train/entropy,-6.821932315826416
8260,train/episode_length_steps,1091.074921898641
8260,train/fps,27100.017674571198
8270,train/reward,1.364912986755371
8270,train/actor_loss,0.014223173260688782
8270,train/critic_loss,0.45110103487968445
8270,train/entropy,-6.864051342010498
8270,train/episode_length_steps,935.352867349791
8270,train/fps,27110.608212118812
8280,train/reward,1.355109453201294
8280,train/actor_loss,0.015380931086838245
8280,train/critic_loss,0.3172515630722046
8280,train/entropy,-6.835992336273193
8280,train/episode_length_steps,696.70575204079
8280,train/fps,27121.436022648246
8290,train/reward,1.360898733139038
8290,train/actor_loss,0.008004779927432537
8290,train/critic_loss,0.20650319755077362
8290,train/entropy,-6.819838047027588
8290,train/episode_length_steps,744.1730667488358
8290,train/fps,27132.82874246764
8300,train/reward,1.362508773803711
8300,train/actor_loss,0.01638425700366497
8300,train/critic_loss,0.4134175479412079
8300,train/entropy,-6.801422119140625
8300,train/episode_length_steps,1055.9161206631647
8300,train/fps,27144.652802206365
8310,train/reward,1.3566486835479736
8310,train/actor_loss,0.013994122855365276
8310,train/critic_loss,0.4663560390472412
8310,train/entropy,-6.76323938369751
8310,train/episode_length_steps,727.6479207318547
8310,train/fps,27154.874734836794
8320,train/reward,1.3591184616088867
8320,train/actor_loss,0.013585167936980724
8320,train/critic_loss,0.4107186794281006
8320,train/entropy,-6.766343593597412
8320,train/episode_length_steps,1022.9524966434373
8320,train/fps,27165.197944217263
8330,train/reward,1.3639650344848633
8330,train/actor_loss,0.017618251964449883
8330,train/critic_loss,0.13455088436603546
8330,train/entropy,-6.750167369842529
8330,train/episode_length_steps,818.5294606658226
8330,train/fps,27177.43791698797
8340,train/reward,1.3581678867340088
8340,train/actor_loss,0.01426097471266985
8340,train/critic_loss,0.6703141927719116
8340,train/entropy,-6.71453332901001
8340,train/episode_length_steps,727.6479207318547
8340,train/fps,27191.147743091933
8350,train/reward,1.351344108581543
8350,train/actor_loss,0.01757054589688778
8350,train/critic_loss,0.806969165802002
8350,train/entropy,-6.67962646484375
8350,train/episode_length_steps,545.8352345172557
8350,train/fps,27204.207941711837
8360,train/reward,1.3605154752731323
8360,train/actor_loss,0.008568370714783669
8360,train/critic_loss,0.19945359230041504
8360,train/entropy,-6.677306652069092
8360,train/episode_length_steps,935.352867349791
8360,train/fps,27217.49544122707
8370,train/reward,1.3602007627487183
8370,train/actor_loss,0.012604004703462124
8370,train/critic_loss,0.48162099719047546
8370,train/entropy,-6.690598487854004
8370,train/episode_length_steps,861.5728416085835
8370,train/fps,27230.735792396226
8380,train/reward,1.360708236694336
8380,train/actor_loss,0.007027097046375275
8380,train/critic_loss,1.0513486862182617
8380,train/entropy,-6.676949977874756
8380,train/episode_length_steps,696.70575204079
8380,train/fps,27244.167938122897
8390,train/reward,1.358091115951538
8390,train/actor_loss,0.019553566351532936
8390,train/critic_loss,0.36740124225616455
8390,train/entropy,-6.672397136688232
8390,train/episode_length_steps,779.5822535408565
8390,train/fps,27257.55189481458
8400,train/reward,1.3611586093902588
8400,train/actor_loss,0.02002757415175438
8400,train/critic_loss,0.17242062091827393
8400,train/entropy,-6.695921421051025
8400,train/episode_length_steps,884.8379899660755
8400,train/fps,27270.43674257475
8410,train/reward,1.3693593740463257
8410,train/actor_loss,0.016046807169914246
8410,train/critic_loss,0.6347940564155579
8410,train/entropy,-6.719464302062988
8410,train/episode_length_steps,1487.2393700146981
8410,train/fps,27283.456148015666
8420,train/reward,1.3614647388458252
8420,train/actor_loss,0.010345382615923882
8420,train/critic_loss,0.24456973373889923
8420,train/entropy,-6.760201930999756
8420,train/episode_length_steps,861.5728416085835
8420,train/fps,27296.86041747699
8430,train/reward,1.3579750061035156
8430,train/actor_loss,0.012487458065152168
8430,train/critic_loss,0.22437258064746857
8430,train/entropy,-6.75753116607666
8430,train/episode_length_steps,818.5294606658226
8430,train/fps,27310.0766633947
8440,train/reward,1.3562029600143433
8440,train/actor_loss,0.01927088014781475
8440,train/critic_loss,0.36581435799598694
8440,train/entropy,-6.724088191986084
8440,train/episode_length_steps,761.4662389368028
8440,train/fps,27322.889727787813
8450,train/reward,1.354741096496582
8450,train/actor_loss,0.02102295495569706
8450,train/critic_loss,0.21866558492183685
8450,train/entropy,-6.697059631347656
8450,train/episode_length_steps,962.8367577976614
8450,train/fps,27335.97475264999
8460,train/reward,1.358385682106018
8460,train/actor_loss,0.023402545601129532
8460,train/critic_loss,0.3193913698196411
8460,train/entropy,-6.698602199554443
8460,train/episode_length_steps,861.5728416085835
8460,train/fps,27348.853689828244
8470,train/reward,1.3552128076553345
8470,train/actor_loss,0.011173269711434841
8470,train/critic_loss,0.33444881439208984
8470,train/entropy,-6.673701763153076
8470,train/episode_length_steps,727.6479207318547
8470,train/fps,27362.19776413857
8480,train/reward,1.3569469451904297
8480,train/actor_loss,0.01939362660050392
8480,train/critic_loss,0.1595829576253891
8480,train/entropy,-6.674280643463135
8480,train/episode_length_steps,839.499776188048
8480,train/fps,27375.30149090203
8490,train/reward,1.3577039241790771
8490,train/actor_loss,0.010131878778338432
8490,train/critic_loss,0.2517363131046295
8490,train/entropy,-6.658672332763672
8490,train/episode_length_steps,779.5822535408565
8490,train/fps,27388.118952625122
8500,train/reward,1.355865716934204
8500,train/actor_loss,0.013983023352921009
8500,train/critic_loss,0.28803062438964844
8500,train/entropy,-6.658328533172607
8500,train/episode_length_steps,861.5728416085835
8500,train/fps,27401.31965855448
8510,train/reward,1.352248191833496
8510,train/actor_loss,0.018427912145853043
8510,train/critic_loss,0.5538215637207031
8510,train/entropy,-6.652594089508057
8510,train/episode_length_steps,909.3944711658012
8510,train/fps,27414.01434957698
8520,train/reward,1.3549585342407227
8520,train/actor_loss,0.015075454488396645
8520,train/critic_loss,0.8856396675109863
8520,train/entropy,-6.660421848297119
8520,train/episode_length_steps,884.8379899660755
8520,train/fps,27427.320390721157
8530,train/reward,1.357300877571106
8530,train/actor_loss,0.009148902259767056
8530,train/critic_loss,0.23929433524608612
8530,train/entropy,-6.668702602386475
8530,train/episode_length_steps,779.5822535408565
8530,train/fps,27440.104406070575
8540,train/reward,1.3625657558441162
8540,train/actor_loss,0.020849307999014854
8540,train/critic_loss,0.06716505438089371
8540,train/entropy,-6.714290618896484
8540,train/episode_length_steps,798.5812704616955
8540,train/fps,27453.154578300946
8550,train/reward,1.3556764125823975
8550,train/actor_loss,0.010806478559970856
8550,train/critic_loss,0.2006661742925644
8550,train/entropy,-6.733381748199463
8550,train/episode_length_steps,884.8379899660755
8550,train/fps,27466.29678405182
8560,train/reward,1.3520071506500244
8560,train/actor_loss,0.015402460470795631
8560,train/critic_loss,0.2537117302417755
8560,train/entropy,-6.774571418762207
8560,train/episode_length_steps,818.5294606658226
8560,train/fps,27479.50234622561
8570,train/reward,1.3540337085723877
8570,train/actor_loss,0.015591914765536785
8570,train/critic_loss,0.1295464187860489
8570,train/entropy,-6.7505083084106445
8570,train/episode_length_steps,1258.7213161504762
8570,train/fps,27492.64719242061
8580,train/reward,1.3557331562042236
8580,train/actor_loss,0.011995180509984493
8580,train/critic_loss,0.28678831458091736
8580,train/entropy,-6.768146514892578
8580,train/episode_length_steps,909.3944711658012
8580,train/fps,27505.224164498195
8590,train/reward,1.3551756143569946
8590,train/actor_loss,0.017109425738453865
8590,train/critic_loss,0.36171767115592957
8590,train/entropy,-6.715222358703613
8590,train/episode_length_steps,839.499776188048
8590,train/fps,27518.265781984664
8600,train/reward,1.354919672012329
8600,train/actor_loss,0.011890053749084473
8600,train/critic_loss,0.5183336734771729
8600,train/entropy,-6.719074249267578
8600,train/episode_length_steps,744.1730667488358
8600,train/fps,27531.186808109636
8610,train/reward,1.355925440788269
8610,train/actor_loss,0.016910668462514877
8610,train/critic_loss,0.4504428505897522
8610,train/entropy,-6.716225624084473
8610,train/episode_length_steps,962.8367577976614
8610,train/fps,27544.37480319625
8620,train/reward,1.3558695316314697
8620,train/actor_loss,0.016140952706336975
8620,train/critic_loss,0.13017340004444122
8620,train/entropy,-6.7050299644470215
8620,train/episode_length_steps,1128.6557313446654
8620,train/fps,27556.9202203656
8630,train/reward,1.363316535949707
8630,train/actor_loss,0.010571949183940887
8630,train/critic_loss,0.12467064708471298
8630,train/entropy,-6.735324859619141
8630,train/episode_length_steps,1022.9524966434373
8630,train/fps,27569.34036110767
8640,train/reward,1.3606295585632324
8640,train/actor_loss,0.011273480951786041
8640,train/critic_loss,0.12508101761341095
8640,train/entropy,-6.755471706390381
8640,train/episode_length_steps,991.9846862364063
8640,train/fps,27582.451985491807
8650,train/reward,1.3528244495391846
8650,train/actor_loss,0.015468547120690346
8650,train/critic_loss,0.2370077669620514
8650,train/entropy,-6.745172023773193
8650,train/episode_length_steps,884.8379899660755
8650,train/fps,27595.669361670632
8660,train/reward,1.3588156700134277
8660,train/actor_loss,0.01090162806212902
8660,train/critic_loss,0.23132064938545227
8660,train/entropy,-6.746891021728516
8660,train/episode_length_steps,1168.9177465457567
8660,train/fps,27608.66737886929
8670,train/reward,1.3623430728912354
8670,train/actor_loss,0.013168956153094769
8670,train/critic_loss,0.17061133682727814
8670,train/entropy,-6.7908616065979
8670,train/episode_length_steps,1258.7213161504762
8670,train/fps,27621.160855586713
8680,train/reward,1.361388921737671
8680,train/actor_loss,0.016080453991889954
8680,train/critic_loss,0.28131037950515747
8680,train/entropy,-6.859767913818359
8680,train/episode_length_steps,935.352867349791
8680,train/fps,27634.075505441877
8690,train/reward,1.3547642230987549
8690,train/actor_loss,0.017011631280183792
8690,train/critic_loss,0.09067954868078232
8690,train/entropy,-6.916292667388916
8690,train/episode_length_steps,798.5812704616955
8690,train/fps,27647.127679958623
8700,train/reward,1.3566370010375977
8700,train/actor_loss,0.007487751543521881
8700,train/critic_loss,0.0728687196969986
8700,train/entropy,-6.956943511962891
8700,train/episode_length_steps,1635.7200362925382
8700,train/fps,27659.98304329113
8710,train/reward,1.3568041324615479
8710,train/actor_loss,0.01264088787138462
8710,train/critic_loss,0.0984640121459961
8710,train/entropy,-6.993020057678223
8710,train/episode_length_steps,1128.6557313446654
8710,train/fps,27671.626438479125
8720,train/reward,1.349942922592163
8720,train/actor_loss,0.020494449883699417
8720,train/critic_loss,0.23240163922309875
8720,train/entropy,-7.021404266357422
8720,train/episode_length_steps,991.9846862364063
8720,train/fps,27680.056792923966
8730,train/reward,1.3589439392089844
8730,train/actor_loss,0.01199877168983221
8730,train/critic_loss,0.06331513077020645
8730,train/entropy,-7.064955234527588
8730,train/episode_length_steps,839.499776188048
8730,train/fps,27688.898117744702
8740,train/reward,1.360223650932312
8740,train/actor_loss,0.015277639031410217
8740,train/critic_loss,0.23334398865699768
8740,train/entropy,-7.139644622802734
8740,train/episode_length_steps,861.5728416085835
8740,train/fps,27697.837284960817
8750,train/reward,1.348083734512329
8750,train/actor_loss,0.014156262390315533
8750,train/critic_loss,0.3797665536403656
8750,train/entropy,-7.139186382293701
8750,train/episode_length_steps,696.70575204079
8750,train/fps,27707.848299380057
8760,train/reward,1.3642113208770752
8760,train/actor_loss,0.011503933928906918
8760,train/critic_loss,0.024433180689811707
8760,train/entropy,-7.233269691467285
8760,train/episode_length_steps,1212.1585181362116
8760,train/fps,27718.130360385883
8770,train/reward,1.3587605953216553
8770,train/actor_loss,0.007513260003179312
8770,train/critic_loss,0.23982377350330353
8770,train/entropy,-7.2496843338012695
8770,train/episode_length_steps,839.499776188048
8770,train/fps,27728.441331755486
8780,train/reward,1.3556818962097168
8780,train/actor_loss,0.009182373061776161
8780,train/critic_loss,0.15330065786838531
8780,train/entropy,-7.3105058670043945
8780,train/episode_length_steps,744.1730667488358
8780,train/fps,27738.955492685072
8790,train/reward,1.3607945442199707
8790,train/actor_loss,0.012174859642982483
8790,train/critic_loss,0.0631842240691185
8790,train/entropy,-7.366873264312744
8790,train/episode_length_steps,744.1730667488358
8790,train/fps,27749.991087248152
8800,train/reward,1.3572032451629639
8800,train/actor_loss,0.015125865116715431
8800,train/critic_loss,0.03378070145845413
8800,train/entropy,-7.4075846672058105
8800,train/episode_length_steps,962.8367577976614
8800,train/fps,27760.20576023715
8810,train/reward,1.359784483909607
8810,train/actor_loss,0.011086341924965382
8810,train/critic_loss,0.16466087102890015
8810,train/entropy,-7.484658241271973
8810,train/episode_length_steps,861.5728416085835
8810,train/fps,27771.628745872742
8820,train/reward,1.3556816577911377
8820,train/actor_loss,0.013401933014392853
8820,train/critic_loss,0.03577643632888794
8820,train/entropy,-7.5321946144104
8820,train/episode_length_steps,1168.9177465457567
8820,train/fps,27782.613457082494
8830,train/reward,1.3650553226470947
8830,train/actor_loss,0.01462539192289114
8830,train/critic_loss,0.09687801450490952
8830,train/entropy,-7.582099437713623
8830,train/episode_length_steps,935.352867349791
8830,train/fps,27794.621000904204
8840,train/reward,1.366220474243164
8840,train/actor_loss,0.013127862475812435
8840,train/critic_loss,0.08993197977542877
8840,train/entropy,-7.547886848449707
8840,train/episode_length_steps,1168.9177465457567
8840,train/fps,27806.3177252219
8850,train/reward,1.3683407306671143
8850,train/actor_loss,0.02171909250319004
8850,train/critic_loss,0.03003442846238613
8850,train/entropy,-7.5685296058654785
8850,train/episode_length_steps,935.352867349791
8850,train/fps,27818.42569759669
8860,train/reward,1.3631466627120972
8860,train/actor_loss,0.018349163234233856
8860,train/critic_loss,0.08509386330842972
8860,train/entropy,-7.624138832092285
8860,train/episode_length_steps,1258.7213161504762
8860,train/fps,27830.862546082433
8870,train/reward,1.3580896854400635
8870,train/actor_loss,0.020945925265550613
8870,train/critic_loss,0.13987958431243896
8870,train/entropy,-7.624359130859375
8870,train/episode_length_steps,1022.9524966434373
8870,train/fps,27842.844140002915
8880,train/reward,1.3633766174316406
8880,train/actor_loss,0.019002601504325867
8880,train/critic_loss,0.07067850977182388
8880,train/entropy,-7.63232946395874
8880,train/episode_length_steps,1557.9499569433751
8880,train/fps,27854.685203401874
8890,train/reward,1.3633357286453247
8890,train/actor_loss,0.02346438355743885
8890,train/critic_loss,0.11111705750226974
8890,train/entropy,-7.676837921142578
8890,train/episode_length_steps,962.8367577976614
8890,train/fps,27866.90446192099
8900,train/reward,1.3592603206634521
8900,train/actor_loss,0.02809407189488411
8900,train/critic_loss,0.21268251538276672
8900,train/entropy,-7.6968865394592285
8900,train/episode_length_steps,727.6479207318547
8900,train/fps,27879.280419044382
8910,train/reward,1.359792947769165
8910,train/actor_loss,0.013518999330699444
8910,train/critic_loss,0.20520392060279846
8910,train/entropy,-7.75841760635376
8910,train/episode_length_steps,1168.9177465457567
8910,train/fps,27891.757991792085
8920,train/reward,1.3711090087890625
8920,train/actor_loss,0.01239804271608591
8920,train/critic_loss,0.23176442086696625
8920,train/entropy,-7.760214328765869
8920,train/episode_length_steps,1258.7213161504762
8920,train/fps,27903.721578930697
8930,train/reward,1.3605525493621826
8930,train/actor_loss,0.013971189968287945
8930,train/critic_loss,0.19637249410152435
8930,train/entropy,-7.77516508102417
8930,train/episode_length_steps,779.5822535408565
8930,train/fps,27915.708837902497
8940,train/reward,1.349689245223999
8940,train/actor_loss,0.01805765926837921
8940,train/critic_loss,0.21357588469982147
8940,train/entropy,-7.7818603515625
8940,train/episode_length_steps,668.2877866491242
8940,train/fps,27928.05016138574
8950,train/reward,1.362774133682251
8950,train/actor_loss,0.016106750816106796
8950,train/critic_loss,0.03958868607878685
8950,train/entropy,-7.7803215980529785
8950,train/episode_length_steps,1258.7213161504762
8950,train/fps,27940.08046112254
8960,train/reward,1.3649601936340332
8960,train/actor_loss,0.010751716792583466
8960,train/critic_loss,0.07000833004713058
8960,train/entropy,-7.809268474578857
8960,train/episode_length_steps,1168.9177465457567
8960,train/fps,27952.20400938694
8970,train/reward,1.3593432903289795
8970,train/actor_loss,0.013497638516128063
8970,train/critic_loss,0.059194304049015045
8970,train/entropy,-7.8237810134887695
8970,train/episode_length_steps,711.8407478776858
8970,train/fps,27964.02391941039
8980,train/reward,1.36809241771698
8980,train/actor_loss,0.0270518958568573
8980,train/critic_loss,0.23193760216236115
8980,train/entropy,-7.814282417297363
8980,train/episode_length_steps,884.8379899660755
8980,train/fps,27976.31710352075
8990,train/reward,1.3667343854904175
8990,train/actor_loss,0.03298526257276535
8990,train/critic_loss,0.06274393945932388
8990,train/entropy,-7.87116003036499
8990,train/episode_length_steps,884.8379899660755
8990,train/fps,27988.409182678213
9000,train/reward,1.358656406402588
9000,train/actor_loss,0.020689092576503754
9000,train/critic_loss,0.059825677424669266
9000,train/entropy,-7.931666851043701
9000,train/episode_length_steps,779.5822535408565
9000,train/fps,28000.819444174802
9000,eval/med_figure8_normal,0.1067451685667038
9010,train/reward,1.3675289154052734
9010,train/actor_loss,0.016288375481963158
9010,train/critic_loss,0.11240682750940323
9010,train/entropy,-8.00177001953125
9010,train/episode_length_steps,1258.7213161504762
9010,train/fps,26752.77925386161
9020,train/reward,1.3708150386810303
9020,train/actor_loss,0.024582093581557274
9020,train/critic_loss,0.18092583119869232
9020,train/entropy,-8.03367805480957
9020,train/episode_length_steps,935.352867349791
9020,train/fps,26762.199874209688
9030,train/reward,1.3619706630706787
9030,train/actor_loss,0.03332028537988663
9030,train/critic_loss,0.1366988867521286
9030,train/entropy,-8.072844505310059
9030,train/episode_length_steps,696.70575204079
9030,train/fps,26771.233486344132
9040,train/reward,1.362449288368225
9040,train/actor_loss,0.02166346274316311
9040,train/critic_loss,0.14313387870788574
9040,train/entropy,-8.083976745605469
9040,train/episode_length_steps,839.499776188048
9040,train/fps,26779.61871736961
9050,train/reward,1.3645375967025757
9050,train/actor_loss,0.01952376961708069
9050,train/critic_loss,0.054488372057676315
9050,train/entropy,-8.092010498046875
9050,train/episode_length_steps,991.9846862364063
9050,train/fps,26790.26956706508
9060,train/reward,1.3566555976867676
9060,train/actor_loss,0.018689049407839775
9060,train/critic_loss,0.24466605484485626
9060,train/entropy,-8.079526901245117
9060,train/episode_length_steps,779.5822535408565
9060,train/fps,26800.891479350168
9070,train/reward,1.3599368333816528
9070,train/actor_loss,0.02148829773068428
9070,train/critic_loss,0.07372574508190155
9070,train/entropy,-8.00683879852295
9070,train/episode_length_steps,779.5822535408565
9070,train/fps,26811.01647249155
9080,train/reward,1.3684415817260742
9080,train/actor_loss,0.01594204269349575
9080,train/critic_loss,0.3515568673610687
9080,train/entropy,-8.0352201461792
9080,train/episode_length_steps,839.499776188048
9080,train/fps,26820.903436366556
9090,train/reward,1.3614691495895386
9090,train/actor_loss,0.011860514059662819
9090,train/critic_loss,0.18132254481315613
9090,train/entropy,-8.055693626403809
9090,train/episode_length_steps,962.8367577976614
9090,train/fps,26831.676922292405
9100,train/reward,1.3597872257232666
9100,train/actor_loss,0.01883642189204693
9100,train/critic_loss,0.13809147477149963
9100,train/entropy,-8.011478424072266
9100,train/episode_length_steps,839.499776188048
9100,train/fps,26842.592926300422
9110,train/reward,1.360024094581604
9110,train/actor_loss,0.014997245743870735
9110,train/critic_loss,0.13440410792827606
9110,train/entropy,-7.971887111663818
9110,train/episode_length_steps,935.352867349791
9110,train/fps,26853.21467639328
9120,train/reward,1.3588387966156006
9120,train/actor_loss,0.020445674657821655
9120,train/critic_loss,0.08213713020086288
9120,train/entropy,-7.930273532867432
9120,train/episode_length_steps,935.352867349791
9120,train/fps,26863.035259706263
9130,train/reward,1.3614680767059326
9130,train/actor_loss,0.010157642886042595
9130,train/critic_loss,0.15961496531963348
9130,train/entropy,-7.9287567138671875
9130,train/episode_length_steps,935.352867349791
9130,train/fps,26873.249692850026
9140,train/reward,1.3646137714385986
9140,train/actor_loss,0.02448830008506775
9140,train/critic_loss,0.05800359323620796
9140,train/entropy,-7.918147563934326
9140,train/episode_length_steps,861.5728416085835
9140,train/fps,26882.95166542424
9150,train/reward,1.3602614402770996
9150,train/actor_loss,0.02192092314362526
9150,train/critic_loss,0.045313760638237
9150,train/entropy,-7.950675964355469
9150,train/episode_length_steps,668.2877866491242
9150,train/fps,26892.567126498776
9160,train/reward,1.357387900352478
9160,train/actor_loss,0.02842528559267521
9160,train/critic_loss,0.2781047224998474
9160,train/entropy,-7.972433567047119
9160,train/episode_length_steps,839.499776188048
9160,train/fps,26903.31161598257
9170,train/reward,1.3689649105072021
9170,train/actor_loss,0.012301117181777954
9170,train/critic_loss,0.06725387275218964
9170,train/entropy,-7.929557800292969
9170,train/episode_length_steps,1212.1585181362116
9170,train/fps,26915.607380618716
9180,train/reward,1.3661582469940186
9180,train/actor_loss,0.011607019230723381
9180,train/critic_loss,0.052912916988134384
9180,train/entropy,-7.94228982925415
9180,train/episode_length_steps,818.5294606658226
9180,train/fps,26928.075130669913
9190,train/reward,1.35848867893219
9190,train/actor_loss,0.014800905250012875
9190,train/critic_loss,0.13247142732143402
9190,train/entropy,-7.9960174560546875
9190,train/episode_length_steps,761.4662389368028
9190,train/fps,26940.305565649083
9200,train/reward,1.3688489198684692
9200,train/actor_loss,0.008866172283887863
9200,train/critic_loss,0.055416692048311234
9200,train/entropy,-8.017779350280762
9200,train/episode_length_steps,935.352867349791
9200,train/fps,26951.274194003563
9210,train/reward,1.3658437728881836
9210,train/actor_loss,0.026031358167529106
9210,train/critic_loss,0.08271338790655136
9210,train/entropy,-8.015986442565918
9210,train/episode_length_steps,1091.074921898641
9210,train/fps,26963.637191148035
9220,train/reward,1.3547477722167969
9220,train/actor_loss,0.011797747574746609
9220,train/critic_loss,0.3037407100200653
9220,train/entropy,-8.022117614746094
9220,train/episode_length_steps,884.8379899660755
9220,train/fps,26975.993278645226
9230,train/reward,1.366966962814331
9230,train/actor_loss,0.01843634434044361
9230,train/critic_loss,0.03348374739289284
9230,train/entropy,-7.970443248748779
9230,train/episode_length_steps,909.3944711658012
9230,train/fps,26988.30925193298
9240,train/reward,1.3657143115997314
9240,train/actor_loss,0.01159687340259552
9240,train/critic_loss,0.058683693408966064
9240,train/entropy,-7.989893436431885
9240,train/episode_length_steps,909.3944711658012
9240,train/fps,27000.53835284633
9250,train/reward,1.356011152267456
9250,train/actor_loss,0.018197812139987946
9250,train/critic_loss,0.119186632335186
9250,train/entropy,-8.010080337524414
9250,train/episode_length_steps,818.5294606658226
9250,train/fps,27011.680872635676
9260,train/reward,1.362596035003662
9260,train/actor_loss,0.016926053911447525
9260,train/critic_loss,0.09051432460546494
9260,train/entropy,-7.9996795654296875
9260,train/episode_length_steps,935.352867349791
9260,train/fps,27023.490566408844
9270,train/reward,1.3725662231445312
9270,train/actor_loss,0.030832672491669655
9270,train/critic_loss,0.05588433891534805
9270,train/entropy,-7.9812846183776855
9270,train/episode_length_steps,1309.004261933798
9270,train/fps,27035.94080566853
9280,train/reward,1.3646736145019531
9280,train/actor_loss,0.01737859658896923
9280,train/critic_loss,0.05775858834385872
9280,train/entropy,-7.9728522300720215
9280,train/episode_length_steps,744.1730667488358
9280,train/fps,27048.202922223703
9290,train/reward,1.3642081022262573
9290,train/actor_loss,0.024653824046254158
9290,train/critic_loss,0.019542112946510315
9290,train/entropy,-7.954253673553467
9290,train/episode_length_steps,935.352867349791
9290,train/fps,27060.51112342439
9300,train/reward,1.36279296875
9300,train/actor_loss,0.019318940117955208
9300,train/critic_loss,0.08402238041162491
9300,train/entropy,-7.959216594696045
9300,train/episode_length_steps,935.352867349791
9300,train/fps,27071.718197166076
9310,train/reward,1.3656353950500488
9310,train/actor_loss,0.01858910173177719
9310,train/critic_loss,0.08594866842031479
9310,train/entropy,-7.999934673309326
9310,train/episode_length_steps,962.8367577976614
9310,train/fps,27084.056489626375
9320,train/reward,1.3656284809112549
9320,train/actor_loss,0.01851327158510685
9320,train/critic_loss,0.039800889790058136
9320,train/entropy,-8.00642204284668
9320,train/episode_length_steps,654.9307845610301
9320,train/fps,27096.272472576977
9330,train/reward,1.3652069568634033
9330,train/actor_loss,0.021598292514681816
9330,train/critic_loss,0.03055446408689022
9330,train/entropy,-8.069082260131836
9330,train/episode_length_steps,839.499776188048
9330,train/fps,27108.264715079946
9340,train/reward,1.3571627140045166
9340,train/actor_loss,0.016241228207945824
9340,train/critic_loss,0.2857578694820404
9340,train/entropy,-8.130012512207031
9340,train/episode_length_steps,818.5294606658226
9340,train/fps,27118.74674164078
9350,train/reward,1.3589320182800293
9350,train/actor_loss,0.01121741533279419
9350,train/critic_loss,0.1367766261100769
9350,train/entropy,-8.121970176696777
9350,train/episode_length_steps,1128.6557313446654
9350,train/fps,27130.439976120877
9360,train/reward,1.359331727027893
9360,train/actor_loss,0.019170809537172318
9360,train/critic_loss,0.22410039603710175
9360,train/entropy,-8.095542907714844
9360,train/episode_length_steps,884.8379899660755
9360,train/fps,27142.49377483169
9370,train/reward,1.3580021858215332
9370,train/actor_loss,0.021922802552580833
9370,train/critic_loss,0.07162367552518845
9370,train/entropy,-8.06351375579834
9370,train/episode_length_steps,711.8407478776858
9370,train/fps,27154.590436466322
9380,train/reward,1.3507646322250366
9380,train/actor_loss,0.01828242652118206
9380,train/critic_loss,0.06660135835409164
9380,train/entropy,-8.063455581665039
9380,train/episode_length_steps,711.8407478776858
9380,train/fps,27166.667882933292
9390,train/reward,1.364104151725769
9390,train/actor_loss,0.023903122171759605
9390,train/critic_loss,0.16739752888679504
9390,train/entropy,-8.087641716003418
9390,train/episode_length_steps,884.8379899660755
9390,train/fps,27177.76388217435
9400,train/reward,1.364302635192871
9400,train/actor_loss,0.00974351167678833
9400,train/critic_loss,0.08999330550432205
9400,train/entropy,-8.074480056762695
9400,train/episode_length_steps,798.5812704616955
9400,train/fps,27189.793572852253
9410,train/reward,1.3503303527832031
9410,train/actor_loss,0.0232996866106987
9410,train/critic_loss,0.15956221520900726
9410,train/entropy,-8.056408882141113
9410,train/episode_length_steps,629.7570023566689
9410,train/fps,27202.02955963754
9420,train/reward,1.3495111465454102
9420,train/actor_loss,0.021550117060542107
9420,train/critic_loss,0.1705886423587799
9420,train/entropy,-8.043832778930664
9420,train/episode_length_steps,861.5728416085835
9420,train/fps,27214.20377967899
9430,train/reward,1.3635261058807373
9430,train/actor_loss,0.01631411723792553
9430,train/critic_loss,0.2932525873184204
9430,train/entropy,-7.984539031982422
9430,train/episode_length_steps,909.3944711658012
9430,train/fps,27225.247095856517
9440,train/reward,1.3553893566131592
9440,train/actor_loss,0.018656445667147636
9440,train/critic_loss,0.3148046135902405
9440,train/entropy,-7.967286586761475
9440,train/episode_length_steps,909.3944711658012
9440,train/fps,27237.377490588133
9450,train/reward,1.3571579456329346
9450,train/actor_loss,0.018369657918810844
9450,train/critic_loss,0.19902929663658142
9450,train/entropy,-7.939446926116943
9450,train/episode_length_steps,761.4662389368028
9450,train/fps,27249.592721510606
9460,train/reward,1.3617620468139648
9460,train/actor_loss,0.02525000087916851
9460,train/critic_loss,0.10505684465169907
9460,train/entropy,-7.901147365570068
9460,train/episode_length_steps,761.4662389368028
9460,train/fps,27261.820736842812
9470,train/reward,1.361962080001831
9470,train/actor_loss,0.02155887708067894
9470,train/critic_loss,0.09717974811792374
9470,train/entropy,-7.923854351043701
9470,train/episode_length_steps,798.5812704616955
9470,train/fps,27273.907562284934
9480,train/reward,1.364149570465088
9480,train/actor_loss,0.014283222146332264
9480,train/critic_loss,0.07003651559352875
9480,train/entropy,-7.9669976234436035
9480,train/episode_length_steps,991.9846862364063
9480,train/fps,27284.798194993604
9490,train/reward,1.3676106929779053
9490,train/actor_loss,0.016178222373127937
9490,train/critic_loss,0.04189574718475342
9490,train/entropy,-7.94533109664917
9490,train/episode_length_steps,1091.074921898641
9490,train/fps,27296.510485467563
9500,train/reward,1.362550139427185
9500,train/actor_loss,0.023389726877212524
9500,train/critic_loss,0.316293329000473
9500,train/entropy,-7.931515693664551
9500,train/episode_length_steps,761.4662389368028
9500,train/fps,27305.74837932871
9510,train/reward,1.3613321781158447
9510,train/actor_loss,0.016859734430909157
9510,train/critic_loss,0.06249907240271568
9510,train/entropy,-7.855159759521484
9510,train/episode_length_steps,779.5822535408565
9510,train/fps,27314.143327682697
9520,train/reward,1.3613736629486084
9520,train/actor_loss,0.018552053719758987
9520,train/critic_loss,0.1888265758752823
9520,train/entropy,-7.824864864349365
9520,train/episode_length_steps,935.352867349791
9520,train/fps,27321.668708944082
9530,train/reward,1.367056131362915
9530,train/actor_loss,0.023870384320616722
9530,train/critic_loss,0.04234287515282631
9530,train/entropy,-7.850402355194092
9530,train/episode_length_steps,884.8379899660755
9530,train/fps,27331.038591033554
9540,train/reward,1.3653130531311035
9540,train/actor_loss,0.019511446356773376
9540,train/critic_loss,0.06463318318128586
9540,train/entropy,-7.842532634735107
9540,train/episode_length_steps,839.499776188048
9540,train/fps,27340.871256755803
9550,train/reward,1.3651033639907837
9550,train/actor_loss,0.014642879366874695
9550,train/critic_loss,0.08371563255786896
9550,train/entropy,-7.855530738830566
9550,train/episode_length_steps,884.8379899660755
9550,train/fps,27351.499500017333
9560,train/reward,1.3638184070587158
9560,train/actor_loss,0.01598014496266842
9560,train/critic_loss,0.0649295374751091
9560,train/entropy,-7.863842964172363
9560,train/episode_length_steps,884.8379899660755
9560,train/fps,27359.564696651123
9570,train/reward,1.3644821643829346
9570,train/actor_loss,0.018323151394724846
9570,train/critic_loss,0.03034786880016327
9570,train/entropy,-7.965966701507568
9570,train/episode_length_steps,744.1730667488358
9570,train/fps,27370.465254189912
9580,train/reward,1.36765718460083
9580,train/actor_loss,0.015312671661376953
9580,train/critic_loss,0.16199149191379547
9580,train/entropy,-8.0300931930542
9580,train/episode_length_steps,861.5728416085835
9580,train/fps,27380.754770924734
9590,train/reward,1.3678805828094482
9590,train/actor_loss,0.016363276168704033
9590,train/critic_loss,0.017477093264460564
9590,train/entropy,-7.971031188964844
9590,train/episode_length_steps,962.8367577976614
9590,train/fps,27390.586297482612
9600,train/reward,1.3602283000946045
9600,train/actor_loss,0.02383921854197979
9600,train/critic_loss,0.32524368166923523
9600,train/entropy,-7.972477912902832
9600,train/episode_length_steps,779.5822535408565
9600,train/fps,27398.558671281648
9610,train/reward,1.3620994091033936
9610,train/actor_loss,0.018485326319932938
9610,train/critic_loss,0.08407985419034958
9610,train/entropy,-7.956978797912598
9610,train/episode_length_steps,798.5812704616955
9610,train/fps,27410.14014419086
9620,train/reward,1.3656734228134155
9620,train/actor_loss,0.01514462660998106
9620,train/critic_loss,0.0687234029173851
9620,train/entropy,-7.885135650634766
9620,train/episode_length_steps,744.1730667488358
9620,train/fps,27422.087854160785
9630,train/reward,1.3534464836120605
9630,train/actor_loss,0.023640058934688568
9630,train/critic_loss,0.05410335212945938
9630,train/entropy,-7.86883020401001
9630,train/episode_length_steps,545.8352345172557
9630,train/fps,27434.332468630942
9640,train/reward,1.3638012409210205
9640,train/actor_loss,0.017993399873375893
9640,train/critic_loss,0.14573538303375244
9640,train/entropy,-7.836363315582275
9640,train/episode_length_steps,711.8407478776858
9640,train/fps,27446.196079041336
9650,train/reward,1.365447759628296
9650,train/actor_loss,0.011363152414560318
9650,train/critic_loss,0.11365906149148941
9650,train/entropy,-7.838181972503662
9650,train/episode_length_steps,1022.9524966434373
9650,train/fps,27456.698690111876
9660,train/reward,1.36553955078125
9660,train/actor_loss,0.01543619018048048
9660,train/critic_loss,0.07553111761808395
9660,train/entropy,-7.8371901512146
9660,train/episode_length_steps,682.2009508175753
9660,train/fps,27468.619510918674
9670,train/reward,1.3616117238998413
9670,train/actor_loss,0.014885082840919495
9670,train/critic_loss,0.7964370250701904
9670,train/entropy,-7.815808296203613
9670,train/episode_length_steps,642.0972501432806
9670,train/fps,27480.452111128245
9680,train/reward,1.3353271484375
9680,train/actor_loss,0.012285514734685421
9680,train/critic_loss,8.256281852722168
9680,train/entropy,-7.760071754455566
9680,train/episode_length_steps,330.8803809260385
9680,train/fps,27492.07542338237
9690,train/reward,1.3508663177490234
9690,train/actor_loss,0.037488218396902084
9690,train/critic_loss,11.79039192199707
9690,train/entropy,-7.752954006195068
9690,train/episode_length_steps,654.9307845610301
9690,train/fps,27503.70986267021
9700,train/reward,1.3553317785263062
9700,train/actor_loss,0.015803176909685135
9700,train/critic_loss,7.022665500640869
9700,train/entropy,-7.7283806800842285
9700,train/episode_length_steps,617.8821365688474
9700,train/fps,27513.90861462274
9710,train/reward,1.3633952140808105
9710,train/actor_loss,0.011207479052245617
9710,train/critic_loss,5.538443565368652
9710,train/entropy,-7.700645446777344
9710,train/episode_length_steps,642.0972501432806
9710,train/fps,27525.43457112284
9720,train/reward,1.3530526161193848
9720,train/actor_loss,0.017293861135840416
9720,train/critic_loss,1.4195835590362549
9720,train/entropy,-7.669500827789307
9720,train/episode_length_steps,496.23847360147005
9720,train/fps,27537.282250981752
9730,train/reward,1.3658174276351929
9730,train/actor_loss,0.016558049246668816
9730,train/critic_loss,0.3730613589286804
9730,train/entropy,-7.710561275482178
9730,train/episode_length_steps,909.3944711658012
9730,train/fps,27548.674303028532
9740,train/reward,1.3701555728912354
9740,train/actor_loss,0.015059754252433777
9740,train/critic_loss,0.31733474135398865
9740,train/entropy,-7.694748878479004
9740,train/episode_length_steps,818.5294606658226
9740,train/fps,27558.67862076984
9750,train/reward,1.3582826852798462
9750,train/actor_loss,0.021019557490944862
9750,train/critic_loss,0.1989566534757614
9750,train/entropy,-7.673499584197998
9750,train/episode_length_steps,779.5822535408565
9750,train/fps,27570.101172357146
9760,train/reward,1.362804889678955
9760,train/actor_loss,0.012066321447491646
9760,train/critic_loss,0.20564775168895721
9760,train/entropy,-7.6161651611328125
9760,train/episode_length_steps,779.5822535408565
9760,train/fps,27581.98071598139
9770,train/reward,1.3596978187561035
9770,train/actor_loss,0.01567804627120495
9770,train/critic_loss,0.051097970455884933
9770,train/entropy,-7.632419109344482
9770,train/episode_length_steps,991.9846862364063
9770,train/fps,27593.542110604496
9780,train/reward,1.3361423015594482
9780,train/actor_loss,0.03297555819153786
9780,train/critic_loss,0.2579997479915619
9780,train/entropy,-7.619710445404053
9780,train/episode_length_steps,727.6479207318547
9780,train/fps,27605.028664662495
9790,train/reward,1.3551651239395142
9790,train/actor_loss,0.026154164224863052
9790,train/critic_loss,0.09108328819274902
9790,train/entropy,-7.621452331542969
9790,train/episode_length_steps,779.5822535408565
9790,train/fps,27614.92197239022
9800,train/reward,1.3538672924041748
9800,train/actor_loss,0.009511861950159073
9800,train/critic_loss,0.17618489265441895
9800,train/entropy,-7.626065254211426
9800,train/episode_length_steps,861.5728416085835
9800,train/fps,27626.634457211123
9810,train/reward,1.331148624420166
9810,train/actor_loss,0.018984965980052948
9810,train/critic_loss,0.3654005229473114
9810,train/entropy,-7.5459184646606445
9810,train/episode_length_steps,545.8352345172557
9810,train/fps,27638.509698350645
9820,train/reward,1.3461949825286865
9820,train/actor_loss,0.015187876299023628
9820,train/critic_loss,0.2837638556957245
9820,train/entropy,-7.535441875457764
9820,train/episode_length_steps,779.5822535408565
9820,train/fps,27649.75893259746
9830,train/reward,1.3443453311920166
9830,train/actor_loss,0.020344531163573265
9830,train/critic_loss,0.3012283742427826
9830,train/entropy,-7.472937107086182
9830,train/episode_length_steps,696.70575204079
9830,train/fps,27659.502925534573
9840,train/reward,1.3422765731811523
9840,train/actor_loss,0.00974214356392622
9840,train/critic_loss,0.34389862418174744
9840,train/entropy,-7.423449993133545
9840,train/episode_length_steps,584.8006652107567
9840,train/fps,27670.570098587057
9850,train/reward,1.3409762382507324
9850,train/actor_loss,0.017282748594880104
9850,train/critic_loss,0.4740622043609619
9850,train/entropy,-7.398601531982422
9850,train/episode_length_steps,642.0972501432806
9850,train/fps,27682.07877692206
9860,train/reward,1.3421151638031006
9860,train/actor_loss,0.023453280329704285
9860,train/critic_loss,0.6499705910682678
9860,train/entropy,-7.35481595993042
9860,train/episode_length_steps,629.7570023566689
9860,train/fps,27693.651202632882
9870,train/reward,1.3336784839630127
9870,train/actor_loss,0.016412941738963127
9870,train/critic_loss,0.8081292510032654
9870,train/entropy,-7.313214302062988
9870,train/episode_length_steps,528.2369472856668
9870,train/fps,27705.01889695711
9880,train/reward,1.3247349262237549
9880,train/actor_loss,0.024907955899834633
9880,train/critic_loss,0.5565502643585205
9880,train/entropy,-7.2785186767578125
9880,train/episode_length_steps,461.30822326957605
9880,train/fps,27715.043513831017
9890,train/reward,1.3402283191680908
9890,train/actor_loss,0.019439565017819405
9890,train/critic_loss,0.440438836812973
9890,train/entropy,-7.254646301269531
9890,train/episode_length_steps,606.4468139037408
9890,train/fps,27726.66858680646
9900,train/reward,1.3381783962249756
9900,train/actor_loss,0.01912105269730091
9900,train/critic_loss,0.47817835211753845
9900,train/entropy,-7.22506046295166
9900,train/episode_length_steps,727.6479207318547
9900,train/fps,27737.33331797613
9910,train/reward,1.3409507274627686
9910,train/actor_loss,0.03107616864144802
9910,train/critic_loss,0.30775579810142517
9910,train/entropy,-7.2003173828125
9910,train/episode_length_steps,668.2877866491242
9910,train/fps,27748.416570131758
9920,train/reward,1.3539204597473145
9920,train/actor_loss,0.01962434872984886
9920,train/critic_loss,0.15005066990852356
9920,train/entropy,-7.223599433898926
9920,train/episode_length_steps,727.6479207318547
9920,train/fps,27758.117210808516
9930,train/reward,1.350144386291504
9930,train/actor_loss,0.009818247519433498
9930,train/critic_loss,0.1802227795124054
9930,train/entropy,-7.2275214195251465
9930,train/episode_length_steps,839.499776188048
9930,train/fps,27769.21000460056
9940,train/reward,1.343393325805664
9940,train/actor_loss,0.024474261328577995
9940,train/critic_loss,0.14304308593273163
9940,train/entropy,-7.243106365203857
9940,train/episode_length_steps,779.5822535408565
9940,train/fps,27780.255103499283
9950,train/reward,1.3411458730697632
9950,train/actor_loss,0.01176841463893652
9950,train/critic_loss,0.3048926293849945
9950,train/entropy,-7.1988525390625
9950,train/episode_length_steps,711.8407478776858
9950,train/fps,27791.52997484762
9960,train/reward,1.3565415143966675
9960,train/actor_loss,0.014846338890492916
9960,train/critic_loss,0.14514239132404327
9960,train/entropy,-7.2427592277526855
9960,train/episode_length_steps,991.9846862364063
9960,train/fps,27802.66354080776
9970,train/reward,1.3453941345214844
9970,train/actor_loss,0.01667208969593048
9970,train/critic_loss,0.20975065231323242
9970,train/entropy,-7.212746620178223
9970,train/episode_length_steps,629.7570023566689
9970,train/fps,27812.178225080013
9980,train/reward,1.3465046882629395
9980,train/actor_loss,0.020140524953603745
9980,train/critic_loss,0.0994061827659607
9980,train/entropy,-7.230845928192139
9980,train/episode_length_steps,584.8006652107567
9980,train/fps,27822.031572451706
9990,train/reward,1.350576400756836
9990,train/actor_loss,0.013744788244366646
9990,train/critic_loss,0.24978505074977875
9990,train/entropy,-7.207294464111328
9990,train/episode_length_steps,696.70575204079
9990,train/fps,27829.755560336387
10000,train/reward,1.3296658992767334
10000,train/actor_loss,0.0204155333340168
10000,train/critic_loss,0.15404869616031647
10000,train/entropy,-7.21381139755249
10000,train/episode_length_steps,511.73799014904364
10000,train/fps,27837.302930844966
10000,eval/med_figure8_normal,0.12570104002952576
10010,train/reward,1.3465850353240967
10010,train/actor_loss,0.009200558066368103
10010,train/critic_loss,0.5059241652488708
10010,train/entropy,-7.211987495422363
10010,train/episode_length_steps,798.5812704616955
10010,train/fps,26712.727177402227
10020,train/reward,1.346064805984497
10020,train/actor_loss,0.012869234196841717
10020,train/critic_loss,0.10837316513061523
10020,train/entropy,-7.215806484222412
10020,train/episode_length_steps,727.6479207318547
10020,train/fps,26724.385722497544
10030,train/reward,1.3471035957336426
10030,train/actor_loss,0.011969051323831081
10030,train/critic_loss,0.2355174571275711
10030,train/entropy,-7.245863437652588
10030,train/episode_length_steps,861.5728416085835
10030,train/fps,26736.04109907944
10040,train/reward,1.3501510620117188
10040,train/actor_loss,0.009515793062746525
10040,train/critic_loss,0.1339455246925354
10040,train/entropy,-7.2841033935546875
10040,train/episode_length_steps,761.4662389368028
10040,train/fps,26746.582492239704
10050,train/reward,1.346777319908142
10050,train/actor_loss,0.026701409369707108
10050,train/critic_loss,0.15944962203502655
10050,train/entropy,-7.312934875488281
10050,train/episode_length_steps,654.9307845610301
10050,train/fps,26758.18868815892
10060,train/reward,1.3471530675888062
10060,train/actor_loss,0.014448975212872028
10060,train/critic_loss,0.08604031056165695
10060,train/entropy,-7.34639835357666
10060,train/episode_length_steps,696.70575204079
10060,train/fps,26769.65090048761
10070,train/reward,1.3614534139633179
10070,train/actor_loss,0.013607779517769814
10070,train/critic_loss,0.07103053480386734
10070,train/entropy,-7.450781345367432
10070,train/episode_length_steps,711.8407478776858
10070,train/fps,26781.221433609426
10080,train/reward,1.364377498626709
10080,train/actor_loss,0.01601720042526722
10080,train/critic_loss,0.09050717204809189
10080,train/entropy,-7.478743076324463
10080,train/episode_length_steps,779.5822535408565
10080,train/fps,26792.75688265696
10090,train/reward,1.3678644895553589
10090,train/actor_loss,0.008120103739202023
10090,train/critic_loss,0.07801242172718048
10090,train/entropy,-7.505642890930176
10090,train/episode_length_steps,991.9846862364063
10090,train/fps,26803.059988322777
10100,train/reward,1.366047739982605
10100,train/actor_loss,0.0189595278352499
10100,train/critic_loss,0.06638364493846893
10100,train/entropy,-7.542847633361816
10100,train/episode_length_steps,779.5822535408565
10100,train/fps,26814.520821586717
10110,train/reward,1.3677380084991455
10110,train/actor_loss,0.008080581203103065
10110,train/critic_loss,0.07080402225255966
10110,train/entropy,-7.599366188049316
10110,train/episode_length_steps,1128.6557313446654
10110,train/fps,26826.049298432958
10120,train/reward,1.3654241561889648
10120,train/actor_loss,0.0228870902210474
10120,train/critic_loss,0.2935074269771576
10120,train/entropy,-7.5972185134887695
10120,train/episode_length_steps,818.5294606658226
10120,train/fps,26837.20133248923
10130,train/reward,1.3629167079925537
10130,train/actor_loss,0.010766682215034962
10130,train/critic_loss,0.09355280548334122
10130,train/entropy,-7.607036113739014
10130,train/episode_length_steps,839.499776188048
10130,train/fps,26847.952103512966
10140,train/reward,1.3666108846664429
10140,train/actor_loss,0.022886374965310097
10140,train/critic_loss,0.1437326818704605
10140,train/entropy,-7.623401641845703
10140,train/episode_length_steps,884.8379899660755
10140,train/fps,26857.69720016312
10150,train/reward,1.3684338331222534
10150,train/actor_loss,0.011324061080813408
10150,train/critic_loss,0.05678683519363403
10150,train/entropy,-7.62476110458374
10150,train/episode_length_steps,935.352867349791
10150,train/fps,26868.755693482886
10160,train/reward,1.3568477630615234
10160,train/actor_loss,0.03059692494571209
10160,train/critic_loss,0.10936065018177032
10160,train/entropy,-7.610932350158691
10160,train/episode_length_steps,654.9307845610301
10160,train/fps,26879.945998084924
10170,train/reward,1.3645352125167847
10170,train/actor_loss,0.016039825975894928
10170,train/critic_loss,0.08270762115716934
10170,train/entropy,-7.586753845214844
10170,train/episode_length_steps,744.1730667488358
10170,train/fps,26891.49099565502
10180,train/reward,1.3656120300292969
10180,train/actor_loss,0.012827386148273945
10180,train/critic_loss,0.04785183444619179
10180,train/entropy,-7.621007442474365
10180,train/episode_length_steps,839.499776188048
10180,train/fps,26901.67227970996
10190,train/reward,1.3625757694244385
10190,train/actor_loss,0.015675241127610207
10190,train/critic_loss,0.2986815869808197
10190,train/entropy,-7.636768341064453
10190,train/episode_length_steps,617.8821365688474
10190,train/fps,26913.043240371037
10200,train/reward,1.3574916124343872
10200,train/actor_loss,0.014176785945892334
10200,train/critic_loss,0.13179364800453186
10200,train/entropy,-7.616482734680176
10200,train/episode_length_steps,884.8379899660755
10200,train/fps,26924.36224069191
10210,train/reward,1.3684732913970947
10210,train/actor_loss,0.01871492527425289
10210,train/critic_loss,0.2570253312587738
10210,train/entropy,-7.580251216888428
10210,train/episode_length_steps,962.8367577976614
10210,train/fps,26935.856831090052
10220,train/reward,1.3666796684265137
10220,train/actor_loss,0.012749402783811092
10220,train/critic_loss,0.1573401689529419
10220,train/entropy,-7.6047868728637695
10220,train/episode_length_steps,861.5728416085835
10220,train/fps,26947.348327453117
10230,train/reward,1.3608224391937256
10230,train/actor_loss,0.014311293140053749
10230,train/critic_loss,0.2527468800544739
10230,train/entropy,-7.647135257720947
10230,train/episode_length_steps,595.4270735573396
10230,train/fps,26957.531166013825
10240,train/reward,1.3646236658096313
10240,train/actor_loss,0.014631052501499653
10240,train/critic_loss,0.2555800676345825
10240,train/entropy,-7.642132759094238
10240,train/episode_length_steps,668.2877866491242
10240,train/fps,26968.76656371817
10250,train/reward,1.3596067428588867
10250,train/actor_loss,0.012809621170163155
10250,train/critic_loss,0.1832210272550583
10250,train/entropy,-7.603501319885254
10250,train/episode_length_steps,818.5294606658226
10250,train/fps,26980.119376327075
10260,train/reward,1.3647944927215576
10260,train/actor_loss,0.028180453926324844
10260,train/critic_loss,0.434211790561676
10260,train/entropy,-7.6122050285339355
10260,train/episode_length_steps,744.1730667488358
10260,train/fps,26991.43006845011
10270,train/reward,1.3601927757263184
10270,train/actor_loss,0.01980961672961712
10270,train/critic_loss,0.2729255259037018
10270,train/entropy,-7.567214488983154
10270,train/episode_length_steps,935.352867349791
10270,train/fps,27002.71184044954
10280,train/reward,1.3593698740005493
10280,train/actor_loss,0.014162910170853138
10280,train/critic_loss,0.21061599254608154
10280,train/entropy,-7.535930156707764
10280,train/episode_length_steps,642.0972501432806
10280,train/fps,27012.825469002157
10290,train/reward,1.3663142919540405
10290,train/actor_loss,0.020825881510972977
10290,train/critic_loss,0.12979327142238617
10290,train/entropy,-7.555641174316406
10290,train/episode_length_steps,1055.9161206631647
10290,train/fps,27022.080303301842
10300,train/reward,1.3618342876434326
10300,train/actor_loss,0.016408970579504967
10300,train/critic_loss,0.13586559891700745
10300,train/entropy,-7.533632755279541
10300,train/episode_length_steps,818.5294606658226
10300,train/fps,27030.081170002006
10310,train/reward,1.3643696308135986
10310,train/actor_loss,0.009334699250757694
10310,train/critic_loss,0.06376174092292786
10310,train/entropy,-7.551475524902344
10310,train/episode_length_steps,798.5812704616955
10310,train/fps,27037.759843995773
10320,train/reward,1.362357497215271
10320,train/actor_loss,0.013124952092766762
10320,train/critic_loss,0.2523253560066223
10320,train/entropy,-7.526702880859375
10320,train/episode_length_steps,818.5294606658226
10320,train/fps,27045.050131232732
10330,train/reward,1.3655277490615845
10330,train/actor_loss,0.014626855030655861
10330,train/critic_loss,0.31150755286216736
10330,train/entropy,-7.546039581298828
10330,train/episode_length_steps,861.5728416085835
10330,train/fps,27054.18044605973
10340,train/reward,1.3651130199432373
10340,train/actor_loss,0.01225051749497652
10340,train/critic_loss,0.03852669522166252
10340,train/entropy,-7.55244779586792
10340,train/episode_length_steps,1022.9524966434373
10340,train/fps,27063.477211374633
10350,train/reward,1.3612712621688843
10350,train/actor_loss,0.01645502634346485
10350,train/critic_loss,0.15786457061767578
10350,train/entropy,-7.594829082489014
10350,train/episode_length_steps,779.5822535408565
10350,train/fps,27072.16690622259
10360,train/reward,1.36142897605896
10360,train/actor_loss,0.025845501571893692
10360,train/critic_loss,0.2640077769756317
10360,train/entropy,-7.57366943359375
10360,train/episode_length_steps,884.8379899660755
10360,train/fps,27080.43149882666
10370,train/reward,1.3694145679473877
10370,train/actor_loss,0.0167704951018095
10370,train/critic_loss,0.24427734315395355
10370,train/entropy,-7.605554103851318
10370,train/episode_length_steps,935.352867349791
10370,train/fps,27088.466451982167
10380,train/reward,1.3600335121154785
10380,train/actor_loss,0.008164460770785809
10380,train/critic_loss,0.285575270652771
10380,train/entropy,-7.603729248046875
10380,train/episode_length_steps,861.5728416085835
10380,train/fps,27097.16637355037
10390,train/reward,1.366420865058899
10390,train/actor_loss,0.009889758192002773
10390,train/critic_loss,0.13624991476535797
10390,train/entropy,-7.604591369628906
10390,train/episode_length_steps,1128.6557313446654
10390,train/fps,27106.20066770023
10400,train/reward,1.3670403957366943
10400,train/actor_loss,0.01568377949297428
10400,train/critic_loss,0.2686290442943573
10400,train/entropy,-7.603379249572754
10400,train/episode_length_steps,1055.9161206631647
10400,train/fps,27116.154984174376
10410,train/reward,1.356877088546753
10410,train/actor_loss,0.03001823090016842
10410,train/critic_loss,0.16008360683918
10410,train/entropy,-7.5934600830078125
10410,train/episode_length_steps,682.2009508175753
10410,train/fps,27127.265302402557
10420,train/reward,1.3686211109161377
10420,train/actor_loss,0.006925289519131184
10420,train/critic_loss,0.13193152844905853
10420,train/entropy,-7.614054203033447
10420,train/episode_length_steps,884.8379899660755
10420,train/fps,27138.411678299803
10430,train/reward,1.3665471076965332
10430,train/actor_loss,0.02359684556722641
10430,train/critic_loss,0.1588830053806305
10430,train/entropy,-7.66225004196167
10430,train/episode_length_steps,1022.9524966434373
10430,train/fps,27149.49291710792
10440,train/reward,1.3599679470062256
10440,train/actor_loss,0.0076228859834373
10440,train/critic_loss,0.08484994620084763
10440,train/entropy,-7.643559455871582
10440,train/episode_length_steps,496.23847360147005
10440,train/fps,27158.97524302076
10450,train/reward,1.3639612197875977
10450,train/actor_loss,0.010956771671772003
10450,train/critic_loss,0.10448379814624786
10450,train/entropy,-7.644085884094238
10450,train/episode_length_steps,991.9846862364063
10450,train/fps,27169.95196666516
10460,train/reward,1.3626620769500732
10460,train/actor_loss,0.015179908834397793
10460,train/critic_loss,0.07208206504583359
10460,train/entropy,-7.67340087890625
10460,train/episode_length_steps,654.9307845610301
10460,train/fps,27180.913548689146
10470,train/reward,1.3643598556518555
10470,train/actor_loss,0.014786546118557453
10470,train/critic_loss,0.1672399491071701
10470,train/entropy,-7.692746162414551
10470,train/episode_length_steps,1022.9524966434373
10470,train/fps,27191.840197039637
10480,train/reward,1.3657855987548828
10480,train/actor_loss,0.009383708238601685
10480,train/critic_loss,0.1022072434425354
10480,train/entropy,-7.680397987365723
10480,train/episode_length_steps,861.5728416085835
10480,train/fps,27202.71478912684
10490,train/reward,1.3636150360107422
10490,train/actor_loss,0.012912320904433727
10490,train/critic_loss,0.12598294019699097
10490,train/entropy,-7.671385288238525
10490,train/episode_length_steps,798.5812704616955
10490,train/fps,27212.381172462654
10500,train/reward,1.3589587211608887
10500,train/actor_loss,0.02344709448516369
10500,train/critic_loss,0.0980144664645195
10500,train/entropy,-7.737512111663818
10500,train/episode_length_steps,696.70575204079
10500,train/fps,27223.29734097778
10510,train/reward,1.3612943887710571
10510,train/actor_loss,0.020184585824608803
10510,train/critic_loss,0.10761107504367828
10510,train/entropy,-7.738809108734131
10510,train/episode_length_steps,668.2877866491242
10510,train/fps,27233.735264549116
10520,train/reward,1.3624823093414307
10520,train/actor_loss,0.012326670810580254
10520,train/critic_loss,0.09406456351280212
10520,train/entropy,-7.779768466949463
10520,train/episode_length_steps,1055.9161206631647
10520,train/fps,27244.390364817315
10530,train/reward,1.365434169769287
10530,train/actor_loss,0.018523667007684708
10530,train/critic_loss,0.09215418249368668
10530,train/entropy,-7.804242134094238
10530,train/episode_length_steps,962.8367577976614
10530,train/fps,27255.320882588305
10540,train/reward,1.3619787693023682
10540,train/actor_loss,0.014665919356048107
10540,train/critic_loss,0.28863829374313354
10540,train/entropy,-7.80370569229126
10540,train/episode_length_steps,991.9846862364063
10540,train/fps,27264.814525612048
10550,train/reward,1.3658757209777832
10550,train/actor_loss,0.0081165861338377
10550,train/critic_loss,0.1292727291584015
10550,train/entropy,-7.7860589027404785
10550,train/episode_length_steps,761.4662389368028
10550,train/fps,27275.7376356494
10560,train/reward,1.3645468950271606
10560,train/actor_loss,0.014619022607803345
10560,train/critic_loss,0.13321690261363983
10560,train/entropy,-7.794918060302734
10560,train/episode_length_steps,1022.9524966434373
10560,train/fps,27286.785028686314
10570,train/reward,1.364889144897461
10570,train/actor_loss,0.02682487666606903
10570,train/critic_loss,0.3736231029033661
10570,train/entropy,-7.8310699462890625
10570,train/episode_length_steps,779.5822535408565
10570,train/fps,27297.542919372358
10580,train/reward,1.3593335151672363
10580,train/actor_loss,0.022002145648002625
10580,train/critic_loss,0.49212390184402466
10580,train/entropy,-7.818508148193359
10580,train/episode_length_steps,779.5822535408565
10580,train/fps,27307.121156813817
10590,train/reward,1.3657143115997314
10590,train/actor_loss,0.014514892362058163
10590,train/critic_loss,0.12811502814292908
10590,train/entropy,-7.830817699432373
10590,train/episode_length_steps,744.1730667488358
10590,train/fps,27317.85750855171
10600,train/reward,1.36264169216156
10600,train/actor_loss,0.023418426513671875
10600,train/critic_loss,0.34176909923553467
10600,train/entropy,-7.854720592498779
10600,train/episode_length_steps,744.1730667488358
10600,train/fps,27328.736770972788
10610,train/reward,1.3645355701446533
10610,train/actor_loss,0.01568927802145481
10610,train/critic_loss,0.27927514910697937
10610,train/entropy,-7.846614360809326
10610,train/episode_length_steps,839.499776188048
10610,train/fps,27339.48851727483
10620,train/reward,1.3696496486663818
10620,train/actor_loss,0.017109543085098267
10620,train/critic_loss,0.0798608586192131
10620,train/entropy,-7.801902770996094
10620,train/episode_length_steps,1258.7213161504762
10620,train/fps,27350.27228978786
10630,train/reward,1.3593100309371948
10630,train/actor_loss,0.01282347459346056
10630,train/critic_loss,0.17005887627601624
10630,train/entropy,-7.78466796875
10630,train/episode_length_steps,1022.9524966434373
10630,train/fps,27359.420063840873
10640,train/reward,1.3644018173217773
10640,train/actor_loss,0.025532180443406105
10640,train/critic_loss,0.4629554748535156
10640,train/entropy,-7.766191005706787
10640,train/episode_length_steps,991.9846862364063
10640,train/fps,27369.906099270436
10650,train/reward,1.361724853515625
10650,train/actor_loss,0.009767639450728893
10650,train/critic_loss,0.08724778890609741
10650,train/entropy,-7.717433929443359
10650,train/episode_length_steps,884.8379899660755
10650,train/fps,27380.73313940403
10660,train/reward,1.3604542016983032
10660,train/actor_loss,0.008089319802820683
10660,train/critic_loss,0.40758630633354187
10660,train/entropy,-7.75008487701416
10660,train/episode_length_steps,711.8407478776858
10660,train/fps,27391.588242818565
10670,train/reward,1.3612946271896362
10670,train/actor_loss,0.023149654269218445
10670,train/critic_loss,0.23310790956020355
10670,train/entropy,-7.694735050201416
10670,train/episode_length_steps,884.8379899660755
10670,train/fps,27401.026685590747
10680,train/reward,1.3632900714874268
10680,train/actor_loss,0.026128878816962242
10680,train/critic_loss,0.32672119140625
10680,train/entropy,-7.712263584136963
10680,train/episode_length_steps,935.352867349791
10680,train/fps,27411.470584209652
10690,train/reward,1.366776943206787
10690,train/actor_loss,0.022365344688296318
10690,train/critic_loss,0.21791067719459534
10690,train/entropy,-7.7812042236328125
10690,train/episode_length_steps,727.6479207318547
10690,train/fps,27422.102243495578
10700,train/reward,1.3604340553283691
10700,train/actor_loss,0.03222127631306648
10700,train/critic_loss,0.30123382806777954
10700,train/entropy,-7.747957706451416
10700,train/episode_length_steps,779.5822535408565
10700,train/fps,27433.05647392725
10710,train/reward,1.3619831800460815
10710,train/actor_loss,0.011623083613812923
10710,train/critic_loss,0.04889615997672081
10710,train/entropy,-7.8144731521606445
10710,train/episode_length_steps,711.8407478776858
10710,train/fps,27443.895244969306
10720,train/reward,1.3619599342346191
10720,train/actor_loss,0.012664726935327053
10720,train/critic_loss,0.06190384551882744
10720,train/entropy,-7.80709981918335
10720,train/episode_length_steps,1168.9177465457567
10720,train/fps,27453.264814566417
10730,train/reward,1.3604875802993774
10730,train/actor_loss,0.012313395738601685
10730,train/critic_loss,0.11300817877054214
10730,train/entropy,-7.797667980194092
10730,train/episode_length_steps,682.2009508175753
10730,train/fps,27463.924475952826
10740,train/reward,1.3668365478515625
10740,train/actor_loss,0.011002673767507076
10740,train/critic_loss,0.06163232401013374
10740,train/entropy,-7.830607891082764
10740,train/episode_length_steps,1055.9161206631647
10740,train/fps,27474.716458314884
10750,train/reward,1.3645198345184326
10750,train/actor_loss,0.0124782994389534
10750,train/critic_loss,0.13549122214317322
10750,train/entropy,-7.895518779754639
10750,train/episode_length_steps,654.9307845610301
10750,train/fps,27485.72178984482
10760,train/reward,1.3632144927978516
10760,train/actor_loss,0.02684328518807888
10760,train/critic_loss,0.08672258257865906
10760,train/entropy,-7.943829536437988
10760,train/episode_length_steps,991.9846862364063
10760,train/fps,27496.412991018686
10770,train/reward,1.3626470565795898
10770,train/actor_loss,0.01637878082692623
10770,train/critic_loss,0.11699153482913971
10770,train/entropy,-7.905137062072754
10770,train/episode_length_steps,884.8379899660755
10770,train/fps,27505.425249656626
10780,train/reward,1.360044240951538
10780,train/actor_loss,0.028913963586091995
10780,train/critic_loss,0.12390144914388657
10780,train/entropy,-7.881354808807373
10780,train/episode_length_steps,884.8379899660755
10780,train/fps,27513.65475434284
10790,train/reward,1.362299919128418
10790,train/actor_loss,0.0096226055175066
10790,train/critic_loss,0.052667152136564255
10790,train/entropy,-7.926555156707764
10790,train/episode_length_steps,818.5294606658226
10790,train/fps,27521.059044222835
10800,train/reward,1.363978385925293
10800,train/actor_loss,0.017180249094963074
10800,train/critic_loss,0.07288479059934616
10800,train/entropy,-7.92486572265625
10800,train/episode_length_steps,962.8367577976614
10800,train/fps,27528.25438504256
10810,train/reward,1.3628313541412354
10810,train/actor_loss,0.013606083579361439
10810,train/critic_loss,0.0647779330611229
10810,train/entropy,-7.935119152069092
10810,train/episode_length_steps,884.8379899660755
10810,train/fps,27534.316912735525
10820,train/reward,1.3616745471954346
10820,train/actor_loss,0.01923629641532898
10820,train/critic_loss,0.11901070922613144
10820,train/entropy,-7.917350769042969
10820,train/episode_length_steps,798.5812704616955
10820,train/fps,27543.065218792803
10830,train/reward,1.3609113693237305
10830,train/actor_loss,0.01466588955372572
10830,train/critic_loss,0.09805997461080551
10830,train/entropy,-7.955214977264404
10830,train/episode_length_steps,839.499776188048
10830,train/fps,27552.00518700473
10840,train/reward,1.3628876209259033
10840,train/actor_loss,0.02226690948009491
10840,train/critic_loss,0.08514028042554855
10840,train/entropy,-7.9775071144104
10840,train/episode_length_steps,962.8367577976614
10840,train/fps,27560.7725317228
10850,train/reward,1.362962007522583
10850,train/actor_loss,0.02656630612909794
10850,train/critic_loss,0.1625911295413971
10850,train/entropy,-7.973996162414551
10850,train/episode_length_steps,884.8379899660755
10850,train/fps,27568.172870739334
10860,train/reward,1.3586177825927734
10860,train/actor_loss,0.014660132117569447
10860,train/critic_loss,0.05223853513598442
10860,train/entropy,-7.9551920890808105
10860,train/episode_length_steps,884.8379899660755
10860,train/fps,27576.76537007309
10870,train/reward,1.359742522239685
10870,train/actor_loss,0.028335580602288246
10870,train/critic_loss,0.12473668903112411
10870,train/entropy,-7.995171546936035
10870,train/episode_length_steps,1091.074921898641
10870,train/fps,27584.60705588159
10880,train/reward,1.359027624130249
10880,train/actor_loss,0.018741142004728317
10880,train/critic_loss,0.1276812106370926
10880,train/entropy,-8.002317428588867
10880,train/episode_length_steps,861.5728416085835
10880,train/fps,27592.998369522375
10890,train/reward,1.3629652261734009
10890,train/actor_loss,0.013721051625907421
10890,train/critic_loss,0.2117420881986618
10890,train/entropy,-8.024352073669434
10890,train/episode_length_steps,1128.6557313446654
10890,train/fps,27602.016781669343
10900,train/reward,1.3592642545700073
10900,train/actor_loss,0.02013537287712097
10900,train/critic_loss,0.04552198573946953
10900,train/entropy,-8.027151107788086
10900,train/episode_length_steps,909.3944711658012
10900,train/fps,27612.661299013536
10910,train/reward,1.3589835166931152
10910,train/actor_loss,0.018683651462197304
10910,train/critic_loss,0.1637963354587555
10910,train/entropy,-8.029378890991211
10910,train/episode_length_steps,884.8379899660755
10910,train/fps,27623.287436828195
10920,train/reward,1.364072561264038
10920,train/actor_loss,0.012358410283923149
10920,train/critic_loss,0.0837736651301384
10920,train/entropy,-8.038520812988281
10920,train/episode_length_steps,991.9846862364063
10920,train/fps,27633.83151423566
10930,train/reward,1.365926742553711
10930,train/actor_loss,0.013331587426364422
10930,train/critic_loss,0.04466167092323303
10930,train/entropy,-8.00400447845459
10930,train/episode_length_steps,779.5822535408565
10930,train/fps,27643.90352990565
10940,train/reward,1.3650867938995361
10940,train/actor_loss,0.014041706919670105
10940,train/critic_loss,0.07655530422925949
10940,train/entropy,-8.000125885009766
10940,train/episode_length_steps,909.3944711658012
10940,train/fps,27652.74841982517
10950,train/reward,1.3633053302764893
10950,train/actor_loss,0.011369320563971996
10950,train/critic_loss,0.1541387438774109
10950,train/entropy,-8.014920234680176
10950,train/episode_length_steps,935.352867349791
10950,train/fps,27662.955213028104
10960,train/reward,1.3610597848892212
10960,train/actor_loss,0.021917307749390602
10960,train/critic_loss,0.07150449603796005
10960,train/entropy,-8.018943786621094
10960,train/episode_length_steps,818.5294606658226
10960,train/fps,27673.28549915546
10970,train/reward,1.360465407371521
10970,train/actor_loss,0.023337138816714287
10970,train/critic_loss,0.04137550666928291
10970,train/entropy,-8.049703598022461
10970,train/episode_length_steps,1022.9524966434373
10970,train/fps,27683.73140033419
10980,train/reward,1.3627419471740723
10980,train/actor_loss,0.018791822716593742
10980,train/critic_loss,0.17808552086353302
10980,train/entropy,-8.056145668029785
10980,train/episode_length_steps,727.6479207318547
10980,train/fps,27692.5416099987
10990,train/reward,1.3646498918533325
10990,train/actor_loss,0.01214663963764906
10990,train/critic_loss,0.10158484429121017
10990,train/entropy,-8.020992279052734
10990,train/episode_length_steps,1212.1585181362116
10990,train/fps,27702.897431511064
11000,train/reward,1.3611276149749756
11000,train/actor_loss,0.008382749743759632
11000,train/critic_loss,0.11650682985782623
11000,train/entropy,-8.00702953338623
11000,train/episode_length_steps,744.1730667488358
11000,train/fps,27713.249948730307
11000,eval/med_figure8_normal,0.11181710660457611
11010,train/reward,1.364700198173523
11010,train/actor_loss,0.008049695752561092
11010,train/critic_loss,0.08696252107620239
11010,train/entropy,-8.030049324035645
11010,train/episode_length_steps,1055.9161206631647
11010,train/fps,26674.689978033795
11020,train/reward,1.364267110824585
11020,train/actor_loss,0.009947839193046093
11020,train/critic_loss,0.33293887972831726
11020,train/entropy,-8.039770126342773
11020,train/episode_length_steps,991.9846862364063
11020,train/fps,26685.37503896491
11030,train/reward,1.360607385635376
11030,train/actor_loss,0.013537931255996227
11030,train/critic_loss,0.050068970769643784
11030,train/entropy,-8.031147956848145
11030,train/episode_length_steps,991.9846862364063
11030,train/fps,26696.035883437224
11040,train/reward,1.3621926307678223
11040,train/actor_loss,0.012614049017429352
11040,train/critic_loss,0.05110904574394226
11040,train/entropy,-8.078551292419434
11040,train/episode_length_steps,1091.074921898641
11040,train/fps,26706.609412708152
11050,train/reward,1.3609939813613892
11050,train/actor_loss,0.010631534270942211
11050,train/critic_loss,0.13506369292736053
11050,train/entropy,-8.10097599029541
11050,train/episode_length_steps,1091.074921898641
11050,train/fps,26715.196007478156
11060,train/reward,1.3646124601364136
11060,train/actor_loss,0.012524736113846302
11060,train/critic_loss,0.13167285919189453
11060,train/entropy,-8.152203559875488
11060,train/episode_length_steps,1055.9161206631647
11060,train/fps,26722.773604609105
11070,train/reward,1.3632487058639526
11070,train/actor_loss,0.009488672949373722
11070,train/critic_loss,0.08795513957738876
11070,train/entropy,-8.189535140991211
11070,train/episode_length_steps,818.5294606658226
11070,train/fps,26730.461909018308
11080,train/reward,1.3581700325012207
11080,train/actor_loss,0.01604338549077511
11080,train/critic_loss,0.08289624750614166
11080,train/entropy,-8.18994140625
11080,train/episode_length_steps,909.3944711658012
11080,train/fps,26738.05469111839
11090,train/reward,1.3642382621765137
11090,train/actor_loss,0.011834832839667797
11090,train/critic_loss,0.04056485369801521
11090,train/entropy,-8.203886032104492
11090,train/episode_length_steps,1128.6557313446654
11090,train/fps,26745.665979925914
11100,train/reward,1.3612475395202637
11100,train/actor_loss,0.011343277059495449
11100,train/critic_loss,0.10036199539899826
11100,train/entropy,-8.206949234008789
11100,train/episode_length_steps,1022.9524966434373
11100,train/fps,26754.798472347724
11110,train/reward,1.363547444343567
11110,train/actor_loss,0.015694264322519302
11110,train/critic_loss,0.042033519595861435
11110,train/entropy,-8.223502159118652
11110,train/episode_length_steps,1055.9161206631647
11110,train/fps,26764.050352902716
11120,train/reward,1.36007559299469
11120,train/actor_loss,0.01531441044062376
11120,train/critic_loss,0.046339213848114014
11120,train/entropy,-8.237746238708496
11120,train/episode_length_steps,1022.9524966434373
11120,train/fps,26772.90245757873
11130,train/reward,1.3576610088348389
11130,train/actor_loss,0.010480939410626888
11130,train/critic_loss,0.05848746374249458
11130,train/entropy,-8.253985404968262
11130,train/episode_length_steps,798.5812704616955
11130,train/fps,26781.10683083975
11140,train/reward,1.362854242324829
11140,train/actor_loss,0.017833348363637924
11140,train/critic_loss,0.08003424853086472
11140,train/entropy,-8.293341636657715
11140,train/episode_length_steps,1128.6557313446654
11140,train/fps,26789.687289539488
11150,train/reward,1.3625136613845825
11150,train/actor_loss,0.014590181410312653
11150,train/critic_loss,0.1310504525899887
11150,train/entropy,-8.326400756835938
11150,train/episode_length_steps,909.3944711658012
11150,train/fps,26797.954518810842
11160,train/reward,1.3646906614303589
11160,train/actor_loss,0.017145415768027306
11160,train/critic_loss,0.05067623779177666
11160,train/entropy,-8.356040954589844
11160,train/episode_length_steps,1022.9524966434373
11160,train/fps,26807.100817299022
11170,train/reward,1.365837812423706
11170,train/actor_loss,0.013821731321513653
11170,train/critic_loss,0.13000039756298065
11170,train/entropy,-8.328337669372559
11170,train/episode_length_steps,1022.9524966434373
11170,train/fps,26814.38687268619
11180,train/reward,1.3601253032684326
11180,train/actor_loss,0.016930460929870605
11180,train/critic_loss,0.04599864408373833
11180,train/entropy,-8.3535795211792
11180,train/episode_length_steps,861.5728416085835
11180,train/fps,26822.84475851661
11190,train/reward,1.3651411533355713
11190,train/actor_loss,0.014874744229018688
11190,train/critic_loss,0.08200260251760483
11190,train/entropy,-8.3329496383667
11190,train/episode_length_steps,818.5294606658226
11190,train/fps,26831.14352695299
11200,train/reward,1.3642033338546753
11200,train/actor_loss,0.013005408458411694
11200,train/critic_loss,0.06100746989250183
11200,train/entropy,-8.339883804321289
11200,train/episode_length_steps,1091.074921898641
11200,train/fps,26840.36778226771
11210,train/reward,1.3652300834655762
11210,train/actor_loss,0.012292474508285522
11210,train/critic_loss,0.10534060001373291
11210,train/entropy,-8.343130111694336
11210,train/episode_length_steps,818.5294606658226
11210,train/fps,26849.22358555106
11220,train/reward,1.3623723983764648
11220,train/actor_loss,0.016028402373194695
11220,train/critic_loss,0.03343398496508598
11220,train/entropy,-8.367962837219238
11220,train/episode_length_steps,1212.1585181362116
11220,train/fps,26859.444702206983
11230,train/reward,1.3667454719543457
11230,train/actor_loss,0.013145530596375465
11230,train/critic_loss,0.03213077411055565
11230,train/entropy,-8.406783103942871
11230,train/episode_length_steps,798.5812704616955
11230,train/fps,26869.485765616362
11240,train/reward,1.368995189666748
11240,train/actor_loss,0.013735196553170681
11240,train/critic_loss,0.12879495322704315
11240,train/entropy,-8.444472312927246
11240,train/episode_length_steps,1309.004261933798
11240,train/fps,26879.68256582316
11250,train/reward,1.364478349685669
11250,train/actor_loss,0.01202162355184555
11250,train/critic_loss,0.057530224323272705
11250,train/entropy,-8.395366668701172
11250,train/episode_length_steps,744.1730667488358
11250,train/fps,26890.043262737254
11260,train/reward,1.3634461164474487
11260,train/actor_loss,0.011376104317605495
11260,train/critic_loss,0.07020574808120728
11260,train/entropy,-8.424051284790039
11260,train/episode_length_steps,1091.074921898641
11260,train/fps,26899.183696937096
11270,train/reward,1.3612263202667236
11270,train/actor_loss,0.01777646876871586
11270,train/critic_loss,0.1586071103811264
11270,train/entropy,-8.418784141540527
11270,train/episode_length_steps,1212.1585181362116
11270,train/fps,26909.313699257316
11280,train/reward,1.3567943572998047
11280,train/actor_loss,0.010803056880831718
11280,train/critic_loss,0.18267227709293365
11280,train/entropy,-8.374299049377441
11280,train/episode_length_steps,962.8367577976614
11280,train/fps,26919.51653659516
11290,train/reward,1.3649613857269287
11290,train/actor_loss,0.012549168430268764
11290,train/critic_loss,0.07713930308818817
11290,train/entropy,-8.386584281921387
11290,train/episode_length_steps,1091.074921898641
11290,train/fps,26929.475020350637
11300,train/reward,1.3591783046722412
11300,train/actor_loss,0.013721570372581482
11300,train/critic_loss,0.05103620886802673
11300,train/entropy,-8.390303611755371
11300,train/episode_length_steps,818.5294606658226
11300,train/fps,26938.53346543987
11310,train/reward,1.3630256652832031
11310,train/actor_loss,0.011621269397437572
11310,train/critic_loss,0.04265856370329857
11310,train/entropy,-8.40097713470459
11310,train/episode_length_steps,1091.074921898641
11310,train/fps,26948.652580097176
11320,train/reward,1.3661596775054932
11320,train/actor_loss,0.01196774747222662
11320,train/critic_loss,0.15320487320423126
11320,train/entropy,-8.378302574157715
11320,train/episode_length_steps,1055.9161206631647
11320,train/fps,26958.829219743955
11330,train/reward,1.3635519742965698
11330,train/actor_loss,0.011797603219747543
11330,train/critic_loss,0.06750893592834473
11330,train/entropy,-8.4252347946167
11330,train/episode_length_steps,909.3944711658012
11330,train/fps,26969.009722332616
11340,train/reward,1.366143822669983
11340,train/actor_loss,0.011554377153515816
11340,train/critic_loss,0.021901462227106094
11340,train/entropy,-8.429121017456055
11340,train/episode_length_steps,1212.1585181362116
11340,train/fps,26979.26710609636
11350,train/reward,1.361469030380249
11350,train/actor_loss,0.01043359749019146
11350,train/critic_loss,0.13404980301856995
11350,train/entropy,-8.465981483459473
11350,train/episode_length_steps,1212.1585181362116
11350,train/fps,26988.255498269973
11360,train/reward,1.3637261390686035
11360,train/actor_loss,0.011061225086450577
11360,train/critic_loss,0.05850076675415039
11360,train/entropy,-8.5243558883667
11360,train/episode_length_steps,1091.074921898641
11360,train/fps,26998.395318552233
11370,train/reward,1.362417459487915
11370,train/actor_loss,0.013220921158790588
11370,train/critic_loss,0.04813552275300026
11370,train/entropy,-8.583563804626465
11370,train/episode_length_steps,962.8367577976614
11370,train/fps,27008.598796488768
11380,train/reward,1.3638404607772827
11380,train/actor_loss,0.012427357025444508
11380,train/critic_loss,0.051974810659885406
11380,train/entropy,-8.640515327453613
11380,train/episode_length_steps,727.6479207318547
11380,train/fps,27018.72535848872
11390,train/reward,1.3610291481018066
11390,train/actor_loss,0.021912841126322746
11390,train/critic_loss,0.14826461672782898
11390,train/entropy,-8.660707473754883
11390,train/episode_length_steps,1212.1585181362116
11390,train/fps,27028.87656356116
11400,train/reward,1.3584097623825073
11400,train/actor_loss,0.010814031586050987
11400,train/critic_loss,0.04353482648730278
11400,train/entropy,-8.662581443786621
11400,train/episode_length_steps,839.499776188048
11400,train/fps,27037.76296406503
11410,train/reward,1.3680164813995361
11410,train/actor_loss,0.014091595076024532
11410,train/critic_loss,0.06588447093963623
11410,train/entropy,-8.649489402770996
11410,train/episode_length_steps,991.9846862364063
11410,train/fps,27047.746937247288
11420,train/reward,1.3641226291656494
11420,train/actor_loss,0.02242635004222393
11420,train/critic_loss,0.04792610928416252
11420,train/entropy,-8.622057914733887
11420,train/episode_length_steps,991.9846862364063
11420,train/fps,27057.879081052142
11430,train/reward,1.3597339391708374
11430,train/actor_loss,0.014417898841202259
11430,train/critic_loss,0.05565737560391426
11430,train/entropy,-8.614933013916016
11430,train/episode_length_steps,727.6479207318547
11430,train/fps,27068.002269410143
11440,train/reward,1.3661010265350342
11440,train/actor_loss,0.012490976601839066
11440,train/critic_loss,0.023328447714447975
11440,train/entropy,-8.642971992492676
11440,train/episode_length_steps,798.5812704616955
11440,train/fps,27076.727268541064
11450,train/reward,1.3652427196502686
11450,train/actor_loss,0.012769842520356178
11450,train/critic_loss,0.020633794367313385
11450,train/entropy,-8.722167015075684
11450,train/episode_length_steps,1128.6557313446654
11450,train/fps,27086.68524689794
11460,train/reward,1.3640797138214111
11460,train/actor_loss,0.013512447476387024
11460,train/critic_loss,0.03089050017297268
11460,train/entropy,-8.779518127441406
11460,train/episode_length_steps,962.8367577976614
11460,train/fps,27096.643549653236
11470,train/reward,1.357677936553955
11470,train/actor_loss,0.018372787162661552
11470,train/critic_loss,0.02158176340162754
11470,train/entropy,-8.819901466369629
11470,train/episode_length_steps,1168.9177465457567
11470,train/fps,27106.842596554914
11480,train/reward,1.3676224946975708
11480,train/actor_loss,0.00958083476871252
11480,train/critic_loss,0.01982780359685421
11480,train/entropy,-8.87519645690918
11480,train/episode_length_steps,779.5822535408565
11480,train/fps,27116.92926295754
11490,train/reward,1.3671947717666626
11490,train/actor_loss,0.010897506959736347
11490,train/critic_loss,0.057173795998096466
11490,train/entropy,-8.91679573059082
11490,train/episode_length_steps,1258.7213161504762
11490,train/fps,27125.705440201145
11500,train/reward,1.3627209663391113
11500,train/actor_loss,0.021123437210917473
11500,train/critic_loss,0.07093455642461777
11500,train/entropy,-8.853959083557129
11500,train/episode_length_steps,761.4662389368028
11500,train/fps,27135.371503075385
11510,train/reward,1.3671133518218994
11510,train/actor_loss,0.014461490325629711
11510,train/critic_loss,0.07986307889223099
11510,train/entropy,-8.84799575805664
11510,train/episode_length_steps,1091.074921898641
11510,train/fps,27144.95405479587
11520,train/reward,1.3656971454620361
11520,train/actor_loss,0.014506201259791851
11520,train/critic_loss,0.05938213691115379
11520,train/entropy,-8.835077285766602
11520,train/episode_length_steps,1168.9177465457567
11520,train/fps,27155.052787972894
11530,train/reward,1.3596301078796387
11530,train/actor_loss,0.016381340101361275
11530,train/critic_loss,0.06184379383921623
11530,train/entropy,-8.829951286315918
11530,train/episode_length_steps,861.5728416085835
11530,train/fps,27165.106801134007
11540,train/reward,1.3666229248046875
11540,train/actor_loss,0.015214848332107067
11540,train/critic_loss,0.019391953945159912
11540,train/entropy,-8.876280784606934
11540,train/episode_length_steps,1055.9161206631647
11540,train/fps,27172.08282592305
11550,train/reward,1.364686369895935
11550,train/actor_loss,0.015523970127105713
11550,train/critic_loss,0.013926624320447445
11550,train/entropy,-8.92309856414795
11550,train/episode_length_steps,935.352867349791
11550,train/fps,27179.289608362276
11560,train/reward,1.362403392791748
11560,train/actor_loss,0.016242798417806625
11560,train/critic_loss,0.07082384079694748
11560,train/entropy,-8.87041187286377
11560,train/episode_length_steps,1055.9161206631647
11560,train/fps,27186.634206336174
11570,train/reward,1.3709821701049805
11570,train/actor_loss,0.016557252034544945
11570,train/critic_loss,0.011116928420960903
11570,train/entropy,-8.931741714477539
11570,train/episode_length_steps,935.352867349791
11570,train/fps,27194.406861880107
11580,train/reward,1.3690160512924194
11580,train/actor_loss,0.010997298173606396
11580,train/critic_loss,0.03991907462477684
11580,train/entropy,-8.983589172363281
11580,train/episode_length_steps,962.8367577976614
11580,train/fps,27201.27769446882
11590,train/reward,1.366023063659668
11590,train/actor_loss,0.021398689597845078
11590,train/critic_loss,0.08310124278068542
11590,train/entropy,-8.979555130004883
11590,train/episode_length_steps,1022.9524966434373
11590,train/fps,27209.793695301283
11600,train/reward,1.3598705530166626
11600,train/actor_loss,0.02690109983086586
11600,train/critic_loss,0.09448029100894928
11600,train/entropy,-8.936445236206055
11600,train/episode_length_steps,1128.6557313446654
11600,train/fps,27217.941188953555
11610,train/reward,1.370400309562683
11610,train/actor_loss,0.014924081042408943
11610,train/critic_loss,0.013321781530976295
11610,train/entropy,-8.901069641113281
11610,train/episode_length_steps,1258.7213161504762
11610,train/fps,27226.641226228894
11620,train/reward,1.3607902526855469
11620,train/actor_loss,0.029078105464577675
11620,train/critic_loss,0.06927033513784409
11620,train/entropy,-8.9065580368042
11620,train/episode_length_steps,935.352867349791
11620,train/fps,27234.0970012982
11630,train/reward,1.357174277305603
11630,train/actor_loss,0.01766304299235344
11630,train/critic_loss,0.05156911537051201
11630,train/entropy,-8.887020111083984
11630,train/episode_length_steps,711.8407478776858
11630,train/fps,27242.571688599935
11640,train/reward,1.3630485534667969
11640,train/actor_loss,0.01363320928066969
11640,train/critic_loss,0.13618677854537964
11640,train/entropy,-8.90052318572998
11640,train/episode_length_steps,1309.004261933798
11640,train/fps,27250.934198851082
11650,train/reward,1.3617382049560547
11650,train/actor_loss,0.010903188958764076
11650,train/critic_loss,0.05301211401820183
11650,train/entropy,-8.921637535095215
11650,train/episode_length_steps,818.5294606658226
11650,train/fps,27260.054670334175
11660,train/reward,1.3638774156570435
11660,train/actor_loss,0.0232533011585474
11660,train/critic_loss,0.03537619113922119
11660,train/entropy,-8.950713157653809
11660,train/episode_length_steps,991.9846862364063
11660,train/fps,27268.72632750621
11670,train/reward,1.3673369884490967
11670,train/actor_loss,0.019290469586849213
11670,train/critic_loss,0.02156626619398594
11670,train/entropy,-8.961745262145996
11670,train/episode_length_steps,935.352867349791
11670,train/fps,27278.625119133358
11680,train/reward,1.365192174911499
11680,train/actor_loss,0.010105269961059093
11680,train/critic_loss,0.05656203255057335
11680,train/entropy,-8.94946575164795
11680,train/episode_length_steps,861.5728416085835
11680,train/fps,27288.585806569637
11690,train/reward,1.3656247854232788
11690,train/actor_loss,0.016446668654680252
11690,train/critic_loss,0.04271373152732849
11690,train/entropy,-8.961058616638184
11690,train/episode_length_steps,839.499776188048
11690,train/fps,27298.31633522013
11700,train/reward,1.371697187423706
11700,train/actor_loss,0.015577542595565319
11700,train/critic_loss,0.032881129533052444
11700,train/entropy,-8.955865859985352
11700,train/episode_length_steps,1168.9177465457567
11700,train/fps,27307.997439133334
11710,train/reward,1.3655979633331299
11710,train/actor_loss,0.01923687756061554
11710,train/critic_loss,0.018774649128317833
11710,train/entropy,-9.00300121307373
11710,train/episode_length_steps,884.8379899660755
11710,train/fps,27316.43504027647
11720,train/reward,1.345345139503479
11720,train/actor_loss,0.01298937201499939
11720,train/critic_loss,2.3736534118652344
11720,train/entropy,-8.973231315612793
11720,train/episode_length_steps,727.6479207318547
11720,train/fps,27326.314631419038
11730,train/reward,1.3571269512176514
11730,train/actor_loss,0.02469485066831112
11730,train/critic_loss,3.6294448375701904
11730,train/entropy,-8.925925254821777
11730,train/episode_length_steps,798.5812704616955
11730,train/fps,27336.249962907284
11740,train/reward,1.3695032596588135
11740,train/actor_loss,0.015672046691179276
11740,train/critic_loss,1.6856021881103516
11740,train/entropy,-8.909420013427734
11740,train/episode_length_steps,1168.9177465457567
11740,train/fps,27346.06100768908
11750,train/reward,1.3601534366607666
11750,train/actor_loss,0.014120361767709255
11750,train/critic_loss,1.7929729223251343
11750,train/entropy,-8.88653564453125
11750,train/episode_length_steps,696.70575204079
11750,train/fps,27354.312721797807
11760,train/reward,1.3531036376953125
11760,train/actor_loss,0.020094918087124825
11760,train/critic_loss,6.706459045410156
11760,train/entropy,-8.84599781036377
11760,train/episode_length_steps,761.4662389368028
11760,train/fps,27363.815905276708
11770,train/reward,1.3651942014694214
11770,train/actor_loss,0.029693329706788063
11770,train/critic_loss,6.8997650146484375
11770,train/entropy,-8.855135917663574
11770,train/episode_length_steps,909.3944711658012
11770,train/fps,27373.663500744005
11780,train/reward,1.3600549697875977
11780,train/actor_loss,0.015849752351641655
11780,train/critic_loss,5.160438060760498
11780,train/entropy,-8.829609870910645
11780,train/episode_length_steps,1128.6557313446654
11780,train/fps,27383.497565747028
11790,train/reward,1.3538166284561157
11790,train/actor_loss,0.021307948976755142
11790,train/critic_loss,2.4733030796051025
11790,train/entropy,-8.797340393066406
11790,train/episode_length_steps,884.8379899660755
11790,train/fps,27393.156368133165
11800,train/reward,1.363439679145813
11800,train/actor_loss,0.03745746612548828
11800,train/critic_loss,3.2504889965057373
11800,train/entropy,-8.776802062988281
11800,train/episode_length_steps,884.8379899660755
11800,train/fps,27401.338971190904
11810,train/reward,1.361985206604004
11810,train/actor_loss,0.013861027546226978
11810,train/critic_loss,2.0767838954925537
11810,train/entropy,-8.736837387084961
11810,train/episode_length_steps,818.5294606658226
11810,train/fps,27411.086009893876
11820,train/reward,1.356360912322998
11820,train/actor_loss,0.047008950263261795
11820,train/critic_loss,1.5959854125976562
11820,train/entropy,-8.753364562988281
11820,train/episode_length_steps,696.70575204079
11820,train/fps,27420.93214673062
11830,train/reward,1.366080641746521
11830,train/actor_loss,0.015088135376572609
11830,train/critic_loss,2.2157554626464844
11830,train/entropy,-8.741765975952148
11830,train/episode_length_steps,935.352867349791
11830,train/fps,27430.871353014587
11840,train/reward,1.3705096244812012
11840,train/actor_loss,0.018920516595244408
11840,train/critic_loss,0.9103914499282837
11840,train/entropy,-8.720369338989258
11840,train/episode_length_steps,962.8367577976614
11840,train/fps,27440.61138591192
11850,train/reward,1.3523727655410767
11850,train/actor_loss,0.012740719132125378
11850,train/critic_loss,0.359959214925766
11850,train/entropy,-8.676531791687012
11850,train/episode_length_steps,711.8407478776858
11850,train/fps,27448.559112052844
11860,train/reward,1.3671998977661133
11860,train/actor_loss,0.029490917921066284
11860,train/critic_loss,0.29993999004364014
11860,train/entropy,-8.632369041442871
11860,train/episode_length_steps,1363.4717399177655
11860,train/fps,27458.20440437981
11870,train/reward,1.3675568103790283
11870,train/actor_loss,0.021468833088874817
11870,train/critic_loss,0.26822754740715027
11870,train/entropy,-8.59238338470459
11870,train/episode_length_steps,1168.9177465457567
11870,train/fps,27467.914346532543
11880,train/reward,1.3584637641906738
11880,train/actor_loss,0.013425360433757305
11880,train/critic_loss,0.20759932696819305
11880,train/entropy,-8.535654067993164
11880,train/episode_length_steps,711.8407478776858
11880,train/fps,27477.58990476533
11890,train/reward,1.3633930683135986
11890,train/actor_loss,0.01235884614288807
11890,train/critic_loss,0.3854394853115082
11890,train/entropy,-8.57395076751709
11890,train/episode_length_steps,1055.9161206631647
11890,train/fps,27485.846997745255
11900,train/reward,1.3658533096313477
11900,train/actor_loss,0.016545524820685387
11900,train/critic_loss,0.25786736607551575
11900,train/entropy,-8.536554336547852
11900,train/episode_length_steps,1091.074921898641
11900,train/fps,27495.413531996575
11910,train/reward,1.3596668243408203
11910,train/actor_loss,0.008263536728918552
11910,train/critic_loss,0.23411643505096436
11910,train/entropy,-8.539477348327637
11910,train/episode_length_steps,909.3944711658012
11910,train/fps,27504.990599778677
11920,train/reward,1.3639450073242188
11920,train/actor_loss,0.017562314867973328
11920,train/critic_loss,0.219399556517601
11920,train/entropy,-8.489810943603516
11920,train/episode_length_steps,1055.9161206631647
11920,train/fps,27514.524378226084
11930,train/reward,1.3608697652816772
11930,train/actor_loss,0.021754154935479164
11930,train/critic_loss,0.23884113132953644
11930,train/entropy,-8.44486141204834
11930,train/episode_length_steps,1022.9524966434373
11930,train/fps,27523.946697061587
11940,train/reward,1.3569574356079102
11940,train/actor_loss,0.01888992078602314
11940,train/critic_loss,4.741758346557617
11940,train/entropy,-8.426159858703613
11940,train/episode_length_steps,682.2009508175753
11940,train/fps,27531.872797904118
11950,train/reward,1.3608293533325195
11950,train/actor_loss,0.01729426719248295
11950,train/critic_loss,2.685166120529175
11950,train/entropy,-8.369338035583496
11950,train/episode_length_steps,1557.9499569433751
11950,train/fps,27541.418697314937
11960,train/reward,1.3591816425323486
11960,train/actor_loss,0.01857289858162403
11960,train/critic_loss,0.8351091742515564
11960,train/entropy,-8.377948760986328
11960,train/episode_length_steps,1212.1585181362116
11960,train/fps,27551.092549931636
11970,train/reward,1.3596198558807373
11970,train/actor_loss,0.019826268777251244
11970,train/critic_loss,1.8512012958526611
11970,train/entropy,-8.342989921569824
11970,train/episode_length_steps,761.4662389368028
11970,train/fps,27560.686284392334
11980,train/reward,1.334432601928711
11980,train/actor_loss,0.024311644956469536
11980,train/critic_loss,4.642370223999023
11980,train/entropy,-8.310467720031738
11980,train/episode_length_steps,606.4468139037408
11980,train/fps,27568.78392687163
11990,train/reward,1.3263232707977295
11990,train/actor_loss,0.016548430547118187
11990,train/critic_loss,16.653322219848633
11990,train/entropy,-8.258511543273926
11990,train/episode_length_steps,442.61481618517894
11990,train/fps,27578.045896712
12000,train/reward,1.3365411758422852
12000,train/actor_loss,0.019088678061962128
12000,train/critic_loss,17.289958953857422
12000,train/entropy,-8.250368118286133
12000,train/episode_length_steps,564.6465114329891
12000,train/fps,27587.098496637653
12000,eval/med_figure8_normal,0.23956531286239624
12010,train/reward,1.3389053344726562
12010,train/actor_loss,0.0238890890032053
12010,train/critic_loss,13.264113426208496
12010,train/entropy,-8.265166282653809
12010,train/episode_length_steps,654.9307845610301
12010,train/fps,27269.044132273986
12020,train/reward,1.3494398593902588
12020,train/actor_loss,0.019351309165358543
12020,train/critic_loss,11.544859886169434
12020,train/entropy,-8.256930351257324
12020,train/episode_length_steps,1055.9161206631647
12020,train/fps,27277.25022897033
12030,train/reward,1.3489201068878174
12030,train/actor_loss,0.02626204304397106
12030,train/critic_loss,9.675087928771973
12030,train/entropy,-8.26708984375
12030,train/episode_length_steps,617.8821365688474
12030,train/fps,27286.882131014874
12040,train/reward,1.3562583923339844
12040,train/actor_loss,0.0178638007491827
12040,train/critic_loss,7.383018493652344
12040,train/entropy,-8.275392532348633
12040,train/episode_length_steps,861.5728416085835
12040,train/fps,27296.318514353956
12050,train/reward,1.3541231155395508
12050,train/actor_loss,0.01680360548198223
12050,train/critic_loss,3.035071611404419
12050,train/entropy,-8.266630172729492
12050,train/episode_length_steps,798.5812704616955
12050,train/fps,27305.959010926093
12060,train/reward,1.3517409563064575
12060,train/actor_loss,0.020744940266013145
12060,train/critic_loss,2.620255470275879
12060,train/entropy,-8.219450950622559
12060,train/episode_length_steps,884.8379899660755
12060,train/fps,27315.5019955313
12070,train/reward,1.354430913925171
12070,train/actor_loss,0.015145431272685528
12070,train/critic_loss,1.5169867277145386
12070,train/entropy,-8.213504791259766
12070,train/episode_length_steps,935.352867349791
12070,train/fps,27323.7389053482
12080,train/reward,1.3641639947891235
12080,train/actor_loss,0.017318177968263626
12080,train/critic_loss,0.7746500372886658
12080,train/entropy,-8.213122367858887
12080,train/episode_length_steps,1422.6687821455068
12080,train/fps,27333.157187331664
12090,train/reward,1.363388180732727
12090,train/actor_loss,0.016090821474790573
12090,train/critic_loss,0.2678055465221405
12090,train/entropy,-8.202120780944824
12090,train/episode_length_steps,861.5728416085835
12090,train/fps,27342.787912269465
12100,train/reward,1.3619537353515625
12100,train/actor_loss,0.014170506969094276
12100,train/critic_loss,0.18742023408412933
12100,train/entropy,-8.150201797485352
12100,train/episode_length_steps,1022.9524966434373
12100,train/fps,27352.124725812515
12110,train/reward,1.3584843873977661
12110,train/actor_loss,0.012484962120652199
12110,train/critic_loss,0.17918358743190765
12110,train/entropy,-8.167094230651855
12110,train/episode_length_steps,861.5728416085835
12110,train/fps,27360.355588141963
12120,train/reward,1.3620307445526123
12120,train/actor_loss,0.011776089668273926
12120,train/critic_loss,0.10368072241544724
12120,train/entropy,-8.198805809020996
12120,train/episode_length_steps,909.3944711658012
12120,train/fps,27369.89811371467
12130,train/reward,1.365760087966919
12130,train/actor_loss,0.016098331660032272
12130,train/critic_loss,0.09769365936517715
12130,train/entropy,-8.226550102233887
12130,train/episode_length_steps,1309.004261933798
12130,train/fps,27377.23464149198
12140,train/reward,1.3602572679519653
12140,train/actor_loss,0.013656350784003735
12140,train/critic_loss,0.1961296647787094
12140,train/entropy,-8.214568138122559
12140,train/episode_length_steps,962.8367577976614
12140,train/fps,27379.77608855824
12150,train/reward,1.3622925281524658
12150,train/actor_loss,0.012074748054146767
12150,train/critic_loss,0.14008204638957977
12150,train/entropy,-8.252537727355957
12150,train/episode_length_steps,1168.9177465457567
12150,train/fps,27387.78441755656
12160,train/reward,1.3582899570465088
12160,train/actor_loss,0.012710449285805225
12160,train/critic_loss,0.11661185324192047
12160,train/entropy,-8.28868579864502
12160,train/episode_length_steps,909.3944711658012
12160,train/fps,27396.193585379846
12170,train/reward,1.356673240661621
12170,train/actor_loss,0.0140362698584795
12170,train/critic_loss,0.07334335893392563
12170,train/entropy,-8.348383903503418
12170,train/episode_length_steps,1022.9524966434373
12170,train/fps,27405.347426192006
12180,train/reward,1.3556684255599976
12180,train/actor_loss,0.011058459989726543
12180,train/critic_loss,0.14589057862758636
12180,train/entropy,-8.35128116607666
12180,train/episode_length_steps,1168.9177465457567
12180,train/fps,27414.785736652804
12190,train/reward,1.3635320663452148
12190,train/actor_loss,0.013476276770234108
12190,train/critic_loss,0.15477198362350464
12190,train/entropy,-8.327425956726074
12190,train/episode_length_steps,935.352867349791
12190,train/fps,27424.14517109846
12200,train/reward,1.36012601852417
12200,train/actor_loss,0.020269323140382767
12200,train/critic_loss,0.12969408929347992
12200,train/entropy,-8.34288215637207
12200,train/episode_length_steps,584.8006652107567
12200,train/fps,27432.230760065595
12210,train/reward,1.360457420349121
12210,train/actor_loss,0.013903560116887093
12210,train/critic_loss,0.16462232172489166
12210,train/entropy,-8.385558128356934
12210,train/episode_length_steps,861.5728416085835
12210,train/fps,27441.39959687194
12220,train/reward,1.3623939752578735
12220,train/actor_loss,0.018015623092651367
12220,train/critic_loss,0.12655794620513916
12220,train/entropy,-8.389114379882812
12220,train/episode_length_steps,1168.9177465457567
12220,train/fps,27450.73006235337
12230,train/reward,1.363603115081787
12230,train/actor_loss,0.016438622027635574
12230,train/critic_loss,0.10737456381320953
12230,train/entropy,-8.445855140686035
12230,train/episode_length_steps,1055.9161206631647
12230,train/fps,27460.16899916825
12240,train/reward,1.3639740943908691
12240,train/actor_loss,0.012200970202684402
12240,train/critic_loss,0.046538300812244415
12240,train/entropy,-8.451102256774902
12240,train/episode_length_steps,1128.6557313446654
12240,train/fps,27468.2629598586
12250,train/reward,1.3565189838409424
12250,train/actor_loss,0.011847006157040596
12250,train/critic_loss,0.15053540468215942
12250,train/entropy,-8.489578247070312
12250,train/episode_length_steps,909.3944711658012
12250,train/fps,27477.57348021882
12260,train/reward,1.3652838468551636
12260,train/actor_loss,0.01107484009116888
12260,train/critic_loss,0.19972474873065948
12260,train/entropy,-8.498509407043457
12260,train/episode_length_steps,1212.1585181362116
12260,train/fps,27486.858927320627
12270,train/reward,1.3558679819107056
12270,train/actor_loss,0.012162979692220688
12270,train/critic_loss,0.14032123982906342
12270,train/entropy,-8.470908164978027
12270,train/episode_length_steps,1212.1585181362116
12270,train/fps,27496.215484631743
12280,train/reward,1.3553953170776367
12280,train/actor_loss,0.013127617537975311
12280,train/critic_loss,0.17931751906871796
12280,train/entropy,-8.449617385864258
12280,train/episode_length_steps,744.1730667488358
12280,train/fps,27505.546459259152
12290,train/reward,1.36344575881958
12290,train/actor_loss,0.017265455797314644
12290,train/critic_loss,0.20374558866024017
12290,train/entropy,-8.42164134979248
12290,train/episode_length_steps,1128.6557313446654
12290,train/fps,27511.745220879362
12300,train/reward,1.3616070747375488
12300,train/actor_loss,0.013234041631221771
12300,train/critic_loss,0.3052487373352051
12300,train/entropy,-8.404048919677734
12300,train/episode_length_steps,839.499776188048
12300,train/fps,27518.64186191195
12310,train/reward,1.3621726036071777
12310,train/actor_loss,0.012339971028268337
12310,train/critic_loss,0.2459665983915329
12310,train/entropy,-8.407333374023438
12310,train/episode_length_steps,935.352867349791
12310,train/fps,27525.256624902424
12320,train/reward,1.3636935949325562
12320,train/actor_loss,0.010313732549548149
12320,train/critic_loss,0.1639001965522766
12320,train/entropy,-8.44233226776123
12320,train/episode_length_steps,935.352867349791
12320,train/fps,27531.93385664455
12330,train/reward,1.367405652999878
12330,train/actor_loss,0.015608442015945911
12330,train/critic_loss,0.15128971636295319
12330,train/entropy,-8.430276870727539
12330,train/episode_length_steps,1258.7213161504762
12330,train/fps,27538.37116685547
12340,train/reward,1.359938621520996
12340,train/actor_loss,0.0110798804089427
12340,train/critic_loss,0.06663119792938232
12340,train/entropy,-8.413675308227539
12340,train/episode_length_steps,861.5728416085835
12340,train/fps,27545.980095032843
12350,train/reward,1.3667774200439453
12350,train/actor_loss,0.013902372680604458
12350,train/critic_loss,0.03311767801642418
12350,train/entropy,-8.401479721069336
12350,train/episode_length_steps,1022.9524966434373
12350,train/fps,27553.668215623733
12360,train/reward,1.3635116815567017
12360,train/actor_loss,0.011538105085492134
12360,train/critic_loss,0.05985821411013603
12360,train/entropy,-8.446501731872559
12360,train/episode_length_steps,962.8367577976614
12360,train/fps,27561.820455353158
12370,train/reward,1.3562781810760498
12370,train/actor_loss,0.01380795519798994
12370,train/critic_loss,0.14050443470478058
12370,train/entropy,-8.437644004821777
12370,train/episode_length_steps,935.352867349791
12370,train/fps,27567.917678560276
12380,train/reward,1.3641107082366943
12380,train/actor_loss,0.014457836747169495
12380,train/critic_loss,0.08202236145734787
12380,train/entropy,-8.417485237121582
12380,train/episode_length_steps,1128.6557313446654
12380,train/fps,27576.272153763282
12390,train/reward,1.360781192779541
12390,train/actor_loss,0.0152061702683568
12390,train/critic_loss,0.23333270847797394
12390,train/entropy,-8.386713027954102
12390,train/episode_length_steps,1022.9524966434373
12390,train/fps,27583.70103092925
12400,train/reward,1.3594160079956055
12400,train/actor_loss,0.01135276723653078
12400,train/critic_loss,0.05886250361800194
12400,train/entropy,-8.360819816589355
12400,train/episode_length_steps,1168.9177465457567
12400,train/fps,27592.665321289933
12410,train/reward,1.3572664260864258
12410,train/actor_loss,0.016595324501395226
12410,train/critic_loss,0.0979088768362999
12410,train/entropy,-8.322773933410645
12410,train/episode_length_steps,884.8379899660755
12410,train/fps,27600.64383016657
12420,train/reward,1.3527443408966064
12420,train/actor_loss,0.011946332640945911
12420,train/critic_loss,0.05245889350771904
12420,train/entropy,-8.314163208007812
12420,train/episode_length_steps,884.8379899660755
12420,train/fps,27609.855338592686
12430,train/reward,1.354954481124878
12430,train/actor_loss,0.01271845679730177
12430,train/critic_loss,0.10179108381271362
12430,train/entropy,-8.345428466796875
12430,train/episode_length_steps,1055.9161206631647
12430,train/fps,27618.941242936817
12440,train/reward,1.3603414297103882
12440,train/actor_loss,0.016354812309145927
12440,train/critic_loss,0.09152790158987045
12440,train/entropy,-8.365522384643555
12440,train/episode_length_steps,991.9846862364063
12440,train/fps,27627.91755667209
12450,train/reward,1.3560841083526611
12450,train/actor_loss,0.010417094454169273
12450,train/critic_loss,0.05677051469683647
12450,train/entropy,-8.390103340148926
12450,train/episode_length_steps,595.4270735573396
12450,train/fps,27636.99168267356
12460,train/reward,1.3594660758972168
12460,train/actor_loss,0.010736176744103432
12460,train/critic_loss,0.13325642049312592
12460,train/entropy,-8.418174743652344
12460,train/episode_length_steps,761.4662389368028
12460,train/fps,27644.819534866372
12470,train/reward,1.357230305671692
12470,train/actor_loss,0.014826695434749126
12470,train/critic_loss,0.03924563527107239
12470,train/entropy,-8.453301429748535
12470,train/episode_length_steps,1055.9161206631647
12470,train/fps,27653.913021704946
12480,train/reward,1.3600108623504639
12480,train/actor_loss,0.020073847845196724
12480,train/critic_loss,0.09872210770845413
12480,train/entropy,-8.408976554870605
12480,train/episode_length_steps,1309.004261933798
12480,train/fps,27662.942344282943
12490,train/reward,1.357757329940796
12490,train/actor_loss,0.00951053574681282
12490,train/critic_loss,0.1247791200876236
12490,train/entropy,-8.430899620056152
12490,train/episode_length_steps,991.9846862364063
12490,train/fps,27671.97456756993
12500,train/reward,1.3498567342758179
12500,train/actor_loss,0.008987774141132832
12500,train/critic_loss,0.15648740530014038
12500,train/entropy,-8.454141616821289
12500,train/episode_length_steps,818.5294606658226
12500,train/fps,27681.091143075206
12510,train/reward,1.3631837368011475
12510,train/actor_loss,0.010494362562894821
12510,train/critic_loss,0.1302727311849594
12510,train/entropy,-8.4454927444458
12510,train/episode_length_steps,1128.6557313446654
12510,train/fps,27688.55018204716
12520,train/reward,1.355999231338501
12520,train/actor_loss,0.013727120123803616
12520,train/critic_loss,0.05295560881495476
12520,train/entropy,-8.444750785827637
12520,train/episode_length_steps,1091.074921898641
12520,train/fps,27697.61075282973
12530,train/reward,1.3537393808364868
12530,train/actor_loss,0.021612344309687614
12530,train/critic_loss,0.18355540931224823
12530,train/entropy,-8.438265800476074
12530,train/episode_length_steps,818.5294606658226
12530,train/fps,27706.73827735457
12540,train/reward,1.3579518795013428
12540,train/actor_loss,0.012260223738849163
12540,train/critic_loss,0.13446061313152313
12540,train/entropy,-8.418233871459961
12540,train/episode_length_steps,1309.004261933798
12540,train/fps,27715.69703421083
12550,train/reward,1.3636573553085327
12550,train/actor_loss,0.014608129858970642
12550,train/critic_loss,0.048044849187135696
12550,train/entropy,-8.410574913024902
12550,train/episode_length_steps,909.3944711658012
12550,train/fps,27723.16523375338
12560,train/reward,1.361251711845398
12560,train/actor_loss,0.011951982975006104
12560,train/critic_loss,0.16270402073860168
12560,train/entropy,-8.405577659606934
12560,train/episode_length_steps,935.352867349791
12560,train/fps,27731.989532590538
12570,train/reward,1.3562781810760498
12570,train/actor_loss,0.011373914778232574
12570,train/critic_loss,0.11809276789426804
12570,train/entropy,-8.393386840820312
12570,train/episode_length_steps,1022.9524966434373
12570,train/fps,27740.937451335878
12580,train/reward,1.361357569694519
12580,train/actor_loss,0.013118425384163857
12580,train/critic_loss,0.12261390686035156
12580,train/entropy,-8.399051666259766
12580,train/episode_length_steps,1309.004261933798
12580,train/fps,27749.83916535778
12590,train/reward,1.3591687679290771
12590,train/actor_loss,0.01624271832406521
12590,train/critic_loss,0.24571262300014496
12590,train/entropy,-8.37765884399414
12590,train/episode_length_steps,884.8379899660755
12590,train/fps,27758.824581494795
12600,train/reward,1.3563133478164673
12600,train/actor_loss,0.016450878232717514
12600,train/critic_loss,0.13420848548412323
12600,train/entropy,-8.374701499938965
12600,train/episode_length_steps,839.499776188048
12600,train/fps,27766.6769821392
12610,train/reward,1.3515379428863525
12610,train/actor_loss,0.011752674356102943
12610,train/critic_loss,0.21937380731105804
12610,train/entropy,-8.379886627197266
12610,train/episode_length_steps,935.352867349791
12610,train/fps,27775.509942511337
12620,train/reward,1.3590538501739502
12620,train/actor_loss,0.012182964943349361
12620,train/critic_loss,0.4043717384338379
12620,train/entropy,-8.36779499053955
12620,train/episode_length_steps,1022.9524966434373
12620,train/fps,27784.33119208389
12630,train/reward,1.3623640537261963
12630,train/actor_loss,0.012531563639640808
12630,train/critic_loss,0.08926618844270706
12630,train/entropy,-8.349886894226074
12630,train/episode_length_steps,1091.074921898641
12630,train/fps,27793.06123391622
12640,train/reward,1.3587634563446045
12640,train/actor_loss,0.0162747111171484
12640,train/critic_loss,0.2921404540538788
12640,train/entropy,-8.338701248168945
12640,train/episode_length_steps,884.8379899660755
12640,train/fps,27800.715755918696
12650,train/reward,1.3563029766082764
12650,train/actor_loss,0.012847025878727436
12650,train/critic_loss,0.06444268673658371
12650,train/entropy,-8.372366905212402
12650,train/episode_length_steps,1055.9161206631647
12650,train/fps,27809.585093678867
12660,train/reward,1.365518569946289
12660,train/actor_loss,0.011815008707344532
12660,train/critic_loss,0.11017918586730957
12660,train/entropy,-8.364888191223145
12660,train/episode_length_steps,861.5728416085835
12660,train/fps,27818.466349206134
12670,train/reward,1.35296630859375
12670,train/actor_loss,0.011394214816391468
12670,train/critic_loss,0.17534808814525604
12670,train/entropy,-8.356162071228027
12670,train/episode_length_steps,1022.9524966434373
12670,train/fps,27827.438805098802
12680,train/reward,1.346620798110962
12680,train/actor_loss,0.00983163621276617
12680,train/critic_loss,0.08962102979421616
12680,train/entropy,-8.33322811126709
12680,train/episode_length_steps,861.5728416085835
12680,train/fps,27836.307895438014
12690,train/reward,1.361548900604248
12690,train/actor_loss,0.012203515507280827
12690,train/critic_loss,0.12873782217502594
12690,train/entropy,-8.270946502685547
12690,train/episode_length_steps,1022.9524966434373
12690,train/fps,27843.731988536714
12700,train/reward,1.3608436584472656
12700,train/actor_loss,0.011063649319112301
12700,train/critic_loss,0.512133777141571
12700,train/entropy,-8.277714729309082
12700,train/episode_length_steps,595.4270735573396
12700,train/fps,27852.579226222017
12710,train/reward,1.3512539863586426
12710,train/actor_loss,0.011517818085849285
12710,train/critic_loss,0.2383880615234375
12710,train/entropy,-8.268516540527344
12710,train/episode_length_steps,711.8407478776858
12710,train/fps,27861.46956813627
12720,train/reward,1.3589884042739868
12720,train/actor_loss,0.011436809785664082
12720,train/critic_loss,0.09345041215419769
12720,train/entropy,-8.288522720336914
12720,train/episode_length_steps,962.8367577976614
12720,train/fps,27870.395063311513
12730,train/reward,1.3578581809997559
12730,train/actor_loss,0.01767451874911785
12730,train/critic_loss,0.11188258230686188
12730,train/entropy,-8.275179862976074
12730,train/episode_length_steps,1422.6687821455068
12730,train/fps,27879.317529036784
12740,train/reward,1.361659049987793
12740,train/actor_loss,0.013167462311685085
12740,train/critic_loss,0.15928082168102264
12740,train/entropy,-8.274917602539062
12740,train/episode_length_steps,1091.074921898641
12740,train/fps,27887.00321370453
12750,train/reward,1.3516494035720825
12750,train/actor_loss,0.012203442864120007
12750,train/critic_loss,0.1194644570350647
12750,train/entropy,-8.258261680603027
12750,train/episode_length_steps,861.5728416085835
12750,train/fps,27895.626654150154
12760,train/reward,1.360039234161377
12760,train/actor_loss,0.00869983620941639
12760,train/critic_loss,0.09341739863157272
12760,train/entropy,-8.273043632507324
12760,train/episode_length_steps,962.8367577976614
12760,train/fps,27904.396191737607
12770,train/reward,1.3574204444885254
12770,train/actor_loss,0.015244401060044765
12770,train/critic_loss,0.119961217045784
12770,train/entropy,-8.233070373535156
12770,train/episode_length_steps,909.3944711658012
12770,train/fps,27913.23714230407
12780,train/reward,1.3560142517089844
12780,train/actor_loss,0.008827711455523968
12780,train/critic_loss,0.0698663517832756
12780,train/entropy,-8.232233047485352
12780,train/episode_length_steps,839.499776188048
12780,train/fps,27917.96455846494
12790,train/reward,1.3623125553131104
12790,train/actor_loss,0.013113907538354397
12790,train/critic_loss,0.07236108183860779
12790,train/entropy,-8.189973831176758
12790,train/episode_length_steps,1721.6623456976936
12790,train/fps,27924.201250662263
12800,train/reward,1.3611540794372559
12800,train/actor_loss,0.012495639733970165
12800,train/critic_loss,0.14425010979175568
12800,train/entropy,-8.192992210388184
12800,train/episode_length_steps,884.8379899660755
12800,train/fps,27929.94470183336
12810,train/reward,1.3507399559020996
12810,train/actor_loss,0.007983068004250526
12810,train/critic_loss,0.15904508531093597
12810,train/entropy,-8.167532920837402
12810,train/episode_length_steps,839.499776188048
12810,train/fps,27936.720383695338
12820,train/reward,1.3505983352661133
12820,train/actor_loss,0.01370683591812849
12820,train/critic_loss,0.20569725334644318
12820,train/entropy,-8.155131340026855
12820,train/episode_length_steps,962.8367577976614
12820,train/fps,27942.588575237536
12830,train/reward,1.3560810089111328
12830,train/actor_loss,0.013677388429641724
12830,train/critic_loss,0.07740796357393265
12830,train/entropy,-8.090896606445312
12830,train/episode_length_steps,1022.9524966434373
12830,train/fps,27949.807538333527
12840,train/reward,1.3555281162261963
12840,train/actor_loss,0.011340352706611156
12840,train/critic_loss,0.25032007694244385
12840,train/entropy,-8.091180801391602
12840,train/episode_length_steps,861.5728416085835
12840,train/fps,27957.058216374742
12850,train/reward,1.3574334383010864
12850,train/actor_loss,0.011296959593892097
12850,train/critic_loss,0.08732842653989792
12850,train/entropy,-8.085833549499512
12850,train/episode_length_steps,761.4662389368028
12850,train/fps,27964.434686615397
12860,train/reward,1.3523848056793213
12860,train/actor_loss,0.010328530333936214
12860,train/critic_loss,0.2054581195116043
12860,train/entropy,-8.097198486328125
12860,train/episode_length_steps,909.3944711658012
12860,train/fps,27969.773635914742
12870,train/reward,1.3532171249389648
12870,train/actor_loss,0.008485673926770687
12870,train/critic_loss,0.1293889731168747
12870,train/entropy,-8.108430862426758
12870,train/episode_length_steps,884.8379899660755
12870,train/fps,27976.482985405088
12880,train/reward,1.3600726127624512
12880,train/actor_loss,0.011193586513400078
12880,train/critic_loss,0.12934119999408722
12880,train/entropy,-8.144370079040527
12880,train/episode_length_steps,962.8367577976614
12880,train/fps,27983.47166143377
12890,train/reward,1.362213134765625
12890,train/actor_loss,0.013178526423871517
12890,train/critic_loss,0.15293313562870026
12890,train/entropy,-8.103561401367188
12890,train/episode_length_steps,818.5294606658226
12890,train/fps,27992.11655187107
12900,train/reward,1.3537883758544922
12900,train/actor_loss,0.010575992986559868
12900,train/critic_loss,0.21990428864955902
12900,train/entropy,-8.114827156066895
12900,train/episode_length_steps,909.3944711658012
12900,train/fps,27999.366674520967
12910,train/reward,1.362430214881897
12910,train/actor_loss,0.008849871344864368
12910,train/critic_loss,0.07406534999608994
12910,train/entropy,-8.129918098449707
12910,train/episode_length_steps,884.8379899660755
12910,train/fps,28007.966640628358
12920,train/reward,1.3571053743362427
12920,train/actor_loss,0.012352271936833858
12920,train/critic_loss,0.15948240458965302
12920,train/entropy,-8.124748229980469
12920,train/episode_length_steps,1128.6557313446654
12920,train/fps,28016.755687710105
12930,train/reward,1.3589012622833252
12930,train/actor_loss,0.01048715878278017
12930,train/critic_loss,0.10941480845212936
12930,train/entropy,-8.151062965393066
12930,train/episode_length_steps,884.8379899660755
12930,train/fps,28025.30759082192
12940,train/reward,1.3638899326324463
12940,train/actor_loss,0.009231964126229286
12940,train/critic_loss,0.05067376419901848
12940,train/entropy,-8.203320503234863
12940,train/episode_length_steps,1309.004261933798
12940,train/fps,28033.925256734747
12950,train/reward,1.3657746315002441
12950,train/actor_loss,0.010154706425964832
12950,train/critic_loss,0.07607121020555496
12950,train/entropy,-8.23804759979248
12950,train/episode_length_steps,696.70575204079
12950,train/fps,28041.131368521514
12960,train/reward,1.3620357513427734
12960,train/actor_loss,0.010840408504009247
12960,train/critic_loss,0.060974009335041046
12960,train/entropy,-8.246102333068848
12960,train/episode_length_steps,761.4662389368028
12960,train/fps,28049.66767674219
12970,train/reward,1.36065673828125
12970,train/actor_loss,0.01601872220635414
12970,train/critic_loss,0.08606978505849838
12970,train/entropy,-8.253904342651367
12970,train/episode_length_steps,1055.9161206631647
12970,train/fps,28058.35276607727
12980,train/reward,1.3624334335327148
12980,train/actor_loss,0.012570472434163094
12980,train/critic_loss,0.16912081837654114
12980,train/entropy,-8.232643127441406
12980,train/episode_length_steps,1487.2393700146981
12980,train/fps,28067.11633320372
12990,train/reward,1.3599509000778198
12990,train/actor_loss,0.011916610412299633
12990,train/critic_loss,0.2799868881702423
12990,train/entropy,-8.21749210357666
12990,train/episode_length_steps,1309.004261933798
12990,train/fps,28074.45999790175
13000,train/reward,1.360247254371643
13000,train/actor_loss,0.013598427176475525
13000,train/critic_loss,0.1065942570567131
13000,train/entropy,-8.214106559753418
13000,train/episode_length_steps,861.5728416085835
13000,train/fps,28082.845019184337
13000,eval/med_figure8_normal,0.11871267855167389
13010,train/reward,1.3696935176849365
13010,train/actor_loss,0.009954044595360756
13010,train/critic_loss,0.054335493594408035
13010,train/entropy,-8.230963706970215
13010,train/episode_length_steps,1168.9177465457567
13010,train/fps,27155.822003413727
13020,train/reward,1.3549437522888184
13020,train/actor_loss,0.010511089116334915
13020,train/critic_loss,0.13060785830020905
13020,train/entropy,-8.246587753295898
13020,train/episode_length_steps,909.3944711658012
13020,train/fps,27164.580708863865
13030,train/reward,1.359105110168457
13030,train/actor_loss,0.011251642368733883
13030,train/critic_loss,0.04093779996037483
13030,train/entropy,-8.24652099609375
13030,train/episode_length_steps,935.352867349791
13030,train/fps,27172.619809501477
13040,train/reward,1.3671369552612305
13040,train/actor_loss,0.011471571400761604
13040,train/critic_loss,0.12888894975185394
13040,train/entropy,-8.255071640014648
13040,train/episode_length_steps,2043.814268378361
13040,train/fps,27177.669734930398
13050,train/reward,1.3629672527313232
13050,train/actor_loss,0.012568815611302853
13050,train/critic_loss,0.17187164723873138
13050,train/entropy,-8.2587251663208
13050,train/episode_length_steps,727.6479207318547
13050,train/fps,27184.176789692952
13060,train/reward,1.3571501970291138
13060,train/actor_loss,0.012369208969175816
13060,train/critic_loss,0.17192870378494263
13060,train/entropy,-8.255411148071289
13060,train/episode_length_steps,818.5294606658226
13060,train/fps,27190.378442448484
13070,train/reward,1.3580905199050903
13070,train/actor_loss,0.017179202288389206
13070,train/critic_loss,0.09749169647693634
13070,train/entropy,-8.251248359680176
13070,train/episode_length_steps,1212.1585181362116
13070,train/fps,27197.589395125524
13080,train/reward,1.3646559715270996
13080,train/actor_loss,0.013568374328315258
13080,train/critic_loss,0.14131511747837067
13080,train/entropy,-8.22126293182373
13080,train/episode_length_steps,1055.9161206631647
13080,train/fps,27203.638716595717
13090,train/reward,1.36143958568573
13090,train/actor_loss,0.010138623416423798
13090,train/critic_loss,0.13493509590625763
13090,train/entropy,-8.188529014587402
13090,train/episode_length_steps,884.8379899660755
13090,train/fps,27211.018063482188
13100,train/reward,1.3569533824920654
13100,train/actor_loss,0.010465740226209164
13100,train/critic_loss,0.18337573111057281
13100,train/entropy,-8.20666790008545
13100,train/episode_length_steps,991.9846862364063
13100,train/fps,27218.427751006773
13110,train/reward,1.3611029386520386
13110,train/actor_loss,0.01262076385319233
13110,train/critic_loss,0.11298737674951553
13110,train/entropy,-8.208106994628906
13110,train/episode_length_steps,1022.9524966434373
13110,train/fps,27226.41274994151
13120,train/reward,1.355769157409668
13120,train/actor_loss,0.018451357260346413
13120,train/critic_loss,0.2104053497314453
13120,train/entropy,-8.20150375366211
13120,train/episode_length_steps,884.8379899660755
13120,train/fps,27231.886068165586
13130,train/reward,1.3581507205963135
13130,train/actor_loss,0.012065084651112556
13130,train/critic_loss,0.10354884713888168
13130,train/entropy,-8.183019638061523
13130,train/episode_length_steps,909.3944711658012
13130,train/fps,27239.668317101292
13140,train/reward,1.3685178756713867
13140,train/actor_loss,0.010420913808047771
13140,train/critic_loss,0.03510214015841484
13140,train/entropy,-8.21097469329834
13140,train/episode_length_steps,1091.074921898641
13140,train/fps,27246.856929448906
13150,train/reward,1.3562302589416504
13150,train/actor_loss,0.011677238158881664
13150,train/critic_loss,0.2767563462257385
13150,train/entropy,-8.197016716003418
13150,train/episode_length_steps,991.9846862364063
13150,train/fps,27254.245481673075
13160,train/reward,1.3681254386901855
13160,train/actor_loss,0.012091775424778461
13160,train/critic_loss,0.06951158493757248
13160,train/entropy,-8.200484275817871
13160,train/episode_length_steps,1055.9161206631647
13160,train/fps,27261.082279143036
13170,train/reward,1.3625390529632568
13170,train/actor_loss,0.009663882665336132
13170,train/critic_loss,0.12425782531499863
13170,train/entropy,-8.228889465332031
13170,train/episode_length_steps,1309.004261933798
13170,train/fps,27267.039298082196
13180,train/reward,1.3553502559661865
13180,train/actor_loss,0.00921417772769928
13180,train/critic_loss,0.08107264339923859
13180,train/entropy,-8.256266593933105
13180,train/episode_length_steps,744.1730667488358
13180,train/fps,27274.69222784998
13190,train/reward,1.3631808757781982
13190,train/actor_loss,0.011647915467619896
13190,train/critic_loss,0.17215882241725922
13190,train/entropy,-8.234735488891602
13190,train/episode_length_steps,1487.2393700146981
13190,train/fps,27283.42290812504
13200,train/reward,1.3672077655792236
13200,train/actor_loss,0.010446823202073574
13200,train/critic_loss,0.13336479663848877
13200,train/entropy,-8.217345237731934
13200,train/episode_length_steps,861.5728416085835
13200,train/fps,27292.114233397682
13210,train/reward,1.3612698316574097
13210,train/actor_loss,0.011169152334332466
13210,train/critic_loss,0.1493610292673111
13210,train/entropy,-8.234491348266602
13210,train/episode_length_steps,727.6479207318547
13210,train/fps,27299.521187887938
13220,train/reward,1.3566888570785522
13220,train/actor_loss,0.011514894664287567
13220,train/critic_loss,0.06344129145145416
13220,train/entropy,-8.245257377624512
13220,train/episode_length_steps,991.9846862364063
13220,train/fps,27308.173924038223
13230,train/reward,1.3632433414459229
13230,train/actor_loss,0.007345505058765411
13230,train/critic_loss,0.16519176959991455
13230,train/entropy,-8.18929672241211
13230,train/episode_length_steps,1168.9177465457567
13230,train/fps,27316.84868957113
13240,train/reward,1.3679826259613037
13240,train/actor_loss,0.008814292959868908
13240,train/critic_loss,0.11096160858869553
13240,train/entropy,-8.19340705871582
13240,train/episode_length_steps,1128.6557313446654
13240,train/fps,27325.407798724835
13250,train/reward,1.3578100204467773
13250,train/actor_loss,0.012475471012294292
13250,train/critic_loss,0.11852145195007324
13250,train/entropy,-8.215924263000488
13250,train/episode_length_steps,818.5294606658226
13250,train/fps,27334.08685649713
13260,train/reward,1.3707337379455566
13260,train/actor_loss,0.014842929318547249
13260,train/critic_loss,0.14135369658470154
13260,train/entropy,-8.236849784851074
13260,train/episode_length_steps,1091.074921898641
13260,train/fps,27341.56804088713
13270,train/reward,1.3558292388916016
13270,train/actor_loss,0.012585620395839214
13270,train/critic_loss,0.11636888980865479
13270,train/entropy,-8.241728782653809
13270,train/episode_length_steps,1022.9524966434373
13270,train/fps,27350.176289716095
13280,train/reward,1.3538581132888794
13280,train/actor_loss,0.015685906633734703
13280,train/critic_loss,0.08551915735006332
13280,train/entropy,-8.25024127960205
13280,train/episode_length_steps,861.5728416085835
13280,train/fps,27358.74423253908
13290,train/reward,1.366929292678833
13290,train/actor_loss,0.010021261870861053
13290,train/critic_loss,0.2840763032436371
13290,train/entropy,-8.263958930969238
13290,train/episode_length_steps,2179.7715497239096
13290,train/fps,27367.318868451155
13300,train/reward,1.362730860710144
13300,train/actor_loss,0.011468766257166862
13300,train/critic_loss,0.05583692714571953
13300,train/entropy,-8.282478332519531
13300,train/episode_length_steps,711.8407478776858
13300,train/fps,27374.59069341284
13310,train/reward,1.3528858423233032
13310,train/actor_loss,0.00853721797466278
13310,train/critic_loss,0.18948601186275482
13310,train/entropy,-8.291762351989746
13310,train/episode_length_steps,682.2009508175753
13310,train/fps,27383.190558381928
13320,train/reward,1.3593395948410034
13320,train/actor_loss,0.013769797049462795
13320,train/critic_loss,0.08688424527645111
13320,train/entropy,-8.27649974822998
13320,train/episode_length_steps,1258.7213161504762
13320,train/fps,27391.746360853816
13330,train/reward,1.365107774734497
13330,train/actor_loss,0.01091949176043272
13330,train/critic_loss,0.06926047056913376
13330,train/entropy,-8.277430534362793
13330,train/episode_length_steps,1258.7213161504762
13330,train/fps,27400.384634055896
13340,train/reward,1.3587430715560913
13340,train/actor_loss,0.009228686802089214
13340,train/critic_loss,0.04798581078648567
13340,train/entropy,-8.296897888183594
13340,train/episode_length_steps,884.8379899660755
13340,train/fps,27408.89224364453
13350,train/reward,1.3586595058441162
13350,train/actor_loss,0.014564345590770245
13350,train/critic_loss,0.04131705313920975
13350,train/entropy,-8.2953462600708
13350,train/episode_length_steps,962.8367577976614
13350,train/fps,27416.10677808327
13360,train/reward,1.3661350011825562
13360,train/actor_loss,0.011220251210033894
13360,train/critic_loss,0.05643630027770996
13360,train/entropy,-8.362624168395996
13360,train/episode_length_steps,935.352867349791
13360,train/fps,27424.59827043799
13370,train/reward,1.3582236766815186
13370,train/actor_loss,0.010393588803708553
13370,train/critic_loss,0.12611107528209686
13370,train/entropy,-8.37364673614502
13370,train/episode_length_steps,798.5812704616955
13370,train/fps,27432.846754803864
13380,train/reward,1.3628745079040527
13380,train/actor_loss,0.008422966115176678
13380,train/critic_loss,0.053477223962545395
13380,train/entropy,-8.406218528747559
13380,train/episode_length_steps,861.5728416085835
13380,train/fps,27441.192920569407
13390,train/reward,1.3675286769866943
13390,train/actor_loss,0.012388723902404308
13390,train/critic_loss,0.15016229450702667
13390,train/entropy,-8.429839134216309
13390,train/episode_length_steps,991.9846862364063
13390,train/fps,27448.335086257626
13400,train/reward,1.3647522926330566
13400,train/actor_loss,0.011586055159568787
13400,train/critic_loss,0.037174616008996964
13400,train/entropy,-8.43383502960205
13400,train/episode_length_steps,962.8367577976614
13400,train/fps,27456.89767405989
13410,train/reward,1.3673909902572632
13410,train/actor_loss,0.00880054384469986
13410,train/critic_loss,0.02391362003982067
13410,train/entropy,-8.45434284210205
13410,train/episode_length_steps,1055.9161206631647
13410,train/fps,27465.36929235801
13420,train/reward,1.3671927452087402
13420,train/actor_loss,0.009092175401747227
13420,train/critic_loss,0.04058371111750603
13420,train/entropy,-8.537320137023926
13420,train/episode_length_steps,1363.4717399177655
13420,train/fps,27473.829605757535
13430,train/reward,1.3577038049697876
13430,train/actor_loss,0.009785867296159267
13430,train/critic_loss,0.07579948753118515
13430,train/entropy,-8.58545207977295
13430,train/episode_length_steps,779.5822535408565
13430,train/fps,27482.171999835766
13440,train/reward,1.3627676963806152
13440,train/actor_loss,0.012957912869751453
13440,train/critic_loss,0.05132245644927025
13440,train/entropy,-8.626314163208008
13440,train/episode_length_steps,1309.004261933798
13440,train/fps,27489.499443812434
13450,train/reward,1.3631441593170166
13450,train/actor_loss,0.014840281568467617
13450,train/critic_loss,0.0615382082760334
13450,train/entropy,-8.590301513671875
13450,train/episode_length_steps,909.3944711658012
13450,train/fps,27498.1533363804
13460,train/reward,1.36198091506958
13460,train/actor_loss,0.011036756448447704
13460,train/critic_loss,0.12720656394958496
13460,train/entropy,-8.572200775146484
13460,train/episode_length_steps,696.70575204079
13460,train/fps,27506.77911260853
13470,train/reward,1.3597688674926758
13470,train/actor_loss,0.00969221442937851
13470,train/critic_loss,0.16647855937480927
13470,train/entropy,-8.573760986328125
13470,train/episode_length_steps,962.8367577976614
13470,train/fps,27515.222387427064
13480,train/reward,1.3650634288787842
13480,train/actor_loss,0.04476595297455788
13480,train/critic_loss,0.07820859551429749
13480,train/entropy,-8.553890228271484
13480,train/episode_length_steps,1363.4717399177655
13480,train/fps,27523.555483900327
13490,train/reward,1.3679083585739136
13490,train/actor_loss,0.01076523493975401
13490,train/critic_loss,0.06350042670965195
13490,train/entropy,-8.563105583190918
13490,train/episode_length_steps,1258.7213161504762
13490,train/fps,27530.6422911559
13500,train/reward,1.3622336387634277
13500,train/actor_loss,0.008451457135379314
13500,train/critic_loss,0.06369733810424805
13500,train/entropy,-8.578483581542969
13500,train/episode_length_steps,935.352867349791
13500,train/fps,27539.06831435885
13510,train/reward,1.3703540563583374
13510,train/actor_loss,0.016968421638011932
13510,train/critic_loss,0.035284340381622314
13510,train/entropy,-8.577276229858398
13510,train/episode_length_steps,1055.9161206631647
13510,train/fps,27547.19861757281
13520,train/reward,1.3569438457489014
13520,train/actor_loss,0.01448813732713461
13520,train/critic_loss,0.04838895425200462
13520,train/entropy,-8.573473930358887
13520,train/episode_length_steps,1128.6557313446654
13520,train/fps,27554.00276864051
13530,train/reward,1.3582481145858765
13530,train/actor_loss,0.012355168350040913
13530,train/critic_loss,0.11968763172626495
13530,train/entropy,-8.58722972869873
13530,train/episode_length_steps,1022.9524966434373
13530,train/fps,27558.658004849323
13540,train/reward,1.367567777633667
13540,train/actor_loss,0.012953437864780426
13540,train/critic_loss,0.2009383887052536
13540,train/entropy,-8.570898056030273
13540,train/episode_length_steps,1923.8211898383163
13540,train/fps,27564.70482881204
13550,train/reward,1.3638441562652588
13550,train/actor_loss,0.010808227583765984
13550,train/critic_loss,0.08373545855283737
13550,train/entropy,-8.580931663513184
13550,train/episode_length_steps,861.5728416085835
13550,train/fps,27570.93581558526
13560,train/reward,1.3588237762451172
13560,train/actor_loss,0.015547913499176502
13560,train/critic_loss,0.081804558634758
13560,train/entropy,-8.59567928314209
13560,train/episode_length_steps,727.6479207318547
13560,train/fps,27578.157201478785
13570,train/reward,1.3596301078796387
13570,train/actor_loss,0.010999487712979317
13570,train/critic_loss,0.25093314051628113
13570,train/entropy,-8.60542106628418
13570,train/episode_length_steps,1168.9177465457567
13570,train/fps,27584.113249541682
13580,train/reward,1.3611366748809814
13580,train/actor_loss,0.009528284892439842
13580,train/critic_loss,0.18549089133739471
13580,train/entropy,-8.573779106140137
13580,train/episode_length_steps,1055.9161206631647
13580,train/fps,27591.15981072724
13590,train/reward,1.3569320440292358
13590,train/actor_loss,0.01341110747307539
13590,train/critic_loss,0.13106819987297058
13590,train/entropy,-8.57220458984375
13590,train/episode_length_steps,935.352867349791
13590,train/fps,27598.389817507814
13600,train/reward,1.357804775238037
13600,train/actor_loss,0.012523732148110867
13600,train/critic_loss,0.21738667786121368
13600,train/entropy,-8.508631706237793
13600,train/episode_length_steps,1168.9177465457567
13600,train/fps,27605.08974611188
13610,train/reward,1.3583287000656128
13610,train/actor_loss,0.016552714630961418
13610,train/critic_loss,0.042750220745801926
13610,train/entropy,-8.514305114746094
13610,train/episode_length_steps,861.5728416085835
13610,train/fps,27610.499938865418
13620,train/reward,1.3561654090881348
13620,train/actor_loss,0.0132153844460845
13620,train/critic_loss,0.14002670347690582
13620,train/entropy,-8.505465507507324
13620,train/episode_length_steps,727.6479207318547
13620,train/fps,27617.278542225034
13630,train/reward,1.3576611280441284
13630,train/actor_loss,0.011153452098369598
13630,train/critic_loss,0.17074470221996307
13630,train/entropy,-8.4669189453125
13630,train/episode_length_steps,962.8367577976614
13630,train/fps,27623.722835489236
13640,train/reward,1.3672378063201904
13640,train/actor_loss,0.01370780635625124
13640,train/critic_loss,0.07243916392326355
13640,train/entropy,-8.46855354309082
13640,train/episode_length_steps,935.352867349791
13640,train/fps,27630.796316483527
13650,train/reward,1.3526557683944702
13650,train/actor_loss,0.0134243443608284
13650,train/critic_loss,0.2547951638698578
13650,train/entropy,-8.433456420898438
13650,train/episode_length_steps,818.5294606658226
13650,train/fps,27636.188729123296
13660,train/reward,1.3657281398773193
13660,train/actor_loss,0.010923906229436398
13660,train/critic_loss,0.1144883781671524
13660,train/entropy,-8.421565055847168
13660,train/episode_length_steps,1168.9177465457567
13660,train/fps,27643.242379493462
13670,train/reward,1.3658031225204468
13670,train/actor_loss,0.013360964134335518
13670,train/critic_loss,0.15687277913093567
13670,train/entropy,-8.387555122375488
13670,train/episode_length_steps,1212.1585181362116
13670,train/fps,27651.3722128631
13680,train/reward,1.3577951192855835
13680,train/actor_loss,0.012444118037819862
13680,train/critic_loss,0.0660518929362297
13680,train/entropy,-8.403799057006836
13680,train/episode_length_steps,884.8379899660755
13680,train/fps,27659.497912160088
13690,train/reward,1.3692071437835693
13690,train/actor_loss,0.014409583993256092
13690,train/critic_loss,0.12696141004562378
13690,train/entropy,-8.401451110839844
13690,train/episode_length_steps,1212.1585181362116
13690,train/fps,27667.71336435434
13700,train/reward,1.3625221252441406
13700,train/actor_loss,0.012849914841353893
13700,train/critic_loss,0.1965852677822113
13700,train/entropy,-8.397170066833496
13700,train/episode_length_steps,861.5728416085835
13700,train/fps,27674.75321883359
13710,train/reward,1.3633735179901123
13710,train/actor_loss,0.010962936095893383
13710,train/critic_loss,0.20807397365570068
13710,train/entropy,-8.388016700744629
13710,train/episode_length_steps,668.2877866491242
13710,train/fps,27682.876117127427
13720,train/reward,1.3599478006362915
13720,train/actor_loss,0.011165252886712551
13720,train/critic_loss,0.19313326478004456
13720,train/entropy,-8.366253852844238
13720,train/episode_length_steps,1022.9524966434373
13720,train/fps,27691.16508137218
13730,train/reward,1.3629745244979858
13730,train/actor_loss,0.015895340591669083
13730,train/critic_loss,0.16086311638355255
13730,train/entropy,-8.361061096191406
13730,train/episode_length_steps,1091.074921898641
13730,train/fps,27699.415211050164
13740,train/reward,1.3687827587127686
13740,train/actor_loss,0.011203927919268608
13740,train/critic_loss,0.11610408127307892
13740,train/entropy,-8.360396385192871
13740,train/episode_length_steps,1309.004261933798
13740,train/fps,27706.446045222456
13750,train/reward,1.3575241565704346
13750,train/actor_loss,0.01570778898894787
13750,train/critic_loss,0.23564545810222626
13750,train/entropy,-8.34714412689209
13750,train/episode_length_steps,935.352867349791
13750,train/fps,27714.561409887112
13760,train/reward,1.3668712377548218
13760,train/actor_loss,0.012588885612785816
13760,train/critic_loss,0.08583163470029831
13760,train/entropy,-8.35766887664795
13760,train/episode_length_steps,962.8367577976614
13760,train/fps,27722.790099240003
13770,train/reward,1.3636187314987183
13770,train/actor_loss,0.012286871671676636
13770,train/critic_loss,0.036618608981370926
13770,train/entropy,-8.369414329528809
13770,train/episode_length_steps,1363.4717399177655
13770,train/fps,27730.995463865307
13780,train/reward,1.3620359897613525
13780,train/actor_loss,0.009149865247309208
13780,train/critic_loss,0.0530678927898407
13780,train/entropy,-8.417296409606934
13780,train/episode_length_steps,1055.9161206631647
13780,train/fps,27739.16306578552
13790,train/reward,1.3677608966827393
13790,train/actor_loss,0.01038974430412054
13790,train/critic_loss,0.0778394564986229
13790,train/entropy,-8.411447525024414
13790,train/episode_length_steps,1487.2393700146981
13790,train/fps,27746.26995251836
13800,train/reward,1.361612319946289
13800,train/actor_loss,0.014060154557228088
13800,train/critic_loss,0.0395803265273571
13800,train/entropy,-8.407499313354492
13800,train/episode_length_steps,1091.074921898641
13800,train/fps,27754.494424629032
13810,train/reward,1.3571934700012207
13810,train/actor_loss,0.017064396291971207
13810,train/critic_loss,0.12267732620239258
13810,train/entropy,-8.405890464782715
13810,train/episode_length_steps,727.6479207318547
13810,train/fps,27762.808141531597
13820,train/reward,1.3532891273498535
13820,train/actor_loss,0.013735768385231495
13820,train/critic_loss,0.2073652595281601
13820,train/entropy,-8.386828422546387
13820,train/episode_length_steps,744.1730667488358
13820,train/fps,27771.04704678079
13830,train/reward,1.3582749366760254
13830,train/actor_loss,0.00894343201071024
13830,train/critic_loss,0.2036142647266388
13830,train/entropy,-8.379656791687012
13830,train/episode_length_steps,1168.9177465457567
13830,train/fps,27777.870657573032
13840,train/reward,1.3549381494522095
13840,train/actor_loss,0.012803055346012115
13840,train/critic_loss,0.11425890773534775
13840,train/entropy,-8.364864349365234
13840,train/episode_length_steps,818.5294606658226
13840,train/fps,27785.948577866417
13850,train/reward,1.3629741668701172
13850,train/actor_loss,0.013415087945759296
13850,train/critic_loss,0.1735628992319107
13850,train/entropy,-8.36104679107666
13850,train/episode_length_steps,1022.9524966434373
13850,train/fps,27794.163223212243
13860,train/reward,1.3575198650360107
13860,train/actor_loss,0.01463879644870758
13860,train/critic_loss,0.1273690015077591
13860,train/entropy,-8.358134269714355
13860,train/episode_length_steps,798.5812704616955
13860,train/fps,27802.395448613282
13870,train/reward,1.3573486804962158
13870,train/actor_loss,0.011564778164029121
13870,train/critic_loss,0.06368324905633926
13870,train/entropy,-8.3517484664917
13870,train/episode_length_steps,744.1730667488358
13870,train/fps,27810.629121241353
13880,train/reward,1.357290506362915
13880,train/actor_loss,0.012206804938614368
13880,train/critic_loss,0.05887534096837044
13880,train/entropy,-8.331628799438477
13880,train/episode_length_steps,909.3944711658012
13880,train/fps,27817.547678910018
13890,train/reward,1.3690718412399292
13890,train/actor_loss,0.0095908734947443
13890,train/critic_loss,0.07744487375020981
13890,train/entropy,-8.328167915344238
13890,train/episode_length_steps,1091.074921898641
13890,train/fps,27825.615878372624
13900,train/reward,1.3597588539123535
13900,train/actor_loss,0.009717367589473724
13900,train/critic_loss,0.2683149576187134
13900,train/entropy,-8.345410346984863
13900,train/episode_length_steps,884.8379899660755
13900,train/fps,27833.725336375315
13910,train/reward,1.3628132343292236
13910,train/actor_loss,0.010858572088181973
13910,train/critic_loss,0.10703941434621811
13910,train/entropy,-8.343703269958496
13910,train/episode_length_steps,935.352867349791
13910,train/fps,27841.72935997127
13920,train/reward,1.368139624595642
13920,train/actor_loss,0.010361711494624615
13920,train/critic_loss,0.13229553401470184
13920,train/entropy,-8.344974517822266
13920,train/episode_length_steps,1557.9499569433751
13920,train/fps,27849.493811986515
13930,train/reward,1.3551989793777466
13930,train/actor_loss,0.012293915264308453
13930,train/critic_loss,0.067841537296772
13930,train/entropy,-8.343329429626465
13930,train/episode_length_steps,798.5812704616955
13930,train/fps,27856.059387835852
13940,train/reward,1.3692395687103271
13940,train/actor_loss,0.007094858679920435
13940,train/critic_loss,0.06387561559677124
13940,train/entropy,-8.355049133300781
13940,train/episode_length_steps,1022.9524966434373
13940,train/fps,27864.079470087825
13950,train/reward,1.363828182220459
13950,train/actor_loss,0.007453316356986761
13950,train/critic_loss,0.055097371339797974
13950,train/entropy,-8.396714210510254
13950,train/episode_length_steps,861.5728416085835
13950,train/fps,27872.064992556014
13960,train/reward,1.363924264907837
13960,train/actor_loss,0.011950618587434292
13960,train/critic_loss,0.0533871166408062
13960,train/entropy,-8.446930885314941
13960,train/episode_length_steps,727.6479207318547
13960,train/fps,27879.962815215134
13970,train/reward,1.3644700050354004
13970,train/actor_loss,0.012559028342366219
13970,train/critic_loss,0.11603031307458878
13970,train/entropy,-8.440237998962402
13970,train/episode_length_steps,991.9846862364063
13970,train/fps,27886.708395696325
13980,train/reward,1.3684641122817993
13980,train/actor_loss,0.012883113697171211
13980,train/critic_loss,0.12725429236888885
13980,train/entropy,-8.397132873535156
13980,train/episode_length_steps,1128.6557313446654
13980,train/fps,27894.614520587194
13990,train/reward,1.3663291931152344
13990,train/actor_loss,0.012234571389853954
13990,train/critic_loss,0.03507315739989281
13990,train/entropy,-8.42182445526123
13990,train/episode_length_steps,1309.004261933798
13990,train/fps,27902.611401204285
14000,train/reward,1.3563158512115479
14000,train/actor_loss,0.01137571968138218
14000,train/critic_loss,0.3578663766384125
14000,train/entropy,-8.420714378356934
14000,train/episode_length_steps,861.5728416085835
14000,train/fps,27909.24788066217
14000,eval/med_figure8_normal,0.11000145971775055
14010,train/reward,1.3649345636367798
14010,train/actor_loss,0.010370561853051186
14010,train/critic_loss,0.0805862694978714
14010,train/entropy,-8.404711723327637
14010,train/episode_length_steps,1258.7213161504762
14010,train/fps,27059.592408030254
14020,train/reward,1.3666787147521973
14020,train/actor_loss,0.015285627916455269
14020,train/critic_loss,0.031476136296987534
14020,train/entropy,-8.42967414855957
14020,train/episode_length_steps,1309.004261933798
14020,train/fps,27067.749511888815
14030,train/reward,1.3567636013031006
14030,train/actor_loss,0.015074464492499828
14030,train/critic_loss,0.0647924393415451
14030,train/entropy,-8.435473442077637
14030,train/episode_length_steps,861.5728416085835
14030,train/fps,27074.67329225931
14040,train/reward,1.358872890472412
14040,train/actor_loss,0.013263145461678505
14040,train/critic_loss,0.14069758355617523
14040,train/entropy,-8.428536415100098
14040,train/episode_length_steps,1091.074921898641
14040,train/fps,27082.883478800344
14050,train/reward,1.368863821029663
14050,train/actor_loss,0.010219983756542206
14050,train/critic_loss,0.17147296667099
14050,train/entropy,-8.415549278259277
14050,train/episode_length_steps,1128.6557313446654
14050,train/fps,27091.148867247437
14060,train/reward,1.3634705543518066
14060,train/actor_loss,0.010898951441049576
14060,train/critic_loss,0.10409074276685715
14060,train/entropy,-8.408766746520996
14060,train/episode_length_steps,761.4662389368028
14060,train/fps,27099.399679085032
14070,train/reward,1.3612991571426392
14070,train/actor_loss,0.01053977943956852
14070,train/critic_loss,0.14601336419582367
14070,train/entropy,-8.425337791442871
14070,train/episode_length_steps,668.2877866491242
14070,train/fps,27106.40633437683
14080,train/reward,1.3637527227401733
14080,train/actor_loss,0.012764043174684048
14080,train/critic_loss,0.04973937198519707
14080,train/entropy,-8.4301118850708
14080,train/episode_length_steps,1557.9499569433751
14080,train/fps,27114.62438137337
14090,train/reward,1.3554471731185913
14090,train/actor_loss,0.011718202382326126
14090,train/critic_loss,0.14372219145298004
14090,train/entropy,-8.47592544555664
14090,train/episode_length_steps,861.5728416085835
14090,train/fps,27122.878923164993
14100,train/reward,1.3684608936309814
14100,train/actor_loss,0.011618904769420624
14100,train/critic_loss,0.06999235600233078
14100,train/entropy,-8.491944313049316
14100,train/episode_length_steps,991.9846862364063
14100,train/fps,27131.104932882088
14110,train/reward,1.359140157699585
14110,train/actor_loss,0.01606786623597145
14110,train/critic_loss,0.05988183617591858
14110,train/entropy,-8.500555992126465
14110,train/episode_length_steps,884.8379899660755
14110,train/fps,27139.251695910265
14120,train/reward,1.3575243949890137
14120,train/actor_loss,0.012781420722603798
14120,train/critic_loss,0.3181484043598175
14120,train/entropy,-8.48540210723877
14120,train/episode_length_steps,744.1730667488358
14120,train/fps,27146.087290015024
14130,train/reward,1.3652236461639404
14130,train/actor_loss,0.007059633731842041
14130,train/critic_loss,0.05602126941084862
14130,train/entropy,-8.487784385681152
14130,train/episode_length_steps,1055.9161206631647
14130,train/fps,27154.187279572714
14140,train/reward,1.3696680068969727
14140,train/actor_loss,0.013556018471717834
14140,train/critic_loss,0.1530417501926422
14140,train/entropy,-8.5055570602417
14140,train/episode_length_steps,1022.9524966434373
14140,train/fps,27162.40071404968
14150,train/reward,1.3595194816589355
14150,train/actor_loss,0.012555685825645924
14150,train/critic_loss,0.08027874678373337
14150,train/entropy,-8.506975173950195
14150,train/episode_length_steps,884.8379899660755
14150,train/fps,27170.488260380826
14160,train/reward,1.36418616771698
14160,train/actor_loss,0.012028953991830349
14160,train/critic_loss,0.029897749423980713
14160,train/entropy,-8.522849082946777
14160,train/episode_length_steps,935.352867349791
14160,train/fps,27177.43897956968
14170,train/reward,1.3606317043304443
14170,train/actor_loss,0.012046302668750286
14170,train/critic_loss,0.11228503286838531
14170,train/entropy,-8.539172172546387
14170,train/episode_length_steps,1557.9499569433751
14170,train/fps,27185.647193817447
14180,train/reward,1.3622839450836182
14180,train/actor_loss,0.013537737540900707
14180,train/critic_loss,0.0363941453397274
14180,train/entropy,-8.533812522888184
14180,train/episode_length_steps,818.5294606658226
14180,train/fps,27193.850845684647
14190,train/reward,1.366571307182312
14190,train/actor_loss,0.01631331257522106
14190,train/critic_loss,0.1208566427230835
14190,train/entropy,-8.555232048034668
14190,train/episode_length_steps,1055.9161206631647
14190,train/fps,27201.8395314455
14200,train/reward,1.367625117301941
14200,train/actor_loss,0.015160875394940376
14200,train/critic_loss,0.022656626999378204
14200,train/entropy,-8.569563865661621
14200,train/episode_length_steps,935.352867349791
14200,train/fps,27209.927532139514
14210,train/reward,1.3675837516784668
14210,train/actor_loss,0.011968380771577358
14210,train/critic_loss,0.015288925729691982
14210,train/entropy,-8.605175971984863
14210,train/episode_length_steps,1022.9524966434373
14210,train/fps,27216.9416119353
14220,train/reward,1.3624794483184814
14220,train/actor_loss,0.01527883019298315
14220,train/critic_loss,0.23962560296058655
14220,train/entropy,-8.588507652282715
14220,train/episode_length_steps,1168.9177465457567
14220,train/fps,27225.066699854193
14230,train/reward,1.3668365478515625
14230,train/actor_loss,0.010722673498094082
14230,train/critic_loss,0.0351925827562809
14230,train/entropy,-8.558694839477539
14230,train/episode_length_steps,1212.1585181362116
14230,train/fps,27233.144768971786
14240,train/reward,1.3630571365356445
14240,train/actor_loss,0.015260003507137299
14240,train/critic_loss,0.10957367718219757
14240,train/entropy,-8.6089506149292
14240,train/episode_length_steps,1128.6557313446654
14240,train/fps,27241.218418247532
14250,train/reward,1.360328197479248
14250,train/actor_loss,0.014429702423512936
14250,train/critic_loss,0.03357386216521263
14250,train/entropy,-8.572298049926758
14250,train/episode_length_steps,1022.9524966434373
14250,train/fps,27249.34448348525
14260,train/reward,1.3654893636703491
14260,train/actor_loss,0.012886092066764832
14260,train/critic_loss,0.0571579746901989
14260,train/entropy,-8.611459732055664
14260,train/episode_length_steps,1212.1585181362116
14260,train/fps,27256.191686591475
14270,train/reward,1.3608977794647217
14270,train/actor_loss,0.01892693154513836
14270,train/critic_loss,0.043359436094760895
14270,train/entropy,-8.636893272399902
14270,train/episode_length_steps,1258.7213161504762
14270,train/fps,27264.244453362324
14280,train/reward,1.3613841533660889
14280,train/actor_loss,0.01803172565996647
14280,train/critic_loss,0.04208865761756897
14280,train/entropy,-8.636031150817871
14280,train/episode_length_steps,1022.9524966434373
14280,train/fps,27270.031279064748
14290,train/reward,1.3598780632019043
14290,train/actor_loss,0.018803689628839493
14290,train/critic_loss,0.12367981672286987
14290,train/entropy,-8.669899940490723
14290,train/episode_length_steps,1168.9177465457567
14290,train/fps,27275.80710975421
14300,train/reward,1.367157220840454
14300,train/actor_loss,0.01227655541151762
14300,train/critic_loss,0.02416238747537136
14300,train/entropy,-8.6842679977417
14300,train/episode_length_steps,1168.9177465457567
14300,train/fps,27280.61143431553
14310,train/reward,1.3546416759490967
14310,train/actor_loss,0.018058426678180695
14310,train/critic_loss,0.048333462327718735
14310,train/entropy,-8.708807945251465
14310,train/episode_length_steps,798.5812704616955
14310,train/fps,27286.743025050935
14320,train/reward,1.354496717453003
14320,train/actor_loss,0.0141267329454422
14320,train/critic_loss,0.031074626371264458
14320,train/entropy,-8.764220237731934
14320,train/episode_length_steps,606.4468139037408
14320,train/fps,27293.127787768877
14330,train/reward,1.3577849864959717
14330,train/actor_loss,0.015155138447880745
14330,train/critic_loss,0.1084042564034462
14330,train/entropy,-8.751604080200195
14330,train/episode_length_steps,1258.7213161504762
14330,train/fps,27299.296359140288
14340,train/reward,1.3545911312103271
14340,train/actor_loss,0.01007277611643076
14340,train/critic_loss,0.023894794285297394
14340,train/entropy,-8.735907554626465
14340,train/episode_length_steps,779.5822535408565
14340,train/fps,27304.641184144937
14350,train/reward,1.3641691207885742
14350,train/actor_loss,0.013144120573997498
14350,train/critic_loss,0.021091191098093987
14350,train/entropy,-8.804373741149902
14350,train/episode_length_steps,884.8379899660755
14350,train/fps,27311.664053214277
14360,train/reward,1.3606082201004028
14360,train/actor_loss,0.026116007938981056
14360,train/critic_loss,0.04173203557729721
14360,train/entropy,-8.860983848571777
14360,train/episode_length_steps,935.352867349791
14360,train/fps,27318.05725197542
14370,train/reward,1.3576524257659912
14370,train/actor_loss,0.017539596185088158
14370,train/critic_loss,0.06259584426879883
14370,train/entropy,-8.87976360321045
14370,train/episode_length_steps,711.8407478776858
14370,train/fps,27324.615737673266
14380,train/reward,1.360661506652832
14380,train/actor_loss,0.016155948862433434
14380,train/critic_loss,0.08807056397199631
14380,train/entropy,-8.891901969909668
14380,train/episode_length_steps,991.9846862364063
14380,train/fps,27330.055279404703
14390,train/reward,1.3686888217926025
14390,train/actor_loss,0.015888530761003494
14390,train/critic_loss,0.019651049748063087
14390,train/entropy,-8.92866325378418
14390,train/episode_length_steps,991.9846862364063
14390,train/fps,27336.418777618597
14400,train/reward,1.3592301607131958
14400,train/actor_loss,0.010201464407145977
14400,train/critic_loss,0.03970223665237427
14400,train/entropy,-9.00136661529541
14400,train/episode_length_steps,798.5812704616955
14400,train/fps,27342.263035202133
14410,train/reward,1.3674455881118774
14410,train/actor_loss,0.014428622089326382
14410,train/critic_loss,0.02368325926363468
14410,train/entropy,-8.995638847351074
14410,train/episode_length_steps,962.8367577976614
14410,train/fps,27349.169193408525
14420,train/reward,1.3692142963409424
14420,train/actor_loss,0.010377134196460247
14420,train/critic_loss,0.014891834929585457
14420,train/entropy,-9.057785034179688
14420,train/episode_length_steps,1721.6623456976936
14420,train/fps,27354.8103781792
14430,train/reward,1.3634333610534668
14430,train/actor_loss,0.01477273553609848
14430,train/critic_loss,0.05151624232530594
14430,train/entropy,-9.095572471618652
14430,train/episode_length_steps,861.5728416085835
14430,train/fps,27362.671340240126
14440,train/reward,1.3696646690368652
14440,train/actor_loss,0.013796776533126831
14440,train/critic_loss,0.07795651257038116
14440,train/entropy,-9.113978385925293
14440,train/episode_length_steps,1091.074921898641
14440,train/fps,27370.602072154463
14450,train/reward,1.3649137020111084
14450,train/actor_loss,0.019426731392741203
14450,train/critic_loss,0.026768198236823082
14450,train/entropy,-9.111352920532227
14450,train/episode_length_steps,1055.9161206631647
14450,train/fps,27378.555741417953
14460,train/reward,1.3655966520309448
14460,train/actor_loss,0.013738309033215046
14460,train/critic_loss,0.023178642615675926
14460,train/entropy,-9.145976066589355
14460,train/episode_length_steps,1022.9524966434373
14460,train/fps,27386.448491101364
14470,train/reward,1.3626445531845093
14470,train/actor_loss,0.016670146957039833
14470,train/critic_loss,0.013060048222541809
14470,train/entropy,-9.205031394958496
14470,train/episode_length_steps,1128.6557313446654
14470,train/fps,27393.22715866053
14480,train/reward,1.3630406856536865
14480,train/actor_loss,0.011498589999973774
14480,train/critic_loss,0.05179706960916519
14480,train/entropy,-9.243066787719727
14480,train/episode_length_steps,1168.9177465457567
14480,train/fps,27401.039214659726
14490,train/reward,1.3654415607452393
14490,train/actor_loss,0.011366213671863079
14490,train/critic_loss,0.025486577302217484
14490,train/entropy,-9.2406644821167
14490,train/episode_length_steps,1091.074921898641
14490,train/fps,27408.931406019106
14500,train/reward,1.3654743432998657
14500,train/actor_loss,0.01633228361606598
14500,train/critic_loss,0.0578744076192379
14500,train/entropy,-9.183768272399902
14500,train/episode_length_steps,1091.074921898641
14500,train/fps,27416.811663674653
14510,train/reward,1.3634300231933594
14510,train/actor_loss,0.012266832403838634
14510,train/critic_loss,0.10454203188419342
14510,train/entropy,-9.135066986083984
14510,train/episode_length_steps,1258.7213161504762
14510,train/fps,27422.76704205817
14520,train/reward,1.3609123229980469
14520,train/actor_loss,0.023152804002165794
14520,train/critic_loss,0.026756776496767998
14520,train/entropy,-9.143059730529785
14520,train/episode_length_steps,1128.6557313446654
14520,train/fps,27430.72372457832
14530,train/reward,1.363673448562622
14530,train/actor_loss,0.012500474229454994
14530,train/critic_loss,0.023406153544783592
14530,train/entropy,-9.125750541687012
14530,train/episode_length_steps,962.8367577976614
14530,train/fps,27438.73256731977
14540,train/reward,1.3613190650939941
14540,train/actor_loss,0.00974317267537117
14540,train/critic_loss,0.05282440409064293
14540,train/entropy,-9.072465896606445
14540,train/episode_length_steps,1128.6557313446654
14540,train/fps,27446.718733270398
14550,train/reward,1.3656915426254272
14550,train/actor_loss,0.011027544736862183
14550,train/critic_loss,0.05285009741783142
14550,train/entropy,-9.031892776489258
14550,train/episode_length_steps,1212.1585181362116
14550,train/fps,27454.63078831564
14560,train/reward,1.356170892715454
14560,train/actor_loss,0.019228551536798477
14560,train/critic_loss,0.06999203562736511
14560,train/entropy,-8.988771438598633
14560,train/episode_length_steps,818.5294606658226
14560,train/fps,27461.09892567618
14570,train/reward,1.3584306240081787
14570,train/actor_loss,0.014621841721236706
14570,train/critic_loss,0.06474856287240982
14570,train/entropy,-8.934622764587402
14570,train/episode_length_steps,744.1730667488358
14570,train/fps,27468.978486342858
14580,train/reward,1.3672748804092407
14580,train/actor_loss,0.01229315809905529
14580,train/critic_loss,0.12925401329994202
14580,train/entropy,-8.925773620605469
14580,train/episode_length_steps,1817.1364484919895
14580,train/fps,27476.720337155537
14590,train/reward,1.3527603149414062
14590,train/actor_loss,0.01046685129404068
14590,train/critic_loss,0.37003934383392334
14590,train/entropy,-8.924986839294434
14590,train/episode_length_steps,696.70575204079
14590,train/fps,27484.485011386332
14600,train/reward,1.3587596416473389
14600,train/actor_loss,0.013841814361512661
14600,train/critic_loss,0.043282877653837204
14600,train/entropy,-8.888466835021973
14600,train/episode_length_steps,861.5728416085835
14600,train/fps,27492.162954905976
14610,train/reward,1.3576462268829346
14610,train/actor_loss,0.02325168251991272
14610,train/critic_loss,0.11096840351819992
14610,train/entropy,-8.814338684082031
14610,train/episode_length_steps,991.9846862364063
14610,train/fps,27498.96700408191
14620,train/reward,1.3551905155181885
14620,train/actor_loss,0.010626944713294506
14620,train/critic_loss,0.2558300197124481
14620,train/entropy,-8.776511192321777
14620,train/episode_length_steps,779.5822535408565
14620,train/fps,27506.739581787948
14630,train/reward,1.3601155281066895
14630,train/actor_loss,0.011118441820144653
14630,train/critic_loss,0.06916182488203049
14630,train/entropy,-8.728668212890625
14630,train/episode_length_steps,861.5728416085835
14630,train/fps,27514.41533254342
14640,train/reward,1.3686299324035645
14640,train/actor_loss,0.009061301127076149
14640,train/critic_loss,0.086075060069561
14640,train/entropy,-8.707040786743164
14640,train/episode_length_steps,1091.074921898641
14640,train/fps,27522.245611151397
14650,train/reward,1.3569109439849854
14650,train/actor_loss,0.013205654919147491
14650,train/critic_loss,0.1583685725927353
14650,train/entropy,-8.700703620910645
14650,train/episode_length_steps,779.5822535408565
14650,train/fps,27528.877760351672
14660,train/reward,1.362691044807434
14660,train/actor_loss,0.008861635811626911
14660,train/critic_loss,0.024078771471977234
14660,train/entropy,-8.68061637878418
14660,train/episode_length_steps,818.5294606658226
14660,train/fps,27536.64126736403
14670,train/reward,1.364780068397522
14670,train/actor_loss,0.012377132661640644
14670,train/critic_loss,0.03648873791098595
14670,train/entropy,-8.676165580749512
14670,train/episode_length_steps,1557.9499569433751
14670,train/fps,27544.30263098912
14680,train/reward,1.363034963607788
14680,train/actor_loss,0.009994120337069035
14680,train/critic_loss,0.10137899965047836
14680,train/entropy,-8.635895729064941
14680,train/episode_length_steps,935.352867349791
14680,train/fps,27552.048104592926
14690,train/reward,1.3650327920913696
14690,train/actor_loss,0.015108048915863037
14690,train/critic_loss,0.03314394876360893
14690,train/entropy,-8.632048606872559
14690,train/episode_length_steps,1055.9161206631647
14690,train/fps,27559.929146804618
14700,train/reward,1.3626567125320435
14700,train/actor_loss,0.014586602337658405
14700,train/critic_loss,0.07727869600057602
14700,train/entropy,-8.602070808410645
14700,train/episode_length_steps,884.8379899660755
14700,train/fps,27566.514633851533
14710,train/reward,1.3604835271835327
14710,train/actor_loss,0.01602441817522049
14710,train/critic_loss,0.06064506247639656
14710,train/entropy,-8.63513469696045
14710,train/episode_length_steps,1022.9524966434373
14710,train/fps,27574.224179732573
14720,train/reward,1.361521601676941
14720,train/actor_loss,0.016481300815939903
14720,train/critic_loss,0.3184637725353241
14720,train/entropy,-8.630443572998047
14720,train/episode_length_steps,962.8367577976614
14720,train/fps,27581.987078211492
14730,train/reward,1.3617162704467773
14730,train/actor_loss,0.00949105154722929
14730,train/critic_loss,0.28880247473716736
14730,train/entropy,-8.607736587524414
14730,train/episode_length_steps,1128.6557313446654
14730,train/fps,27589.73783602804
14740,train/reward,1.3607065677642822
14740,train/actor_loss,0.02139090560376644
14740,train/critic_loss,0.12313466519117355
14740,train/entropy,-8.59411907196045
14740,train/episode_length_steps,962.8367577976614
14740,train/fps,27596.288512800842
14750,train/reward,1.3596203327178955
14750,train/actor_loss,0.017087718471884727
14750,train/critic_loss,0.11234325170516968
14750,train/entropy,-8.564702033996582
14750,train/episode_length_steps,1022.9524966434373
14750,train/fps,27604.016623991454
14760,train/reward,1.358726143836975
14760,train/actor_loss,0.010107696056365967
14760,train/critic_loss,0.09508343786001205
14760,train/entropy,-8.566494941711426
14760,train/episode_length_steps,1022.9524966434373
14760,train/fps,27610.81992970973
14770,train/reward,1.3587732315063477
14770,train/actor_loss,0.010513953864574432
14770,train/critic_loss,0.08179795742034912
14770,train/entropy,-8.574880599975586
14770,train/episode_length_steps,1055.9161206631647
14770,train/fps,27616.371218274526
14780,train/reward,1.3599653244018555
14780,train/actor_loss,0.01529556792229414
14780,train/critic_loss,0.06534846872091293
14780,train/entropy,-8.554259300231934
14780,train/episode_length_steps,1022.9524966434373
14780,train/fps,27621.778799099462
14790,train/reward,1.3576544523239136
14790,train/actor_loss,0.012250673957169056
14790,train/critic_loss,0.09797535091638565
14790,train/entropy,-8.528735160827637
14790,train/episode_length_steps,1055.9161206631647
14790,train/fps,27626.12953787615
14800,train/reward,1.3677680492401123
14800,train/actor_loss,0.010025816969573498
14800,train/critic_loss,0.07334450632333755
14800,train/entropy,-8.50662899017334
14800,train/episode_length_steps,1168.9177465457567
14800,train/fps,27631.94616136826
14810,train/reward,1.3547114133834839
14810,train/actor_loss,0.012545781210064888
14810,train/critic_loss,0.3063448667526245
14810,train/entropy,-8.4552583694458
14810,train/episode_length_steps,744.1730667488358
14810,train/fps,27637.798337528828
14820,train/reward,1.3558604717254639
14820,train/actor_loss,0.015502512454986572
14820,train/critic_loss,0.1797982007265091
14820,train/entropy,-8.430089950561523
14820,train/episode_length_steps,935.352867349791
14820,train/fps,27642.678578492414
14830,train/reward,1.3683741092681885
14830,train/actor_loss,0.012807153165340424
14830,train/critic_loss,0.04574108123779297
14830,train/entropy,-8.369861602783203
14830,train/episode_length_steps,1635.7200362925382
14830,train/fps,27649.25327570109
14840,train/reward,1.3581918478012085
14840,train/actor_loss,0.011972983367741108
14840,train/critic_loss,0.2621607184410095
14840,train/entropy,-8.359660148620605
14840,train/episode_length_steps,779.5822535408565
14840,train/fps,27655.63996444418
14850,train/reward,1.359758973121643
14850,train/actor_loss,0.013385620899498463
14850,train/critic_loss,0.07767218351364136
14850,train/entropy,-8.378474235534668
14850,train/episode_length_steps,884.8379899660755
14850,train/fps,27661.924982759516
14860,train/reward,1.3614439964294434
14860,train/actor_loss,0.013248627074062824
14860,train/critic_loss,0.1565881222486496
14860,train/entropy,-8.392059326171875
14860,train/episode_length_steps,1128.6557313446654
14860,train/fps,27668.031462287963
14870,train/reward,1.3608061075210571
14870,train/actor_loss,0.013701063580811024
14870,train/critic_loss,0.06656784564256668
14870,train/entropy,-8.427066802978516
14870,train/episode_length_steps,761.4662389368028
14870,train/fps,27674.146769299034
14880,train/reward,1.357898473739624
14880,train/actor_loss,0.015076969750225544
14880,train/critic_loss,0.07213390618562698
14880,train/entropy,-8.423377990722656
14880,train/episode_length_steps,861.5728416085835
14880,train/fps,27681.881954689623
14890,train/reward,1.3668904304504395
14890,train/actor_loss,0.013523968867957592
14890,train/critic_loss,0.13900403678417206
14890,train/entropy,-8.418488502502441
14890,train/episode_length_steps,1055.9161206631647
14890,train/fps,27689.609862814803
14900,train/reward,1.360736608505249
14900,train/actor_loss,0.01212959922850132
14900,train/critic_loss,0.09040553122758865
14900,train/entropy,-8.392054557800293
14900,train/episode_length_steps,1055.9161206631647
14900,train/fps,27697.279624795185
14910,train/reward,1.3540631532669067
14910,train/actor_loss,0.015132943168282509
14910,train/critic_loss,0.15301847457885742
14910,train/entropy,-8.354562759399414
14910,train/episode_length_steps,909.3944711658012
14910,train/fps,27703.46488368572
14920,train/reward,1.3605653047561646
14920,train/actor_loss,0.0226361732929945
14920,train/critic_loss,0.027786780148744583
14920,train/entropy,-8.323831558227539
14920,train/episode_length_steps,1363.4717399177655
14920,train/fps,27710.989416739856
14930,train/reward,1.3605977296829224
14930,train/actor_loss,0.013891777954995632
14930,train/critic_loss,0.1530628800392151
14930,train/entropy,-8.33625316619873
14930,train/episode_length_steps,1128.6557313446654
14930,train/fps,27718.61249605649
14940,train/reward,1.3587853908538818
14940,train/actor_loss,0.013700109906494617
14940,train/critic_loss,0.18987755477428436
14940,train/entropy,-8.274310111999512
14940,train/episode_length_steps,962.8367577976614
14940,train/fps,27726.08200346844
14950,train/reward,1.3596644401550293
14950,train/actor_loss,0.010315804742276669
14950,train/critic_loss,0.08933334797620773
14950,train/entropy,-8.247977256774902
14950,train/episode_length_steps,935.352867349791
14950,train/fps,27733.56076752184
14960,train/reward,1.3581116199493408
14960,train/actor_loss,0.010966782458126545
14960,train/critic_loss,0.06457054615020752
14960,train/entropy,-8.269432067871094
14960,train/episode_length_steps,991.9846862364063
14960,train/fps,27739.86837213018
14970,train/reward,1.354882001876831
14970,train/actor_loss,0.020452095195651054
14970,train/critic_loss,0.08344648033380508
14970,train/entropy,-8.256648063659668
14970,train/episode_length_steps,884.8379899660755
14970,train/fps,27747.489070885793
14980,train/reward,1.3571820259094238
14980,train/actor_loss,0.010608105920255184
14980,train/critic_loss,0.05683889612555504
14980,train/entropy,-8.21335506439209
14980,train/episode_length_steps,962.8367577976614
14980,train/fps,27755.080176795702
14990,train/reward,1.3596792221069336
14990,train/actor_loss,0.00695903692394495
14990,train/critic_loss,0.07212729007005692
14990,train/entropy,-8.2157564163208
14990,train/episode_length_steps,991.9846862364063
14990,train/fps,27762.677914491815
